x_dq,u_dq,w_dq,phi_dq,x_fem,u_fem,w_fem,phi_fem,x_pinn,u_pinn,w_pinn,phi_pinn
0.0000000000e+00,3.8727476938e-26,-5.8868992013e-29,1.6848568558e-27,0.0000000000e+00,0.0000000000e+00,0.0000000000e+00,0.0000000000e+00,0.0000000000e+00,0.0000000000e+00,0.0000000000e+00,0.0000000000e+00
5.0892790595e-03,1.1244394331e-04,-4.3528452803e-04,3.5408019329e-03,6.6666666667e-04,1.4807861563e-05,-3.6641444564e-05,4.7074344930e-04,5.0000000000e-03,1.1438343790e-04,-4.5526129543e-04,3.4579667263e-03
2.0253513193e-02,4.3096947744e-04,-3.7623191645e-03,1.3384600371e-02,1.3333333333e-03,2.9597259209e-05,-7.9477954341e-05,9.3939328330e-04,1.0000000000e-02,2.2473944409e-04,-1.2237718329e-03,6.8043521605e-03
4.5184002323e-02,8.5219332458e-04,-1.5167835353e-02,2.7372234347e-02,2.0000000000e-03,4.4365416694e-05,-1.2848173861e-04,1.4059537249e-03,1.5000000000e-02,3.3056779648e-04,-2.3031076416e-03,1.0040448047e-02
7.9373233584e-02,1.1307251084e-03,-4.0713311375e-02,4.2444591746e-02,2.6666666667e-03,5.9109596104e-05,-1.8362506277e-04,1.8704289909e-03,2.0000000000e-02,4.3140217895e-04,-3.6890925840e-03,1.3167550787e-02
1.2212521282e-01,9.5641278828e-04,-8.4506359201e-02,5.5296954138e-02,3.3333333333e-03,7.3827097581e-05,-2.4488024823e-04,2.3328232922e-03,2.5000000000e-02,5.2680651424e-04,-5.3760204464e-03,1.6186969355e-02
1.7256963303e-01,1.8048577396e-04,-1.4638860235e-01,6.3041788683e-02,4.0000000000e-03,8.8515259047e-05,-3.1221967235e-04,2.7931408339e-03,3.0000000000e-02,6.1637593899e-04,-7.3568024673e-03,1.9100015983e-02
2.2967959127e-01,-9.8150969393e-04,-2.2096736847e-01,6.3733026012e-02,4.6666666667e-03,1.0317145593e-04,-3.8561576838e-04,3.2513858147e-03,3.5000000000e-02,6.9973926293e-04,-9.6232406795e-03,2.1907998249e-02
2.9229249350e-01,-1.9776417414e-03,-2.9831442736e-01,5.6662578804e-02,5.3333333333e-03,1.1779310089e-04,-4.6504102533e-04,3.7075624277e-03,4.0000000000e-02,7.7655556379e-04,-1.2166243978e-02,2.4612253532e-02
3.5913372158e-01,-2.2180866365e-03,-3.6609440520e-01,4.2409850887e-02,6.0000000000e-03,1.3237764356e-04,-5.5046798793e-04,4.1616748598e-03,4.5000000000e-02,8.4653362865e-04,-1.4975976199e-02,2.7214091271e-02
4.2884258086e-01,-1.4590943668e-03,-4.1246892590e-01,2.2680781130e-02,6.6666666667e-03,1.4692257026e-04,-6.4186925654e-04,4.6137272923e-03,5.0000000000e-02,9.0939179063e-04,-1.8042132258e-02,2.9714837670e-02
5.0000000000e-01,1.7908577340e-16,-4.2895266680e-01,2.8646591448e-15,7.3333333333e-03,1.6142540373e-04,-7.3921748709e-04,5.0637239002e-03,5.5000000000e-02,9.6491526347e-04,-2.1354099736e-02,3.2115839422e-02
5.7115741914e-01,1.4590943668e-03,-4.1246892590e-01,-2.2680781130e-02,8.0000000000e-03,1.7588370287e-04,-8.4248539095e-04,5.5116688528e-03,6.0000000000e-02,1.0129036382e-03,-2.4901088327e-02,3.4418419003e-02
6.4086627842e-01,2.2180866365e-03,-3.6609440520e-01,-4.2409850887e-02,8.6666666667e-03,1.9029506249e-04,-9.5164573490e-04,5.9575663134e-03,6.5000000000e-02,1.0532150045e-03,-2.8672315180e-02,3.6623917520e-02
7.0770750650e-01,1.9776417414e-03,-2.9831442736e-01,-5.6662578804e-02,9.3333333333e-03,2.0465711300e-04,-1.0666713410e-03,6.4014204394e-03,7.0000000000e-02,1.0857199086e-03,-3.2657094300e-02,3.8733690977e-02
7.7032040873e-01,9.8150969393e-04,-2.2096736847e-01,-6.3733026012e-02,1.0000000000e-02,2.1896752021e-04,-1.1875350867e-03,6.8432353823e-03,7.5000000000e-02,1.1103488505e-03,-3.6844868213e-02,4.0749058127e-02
8.2743036697e-01,-1.8048577396e-04,-1.4638860235e-01,-6.3041788683e-02,1.0666666667e-02,2.3322398500e-04,-1.3142099044e-03,7.2830152879e-03,8.0000000000e-02,1.1270688847e-03,-4.1225455701e-02,4.2671374977e-02
8.7787478718e-01,-9.5641278828e-04,-8.4506359201e-02,-5.5296954138e-02,1.1333333333e-02,2.4742424311e-04,-1.4466687816e-03,7.7207642958e-03,8.5000000000e-02,1.1358578922e-03,-4.5788835734e-02,4.4502001256e-02
9.2062676642e-01,-1.1307251084e-03,-4.0713311375e-02,-4.2444591746e-02,1.2000000000e-02,2.6156606486e-04,-1.5848847610e-03,8.1564865399e-03,9.0000000000e-02,1.1367722182e-03,-5.0525404513e-02,4.6242248267e-02
9.5481599768e-01,-8.5219332458e-04,-1.5167835353e-02,-2.7372234347e-02,1.2666666667e-02,2.7564725491e-04,-1.7288309401e-03,8.5901861484e-03,9.5000000000e-02,1.1298815953e-03,-5.5425871164e-02,4.7893516719e-02
9.7974648681e-01,-4.3096947744e-04,-3.7623191645e-03,-1.3384600371e-02,1.3333333333e-02,2.8966565198e-04,-1.8784804711e-03,9.0218672435e-03,1.0000000000e-01,1.1152694933e-03,-6.0481201857e-02,4.9457099289e-02
9.9491072094e-01,-1.1244394331e-04,-4.3528452803e-04,-3.5408019329e-03,1.4000000000e-02,3.0361912858e-04,-2.0338065612e-03,9.4515339415e-03,1.0500000000e-01,1.0931100696e-03,-6.5682783723e-02,5.0934378058e-02
1.0000000000e+00,0.0000000000e+00,0.0000000000e+00,0.0000000000e+00,1.4666666667e-02,3.1750559083e-04,-2.1947824723e-03,9.8791903529e-03,1.1000000000e-01,1.0635630460e-03,-7.1022212505e-02,5.2326712757e-02
,,,,1.5333333333e-02,3.3132297811e-04,-2.3613815206e-03,1.0304840583e-02,1.1500000000e-01,1.0268321494e-03,-7.6491385698e-02,5.3635388613e-02
,,,,1.6000000000e-02,3.4506926289e-04,-2.5335770772e-03,1.0728488729e-02,1.2000000000e-01,9.8316546064e-04,-8.2082375884e-02,5.4861832410e-02
,,,,1.6666666667e-02,3.5874245043e-04,-2.7113425674e-03,1.1150138887e-02,1.2500000000e-01,9.3282310991e-04,-8.7787568569e-02,5.6007329375e-02
,,,,1.7333333333e-02,3.7234057854e-04,-2.8946514712e-03,1.1569795141e-02,1.3000000000e-01,8.7609956972e-04,-9.3599379063e-02,5.7073231786e-02
,,,,1.8000000000e-02,3.8586171735e-04,-3.0834773224e-03,1.1987461576e-02,1.3500000000e-01,8.1331183901e-04,-9.9510446191e-02,5.8060903102e-02
,,,,1.8666666667e-02,3.9930396906e-04,-3.2777937095e-03,1.2403142265e-02,1.4000000000e-01,7.4481382035e-04,-1.0551355034e-01,5.8971647173e-02
,,,,1.9333333333e-02,4.1266546766e-04,-3.4775742750e-03,1.2816841279e-02,1.4500000000e-01,6.7093066173e-04,-1.1160157621e-01,5.9806805104e-02
,,,,2.0000000000e-02,4.2594437874e-04,-3.6827927153e-03,1.3228562683e-02,1.5000000000e-01,5.9207715094e-04,-1.1776739359e-01,6.0567729175e-02
,,,,2.0666666667e-02,4.3913889921e-04,-3.8934227811e-03,1.3638310534e-02,1.5500000000e-01,5.0864333753e-04,-1.2400402874e-01,6.1255700886e-02
,,,,2.1333333333e-02,4.5224725707e-04,-4.1094382767e-03,1.4046088887e-02,1.6000000000e-01,4.2102948646e-04,-1.3030457497e-01,6.1872076243e-02
,,,,2.2000000000e-02,4.6526771115e-04,-4.3308130606e-03,1.4451901788e-02,1.6500000000e-01,3.2967040897e-04,-1.3666217029e-01,6.2418162823e-02
,,,,2.2666666667e-02,4.7819855092e-04,-4.5575210448e-03,1.4855753278e-02,1.7000000000e-01,2.3496935319e-04,-1.4306992292e-01,6.2895260751e-02
,,,,2.3333333333e-02,4.9103809619e-04,-4.7895361950e-03,1.5257647393e-02,1.7500000000e-01,1.3739254791e-04,-1.4952118695e-01,6.3304662704e-02
,,,,2.4000000000e-02,5.0378469692e-04,-5.0268325306e-03,1.5657588163e-02,1.8000000000e-01,3.7355373934e-05,-1.5600921214e-01,6.3647709787e-02
,,,,2.4666666667e-02,5.1643673297e-04,-5.2693841247e-03,1.6055579614e-02,1.8500000000e-01,-6.4684812969e-05,-1.6252732277e-01,6.3925631344e-02
,,,,2.5333333333e-02,5.2899261386e-04,-5.5171651036e-03,1.6451625762e-02,1.9000000000e-01,-1.6827863874e-04,-1.6906894743e-01,6.4139768481e-02
,,,,2.6000000000e-02,5.4145077853e-04,-5.7701496470e-03,1.6845730622e-02,1.9500000000e-01,-2.7300626971e-04,-1.7562775314e-01,6.4291380346e-02
,,,,2.6666666667e-02,5.5380969513e-04,-6.0283119881e-03,1.7237898200e-02,2.0000000000e-01,-3.7841859739e-04,-1.8219722807e-01,6.4381726086e-02
,,,,2.7333333333e-02,5.6606786078e-04,-6.2916264133e-03,1.7628132499e-02,2.0500000000e-01,-4.8409140436e-04,-1.8877103925e-01,6.4412102103e-02
,,,,2.8000000000e-02,5.7822380133e-04,-6.5600672620e-03,1.8016437514e-02,2.1000000000e-01,-5.8958720183e-04,-1.9534309208e-01,6.4383722842e-02
,,,,2.8666666667e-02,5.9027607113e-04,-6.8336089268e-03,1.8402817236e-02,2.1500000000e-01,-6.9452112075e-04,-2.0190732181e-01,6.4297847450e-02
,,,,2.9333333333e-02,6.0222325283e-04,-7.1122258535e-03,1.8787275651e-02,2.2000000000e-01,-7.9846812878e-04,-2.0845779777e-01,6.4155735075e-02
,,,,3.0000000000e-02,6.1406395712e-04,-7.3958925405e-03,1.9169816736e-02,2.2500000000e-01,-9.0103258844e-04,-2.1498851478e-01,6.3958570361e-02
,,,,3.0666666667e-02,6.2579682253e-04,-7.6845835392e-03,1.9550444467e-02,2.3000000000e-01,-1.0018676985e-03,-2.2149404883e-01,6.3707634807e-02
,,,,3.1333333333e-02,6.3742051520e-04,-7.9782734540e-03,1.9929162810e-02,2.3500000000e-01,-1.1005940614e-03,-2.2796875238e-01,6.3404098153e-02
,,,,3.2000000000e-02,6.4893372864e-04,-8.2769369416e-03,2.0305975729e-02,2.4000000000e-01,-1.1968798935e-03,-2.3440714180e-01,6.3049145043e-02
,,,,3.2666666667e-02,6.6033518352e-04,-8.5805487118e-03,2.0680887181e-02,2.4500000000e-01,-1.2903864263e-03,-2.4080418050e-01,6.2644042075e-02
,,,,3.3333333333e-02,6.7162362746e-04,-8.8890835267e-03,2.1053901116e-02,2.5000000000e-01,-1.3808179647e-03,-2.4715451896e-01,6.2189877033e-02
,,,,3.4000000000e-02,6.8279783481e-04,-9.2025162008e-03,2.1425021481e-02,2.5500000000e-01,-1.4678753214e-03,-2.5345352292e-01,6.1687912792e-02
,,,,3.4666666667e-02,6.9385660640e-04,-9.5208216014e-03,2.1794252217e-02,2.6000000000e-01,-1.5512795653e-03,-2.5969615579e-01,6.1139244586e-02
,,,,3.5333333333e-02,7.0479876936e-04,-9.8439746478e-03,2.2161597257e-02,2.6500000000e-01,-1.6307698097e-03,-2.6587793231e-01,6.0545045882e-02
,,,,3.6000000000e-02,7.1562317690e-04,-1.0171950312e-02,2.2527060532e-02,2.7000000000e-01,-1.7061430262e-03,-2.7199441195e-01,5.9906460345e-02
,,,,3.6666666667e-02,7.2632870807e-04,-1.0504723617e-02,2.2890645965e-02,2.7500000000e-01,-1.7771272687e-03,-2.7804100513e-01,5.9224594384e-02
,,,,3.7333333333e-02,7.3691426756e-04,-1.0842269640e-02,2.3252357474e-02,2.8000000000e-01,-1.8435921520e-03,-2.8401371837e-01,5.8500621468e-02
,,,,3.8000000000e-02,7.4737878549e-04,-1.1184563508e-02,2.3612198972e-02,2.8500000000e-01,-1.9052883144e-03,-2.8990840912e-01,5.7735599577e-02
,,,,3.8666666667e-02,7.5772121721e-04,-1.1531580402e-02,2.3970174366e-02,2.9000000000e-01,-1.9621173851e-03,-2.9572120309e-01,5.6930646300e-02
,,,,3.9333333333e-02,7.6794054306e-04,-1.1883295553e-02,2.4326287559e-02,2.9500000000e-01,-2.0138919353e-03,-3.0144846439e-01,5.6086853147e-02
,,,,4.0000000000e-02,7.7803576820e-04,-1.2239684246e-02,2.4680542447e-02,3.0000000000e-01,-2.0605109166e-03,-3.0708622932e-01,5.5205307901e-02
,,,,4.0666666667e-02,7.8800592234e-04,-1.2600721815e-02,2.5032942920e-02,3.0500000000e-01,-2.1018898115e-03,-3.1263116002e-01,5.4287046194e-02
,,,,4.1333333333e-02,7.9785005960e-04,-1.2966383649e-02,2.5383492865e-02,3.1000000000e-01,-2.1378705278e-03,-3.1807956100e-01,5.3333133459e-02
,,,,4.2000000000e-02,8.0756725828e-04,-1.3336645186e-02,2.5732196161e-02,3.1500000000e-01,-2.1684654057e-03,-3.2342860103e-01,5.2344612777e-02
,,,,4.2666666667e-02,8.1715662062e-04,-1.3711481917e-02,2.6079056683e-02,3.2000000000e-01,-2.1935682744e-03,-3.2867458463e-01,5.1322545856e-02
,,,,4.3333333333e-02,8.2661727267e-04,-1.4090869383e-02,2.6424078300e-02,3.2500000000e-01,-2.2131637670e-03,-3.3381465077e-01,5.0267916173e-02
,,,,4.4000000000e-02,8.3594836399e-04,-1.4474783177e-02,2.6767264876e-02,3.3000000000e-01,-2.2272032220e-03,-3.3884561062e-01,4.9181755632e-02
,,,,4.4666666667e-02,8.4514906755e-04,-1.4863198946e-02,2.7108620269e-02,3.3500000000e-01,-2.2356892005e-03,-3.4376496077e-01,4.8065047711e-02
,,,,4.5333333333e-02,8.5421857945e-04,-1.5256092383e-02,2.7448148333e-02,3.4000000000e-01,-2.2386675701e-03,-3.4856918454e-01,4.6918813139e-02
,,,,4.6000000000e-02,8.6315611876e-04,-1.5653439237e-02,2.7785852915e-02,3.4500000000e-01,-2.2360850126e-03,-3.5325616598e-01,4.5744020492e-02
,,,,4.6666666667e-02,8.7196092731e-04,-1.6055215305e-02,2.8121737858e-02,3.5000000000e-01,-2.2280358244e-03,-3.5782286525e-01,4.4541642070e-02
,,,,4.7333333333e-02,8.8063226950e-04,-1.6461396437e-02,2.8455806999e-02,3.5500000000e-01,-2.2145139519e-03,-3.6226701736e-01,4.3312605470e-02
,,,,4.8000000000e-02,8.8916943208e-04,-1.6871958534e-02,2.8788064168e-02,3.6000000000e-01,-2.1956169512e-03,-3.6658582091e-01,4.2057927698e-02
,,,,4.8666666667e-02,8.9757172399e-04,-1.7286877545e-02,2.9118513193e-02,3.6500000000e-01,-2.1713783499e-03,-3.7077677250e-01,4.0778543800e-02
,,,,4.9333333333e-02,9.0583847614e-04,-1.7706129474e-02,2.9447157895e-02,3.7000000000e-01,-2.1419399418e-03,-3.7483793497e-01,3.9475318044e-02
,,,,5.0000000000e-02,9.1396904123e-04,-1.8129690373e-02,2.9774002089e-02,3.7500000000e-01,-2.1073212847e-03,-3.7876665592e-01,3.8149226457e-02
,,,,5.0666666667e-02,9.2196279353e-04,-1.8557536345e-02,3.0099049585e-02,3.8000000000e-01,-2.0676688291e-03,-3.8256078959e-01,3.6801189184e-02
,,,,5.1333333333e-02,9.2981912874e-04,-1.8989643544e-02,3.0422304188e-02,3.8500000000e-01,-2.0230482332e-03,-3.8621830940e-01,3.5432115197e-02
,,,,5.2000000000e-02,9.3753746374e-04,-1.9425988175e-02,3.0743769699e-02,3.9000000000e-01,-1.9736206159e-03,-3.8973715901e-01,3.4042920917e-02
,,,,5.2666666667e-02,9.4511723644e-04,-1.9866546493e-02,3.1063449912e-02,3.9500000000e-01,-1.9195127534e-03,-3.9311513305e-01,3.2634448260e-02
,,,,5.3333333333e-02,9.5255790559e-04,-2.0311294804e-02,3.1381348616e-02,4.0000000000e-01,-1.8608424580e-03,-3.9635041356e-01,3.1207624823e-02
,,,,5.4000000000e-02,9.5985895057e-04,-2.0760209463e-02,3.1697469594e-02,4.0500000000e-01,-1.7977727111e-03,-3.9944118261e-01,2.9763320461e-02
,,,,5.4666666667e-02,9.6701987123e-04,-2.1213266876e-02,3.2011816626e-02,4.1000000000e-01,-1.7304335488e-03,-4.0238574147e-01,2.8302431107e-02
,,,,5.5333333333e-02,9.7404018767e-04,-2.1670443500e-02,3.2324393485e-02,4.1500000000e-01,-1.6589824809e-03,-4.0518209338e-01,2.6825804263e-02
,,,,5.6000000000e-02,9.8091944010e-04,-2.2131715841e-02,3.2635203939e-02,4.2000000000e-01,-1.5836365055e-03,-4.0782889724e-01,2.5334296748e-02
,,,,5.6666666667e-02,9.8765718861e-04,-2.2597060455e-02,3.2944251752e-02,4.2500000000e-01,-1.5045239124e-03,-4.1032433510e-01,2.3828778416e-02
,,,,5.7333333333e-02,9.9425301304e-04,-2.3066453949e-02,3.3251540680e-02,4.3000000000e-01,-1.4218186261e-03,-4.1266721487e-01,2.2310081869e-02
,,,,5.8000000000e-02,1.0007065127e-03,-2.3539872980e-02,3.3557074477e-02,4.3500000000e-01,-1.3357544085e-03,-4.1485580802e-01,2.0779097453e-02
,,,,5.8666666667e-02,1.0070173064e-03,-2.4017294253e-02,3.3860856890e-02,4.4000000000e-01,-1.2464715401e-03,-4.1688901186e-01,1.9236655906e-02
,,,,5.9333333333e-02,1.0131850320e-03,-2.4498694524e-02,3.4162891662e-02,4.4500000000e-01,-1.1542577995e-03,-4.1876563430e-01,1.7683560029e-02
,,,,6.0000000000e-02,1.0192093464e-03,-2.4984050600e-02,3.4463182528e-02,4.5000000000e-01,-1.0591996834e-03,-4.2048424482e-01,1.6120700166e-02
,,,,6.0666666667e-02,1.0250899253e-03,-2.5473339335e-02,3.4761733221e-02,4.5500000000e-01,-9.6159370150e-04,-4.2204397917e-01,1.4548859559e-02
,,,,6.1333333333e-02,1.0308264631e-03,-2.5966537635e-02,3.5058547468e-02,4.6000000000e-01,-8.6163327796e-04,-4.2344397306e-01,1.2968957424e-02
,,,,6.2000000000e-02,1.0364186726e-03,-2.6463622454e-02,3.5353628990e-02,4.6500000000e-01,-7.5952633051e-04,-4.2468300462e-01,1.1381740682e-02
,,,,6.2666666667e-02,1.0418662849e-03,-2.6964570796e-02,3.5646981504e-02,4.7000000000e-01,-6.5553549211e-04,-4.2576056719e-01,9.7881034017e-03
,,,,6.3333333333e-02,1.0471690494e-03,-2.7469359714e-02,3.5938608721e-02,4.7500000000e-01,-5.4986332543e-04,-4.2667579651e-01,8.1888269633e-03
,,,,6.4000000000e-02,1.0523267331e-03,-2.7977966311e-02,3.6228514346e-02,4.8000000000e-01,-4.4275546679e-04,-4.2742812634e-01,6.5847910009e-03
,,,,6.4666666667e-02,1.0573391212e-03,-2.8490367738e-02,3.6516702082e-02,4.8500000000e-01,-3.3445979352e-04,-4.2801699042e-01,4.9767936580e-03
,,,,6.5333333333e-02,1.0622060161e-03,-2.9006541196e-02,3.6803175623e-02,4.9000000000e-01,-2.2518096375e-04,-4.2844188213e-01,3.3656605519e-03
,,,,6.6000000000e-02,1.0669272379e-03,-2.9526463936e-02,3.7087938662e-02,4.9500000000e-01,-1.1521819397e-04,-4.2870274186e-01,1.7522652633e-03
,,,,6.6666666667e-02,1.0715026239e-03,-3.0050113257e-02,3.7370994883e-02,5.0000000000e-01,-4.8121146392e-06,-4.2879915237e-01,1.3740058057e-04
,,,,6.7333333333e-02,1.0759320284e-03,-3.0577466506e-02,3.7652347967e-02,5.0500000000e-01,1.0581097013e-04,-4.2873081565e-01,-1.4780745842e-03
,,,,6.8000000000e-02,1.0802153228e-03,-3.1108501081e-02,3.7932001590e-02,5.1000000000e-01,2.1636491874e-04,-4.2849802971e-01,-3.0933024827e-03
,,,,6.8666666667e-02,1.0843523952e-03,-3.1643194427e-02,3.8209959422e-02,5.1500000000e-01,3.2662705053e-04,-4.2810064554e-01,-4.7074612230e-03
,,,,6.9333333333e-02,1.0883431502e-03,-3.2181524039e-02,3.8486225129e-02,5.2000000000e-01,4.3630067375e-04,-4.2753887177e-01,-6.3197207637e-03
,,,,7.0000000000e-02,1.0921875089e-03,-3.2723467460e-02,3.8760802371e-02,5.2500000000e-01,5.4514961084e-04,-4.2681303620e-01,-7.9292068258e-03
,,,,7.0666666667e-02,1.0958854087e-03,-3.3269002281e-02,3.9033694804e-02,5.3000000000e-01,6.5287592588e-04,-4.2592316866e-01,-9.5350798219e-03
,,,,7.1333333333e-02,1.0994368031e-03,-3.3818106144e-02,3.9304906078e-02,5.3500000000e-01,7.5925391866e-04,-4.2487034202e-01,-1.1136470363e-02
,,,,7.2000000000e-02,1.1028416616e-03,-3.4370756738e-02,3.9574439839e-02,5.4000000000e-01,8.6401152657e-04,-4.2365455627e-01,-1.2732544914e-02
,,,,7.2666666667e-02,1.1060999693e-03,-3.4926931798e-02,3.9842299727e-02,5.4500000000e-01,9.6689804923e-04,-4.2227667570e-01,-1.4322363771e-02
,,,,7.3333333333e-02,1.1092117271e-03,-3.5486609112e-02,4.0108489376e-02,5.5000000000e-01,1.0676028905e-03,-4.2073753476e-01,-1.5905136243e-02
,,,,7.4000000000e-02,1.1121769513e-03,-3.6049766514e-02,4.0373012419e-02,5.5500000000e-01,1.1659479933e-03,-4.1903796792e-01,-1.7479907721e-02
,,,,7.4666666667e-02,1.1149956735e-03,-3.6616381884e-02,4.0635872480e-02,5.6000000000e-01,1.2616482563e-03,-4.1717869043e-01,-1.9045853987e-02
,,,,7.5333333333e-02,1.1176679405e-03,-3.7186433154e-02,4.0897073179e-02,5.6500000000e-01,1.3544012327e-03,-4.1516095400e-01,-2.0602075383e-02
,,,,7.6000000000e-02,1.1201938141e-03,-3.7759898303e-02,4.1156618133e-02,5.7000000000e-01,1.4440190280e-03,-4.1298606992e-01,-2.2147644311e-02
,,,,7.6666666667e-02,1.1225733707e-03,-3.8336755356e-02,4.1414510951e-02,5.7500000000e-01,1.5302090906e-03,-4.1065481305e-01,-2.3681659251e-02
,,,,7.7333333333e-02,1.1248067018e-03,-3.8916982388e-02,4.1670755239e-02,5.8000000000e-01,1.6128373099e-03,-4.0816897154e-01,-2.5203235447e-02
,,,,7.8000000000e-02,1.1268939130e-03,-3.9500557521e-02,4.1925354599e-02,5.8500000000e-01,1.6915574670e-03,-4.0552958846e-01,-2.6711398736e-02
,,,,7.8666666667e-02,1.1288351247e-03,-4.0087458927e-02,4.2178312625e-02,5.9000000000e-01,1.7662181053e-03,-4.0273851156e-01,-2.8205318376e-02
,,,,7.9333333333e-02,1.1306304712e-03,-4.0677664821e-02,4.2429632909e-02,5.9500000000e-01,1.8365874421e-03,-3.9979702234e-01,-2.9683966190e-02
,,,,8.0000000000e-02,1.1322801009e-03,-4.1271153471e-02,4.2679319037e-02,6.0000000000e-01,1.9024129724e-03,-3.9670699835e-01,-3.1146433204e-02
,,,,8.0666666667e-02,1.1337841763e-03,-4.1867903190e-02,4.2927374590e-02,6.0500000000e-01,1.9635781646e-03,-3.9347040653e-01,-3.2591763884e-02
,,,,8.1333333333e-02,1.1351428735e-03,-4.2467892337e-02,4.3173803143e-02,6.1000000000e-01,2.0198596176e-03,-3.9008867741e-01,-3.4019023180e-02
,,,,8.2000000000e-02,1.1363563824e-03,-4.3071099323e-02,4.3418608269e-02,6.1500000000e-01,2.0710991230e-03,-3.8656407595e-01,-3.5427186638e-02
,,,,8.2666666667e-02,1.1374249062e-03,-4.3677502601e-02,4.3661793533e-02,6.2000000000e-01,2.1171190310e-03,-3.8289859891e-01,-3.6815371364e-02
,,,,8.3333333333e-02,1.1383486615e-03,-4.4287080677e-02,4.3903362497e-02,6.2500000000e-01,2.1577926818e-03,-3.7909424305e-01,-3.8182489574e-02
,,,,8.4000000000e-02,1.1391278780e-03,-4.4899812099e-02,4.4143318719e-02,6.3000000000e-01,2.1929529030e-03,-3.7515348196e-01,-3.9527621120e-02
,,,,8.4666666667e-02,1.1397627986e-03,-4.5515675466e-02,4.4381665750e-02,6.3500000000e-01,2.2225263529e-03,-3.7107816339e-01,-4.0849730372e-02
,,,,8.5333333333e-02,1.1402536790e-03,-4.6134649423e-02,4.4618407136e-02,6.4000000000e-01,2.2463789210e-03,-3.6687123775e-01,-4.2147837579e-02
,,,,8.6000000000e-02,1.1406007877e-03,-4.6756712662e-02,4.4853546421e-02,6.4500000000e-01,2.2644624114e-03,-3.6253476143e-01,-4.3420892209e-02
,,,,8.6666666667e-02,1.1408044057e-03,-4.7381843921e-02,4.5087087141e-02,6.5000000000e-01,2.2766496986e-03,-3.5807147622e-01,-4.4667873532e-02
,,,,8.7333333333e-02,1.1408648264e-03,-4.8010021988e-02,4.5319032830e-02,6.5500000000e-01,2.2828988731e-03,-3.5348397493e-01,-4.5887790620e-02
,,,,8.8000000000e-02,1.1407823559e-03,-4.8641225694e-02,4.5549387015e-02,6.6000000000e-01,2.2832383402e-03,-3.4877496958e-01,-4.7079555690e-02
,,,,8.8666666667e-02,1.1405573120e-03,-4.9275433920e-02,4.5778153219e-02,6.6500000000e-01,2.2775859106e-03,-3.4394723177e-01,-4.8242121935e-02
,,,,8.9333333333e-02,1.1401900249e-03,-4.9912625592e-02,4.6005334961e-02,6.7000000000e-01,2.2660028189e-03,-3.3900389075e-01,-4.9374468625e-02
,,,,9.0000000000e-02,1.1396808365e-03,-5.0552779684e-02,4.6230935754e-02,6.7500000000e-01,2.2484543733e-03,-3.3394768834e-01,-5.0475459546e-02
,,,,9.0666666667e-02,1.1390301005e-03,-5.1195875216e-02,4.6454959107e-02,6.8000000000e-01,2.2249831818e-03,-3.2878181338e-01,-5.1544073969e-02
,,,,9.1333333333e-02,1.1382381824e-03,-5.1841891254e-02,4.6677408523e-02,6.8500000000e-01,2.1956861019e-03,-3.2350939512e-01,-5.2579216659e-02
,,,,9.2000000000e-02,1.1373054588e-03,-5.2490806912e-02,4.6898287503e-02,6.9000000000e-01,2.1606504451e-03,-3.1813374162e-01,-5.3579818457e-02
,,,,9.2666666667e-02,1.1362323182e-03,-5.3142601349e-02,4.7117599540e-02,6.9500000000e-01,2.1199225448e-03,-3.1265825033e-01,-5.4544750601e-02
,,,,9.3333333333e-02,1.1350191598e-03,-5.3797253771e-02,4.7335348125e-02,7.0000000000e-01,2.0737163723e-03,-3.0708634853e-01,-5.5472910404e-02
,,,,9.4000000000e-02,1.1336663941e-03,-5.4454743432e-02,4.7551536742e-02,7.0500000000e-01,2.0220533479e-03,-3.0142161250e-01,-5.6363202631e-02
,,,,9.4666666667e-02,1.1321744427e-03,-5.5115049629e-02,4.7766168873e-02,7.1000000000e-01,1.9651842304e-03,-2.9566800594e-01,-5.7214509696e-02
,,,,9.5333333333e-02,1.1305437379e-03,-5.5778151708e-02,4.7979247992e-02,7.1500000000e-01,1.9032782875e-03,-2.8982883692e-01,-5.8025736362e-02
,,,,9.6000000000e-02,1.1287747225e-03,-5.6444029060e-02,4.8190777571e-02,7.2000000000e-01,1.8364841817e-03,-2.8390815854e-01,-5.8795675635e-02
,,,,9.6666666667e-02,1.1268678501e-03,-5.7112661122e-02,4.8400761076e-02,7.2500000000e-01,1.7650681548e-03,-2.7791011333e-01,-5.9523262084e-02
,,,,9.7333333333e-02,1.1248235846e-03,-5.7784027377e-02,4.8609201968e-02,7.3000000000e-01,1.6892536078e-03,-2.7183872461e-01,-6.0207311064e-02
,,,,9.8000000000e-02,1.1226424004e-03,-5.8458107355e-02,4.8816103706e-02,7.3500000000e-01,1.6092886217e-03,-2.6569828391e-01,-6.0846697539e-02
,,,,9.8666666667e-02,1.1203247818e-03,-5.9134880631e-02,4.9021469740e-02,7.4000000000e-01,1.5254623722e-03,-2.5949320197e-01,-6.1440244317e-02
,,,,9.9333333333e-02,1.1178712232e-03,-5.9814326826e-02,4.9225303520e-02,7.4500000000e-01,1.4380404027e-03,-2.5322780013e-01,-6.1986807734e-02
,,,,1.0000000000e-01,1.1152822291e-03,-6.0496425607e-02,4.9427608487e-02,7.5000000000e-01,1.3473217841e-03,-2.4690681696e-01,-6.2485266477e-02
,,,,1.0066666667e-01,1.1125583136e-03,-6.1181156687e-02,4.9628388081e-02,7.5500000000e-01,1.2536154827e-03,-2.4053503573e-01,-6.2934383750e-02
,,,,1.0133333333e-01,1.1097000005e-03,-6.1868499823e-02,4.9827645736e-02,7.6000000000e-01,1.1572940275e-03,-2.3411718011e-01,-6.3333041966e-02
,,,,1.0200000000e-01,1.1067078231e-03,-6.2558434820e-02,5.0025384880e-02,7.6500000000e-01,1.0586446151e-03,-2.2765843570e-01,-6.3680015504e-02
,,,,1.0266666667e-01,1.1035823243e-03,-6.3250941527e-02,5.0221608938e-02,7.7000000000e-01,9.5804326702e-04,-2.2116357088e-01,-6.3974209130e-02
,,,,1.0333333333e-01,1.1003240561e-03,-6.3945999838e-02,5.0416321330e-02,7.7500000000e-01,8.5585581837e-04,-2.1463829279e-01,-6.4214348793e-02
,,,,1.0400000000e-01,1.0969335796e-03,-6.4643589696e-02,5.0609525473e-02,7.8000000000e-01,7.5244787149e-04,-2.0808784664e-01,-6.4399302006e-02
,,,,1.0466666667e-01,1.0934114652e-03,-6.5343691084e-02,5.0801224776e-02,7.8500000000e-01,6.4818956889e-04,-2.0151768625e-01,-6.4527876675e-02
,,,,1.0533333333e-01,1.0897582921e-03,-6.6046284035e-02,5.0991422646e-02,7.9000000000e-01,5.4347008700e-04,-1.9493354857e-01,-6.4598888159e-02
,,,,1.0600000000e-01,1.0859746482e-03,-6.6751348623e-02,5.1180122485e-02,7.9500000000e-01,4.3863683823e-04,-1.8834154308e-01,-6.4611136913e-02
,,,,1.0666666667e-01,1.0820611302e-03,-6.7458864972e-02,5.1367327690e-02,8.0000000000e-01,3.3417044324e-04,-1.8174736202e-01,-6.4563438296e-02
,,,,1.0733333333e-01,1.0780183433e-03,-6.8168813247e-02,5.1553041654e-02,8.0500000000e-01,2.3038186191e-04,-1.7515723407e-01,-6.4454607666e-02
,,,,1.0800000000e-01,1.0738469013e-03,-6.8881173661e-02,5.1737267765e-02,8.1000000000e-01,1.2772530317e-04,-1.6857725382e-01,-6.4283423126e-02
,,,,1.0866666667e-01,1.0695474261e-03,-6.9595926469e-02,5.1920009407e-02,8.1500000000e-01,2.6554593205e-05,-1.6201411188e-01,-6.4048722386e-02
,,,,1.0933333333e-01,1.0651205478e-03,-7.0313051973e-02,5.2101269959e-02,8.2000000000e-01,-7.2714181442e-05,-1.5547409654e-01,-6.3749313354e-02
,,,,1.1000000000e-01,1.0605669050e-03,-7.1032530521e-02,5.2281052796e-02,8.2500000000e-01,-1.6971772129e-04,-1.4896398783e-01,-6.3383944333e-02
,,,,1.1066666667e-01,1.0558871437e-03,-7.1754342502e-02,5.2459361287e-02,8.3000000000e-01,-2.6407392579e-04,-1.4249068499e-01,-6.2951505184e-02
,,,,1.1133333333e-01,1.0510819183e-03,-7.2478468354e-02,5.2636198799e-02,8.3500000000e-01,-3.5531970207e-04,-1.3606099784e-01,-6.2450766563e-02
,,,,1.1200000000e-01,1.0461518905e-03,-7.3204888557e-02,5.2811568693e-02,8.4000000000e-01,-4.4321868336e-04,-1.2968207896e-01,-6.1880532652e-02
,,,,1.1266666667e-01,1.0410977300e-03,-7.3933583637e-02,5.2985474325e-02,8.4500000000e-01,-5.2729056915e-04,-1.2336102128e-01,-6.1239603907e-02
,,,,1.1333333333e-01,1.0359201137e-03,-7.4664534162e-02,5.3157919048e-02,8.5000000000e-01,-6.0726958327e-04,-1.1710536480e-01,-6.0526836663e-02
,,,,1.1400000000e-01,1.0306197261e-03,-7.5397720749e-02,5.3328906210e-02,8.5500000000e-01,-6.8276026286e-04,-1.1092249304e-01,-5.9741038829e-02
,,,,1.1466666667e-01,1.0251972591e-03,-7.6133124056e-02,5.3498439154e-02,8.6000000000e-01,-7.5345142977e-04,-1.0482002795e-01,-5.8880984783e-02
,,,,1.1533333333e-01,1.0196534116e-03,-7.6870724787e-02,5.3666521219e-02,8.6500000000e-01,-8.1900961231e-04,-9.8805613816e-02,-5.7945527136e-02
,,,,1.1600000000e-01,1.0139888896e-03,-7.7610503688e-02,5.3833155740e-02,8.7000000000e-01,-8.7917270139e-04,-9.2886902392e-02,-5.6933499873e-02
,,,,1.1666666667e-01,1.0082044062e-03,-7.8352441554e-02,5.3998346046e-02,8.7500000000e-01,-9.3363068299e-04,-8.7071992457e-02,-5.5843695998e-02
,,,,1.1733333333e-01,1.0023006812e-03,-7.9096519218e-02,5.4162095465e-02,8.8000000000e-01,-9.8209944554e-04,-8.1368841231e-02,-5.4674971849e-02
,,,,1.1800000000e-01,9.9627844121e-04,-7.9842717563e-02,5.4324407316e-02,8.8500000000e-01,-1.0243442375e-03,-7.5785495341e-02,-5.3426153958e-02
,,,,1.1866666667e-01,9.9013841956e-04,-8.0591017512e-02,5.4485284918e-02,8.9000000000e-01,-1.0601108661e-03,-7.0330262184e-02,-5.2096098661e-02
,,,,1.1933333333e-01,9.8388135606e-04,-8.1341400035e-02,5.4644731582e-02,8.9500000000e-01,-1.0892166756e-03,-6.5011307597e-02,-5.0683628768e-02
,,,,1.2000000000e-01,9.7750799696e-04,-8.2093846144e-02,5.4802750617e-02,9.0000000000e-01,-1.1114443187e-03,-5.9837102890e-02,-4.9187596887e-02
,,,,1.2066666667e-01,9.7101909484e-04,-8.2848336895e-02,5.4959345326e-02,9.0500000000e-01,-1.1266195215e-03,-5.4815843701e-02,-4.7606851906e-02
,,,,1.2133333333e-01,9.6441540850e-04,-8.3604853389e-02,5.5114519010e-02,9.1000000000e-01,-1.1345624225e-03,-4.9956079572e-02,-4.5940265059e-02
,,,,1.2200000000e-01,9.5769770287e-04,-8.4363376771e-02,5.5268274964e-02,9.1500000000e-01,-1.1351662688e-03,-4.5266542584e-02,-4.4186692685e-02
,,,,1.2266666667e-01,9.5086674891e-04,-8.5123888228e-02,5.5420616478e-02,9.2000000000e-01,-1.1283293134e-03,-4.0755722672e-02,-4.2345024645e-02
,,,,1.2333333333e-01,9.4392332346e-04,-8.5886368992e-02,5.5571546839e-02,9.2500000000e-01,-1.1139311828e-03,-3.6432091147e-02,-4.0414135903e-02
,,,,1.2400000000e-01,9.3686820920e-04,-8.6650800339e-02,5.5721069328e-02,9.3000000000e-01,-1.0919180932e-03,-3.2304607332e-02,-3.8392864168e-02
,,,,1.2466666667e-01,9.2970219453e-04,-8.7417163587e-02,5.5869187225e-02,9.3500000000e-01,-1.0622362606e-03,-2.8381798416e-02,-3.6280158907e-02
,,,,1.2533333333e-01,9.2242607343e-04,-8.8185440100e-02,5.6015903803e-02,9.4000000000e-01,-1.0248726467e-03,-2.4672454223e-02,-3.4074872732e-02
,,,,1.2600000000e-01,9.1504064542e-04,-8.8955611283e-02,5.6161222330e-02,9.4500000000e-01,-9.7981770523e-04,-2.1185318008e-02,-3.1775951385e-02
,,,,1.2666666667e-01,9.0754671542e-04,-8.9727658585e-02,5.6305146073e-02,9.5000000000e-01,-9.2711223988e-04,-1.7929183319e-02,-2.9382273555e-02
,,,,1.2733333333e-01,8.9994509366e-04,-9.0501563500e-02,5.6447678291e-02,9.5500000000e-01,-8.6677720537e-04,-1.4912811108e-02,-2.6892747730e-02
,,,,1.2800000000e-01,8.9223659559e-04,-9.1277307564e-02,5.6588822242e-02,9.6000000000e-01,-7.9889461631e-04,-1.2144994922e-02,-2.4306330830e-02
,,,,1.2866666667e-01,8.8442204179e-04,-9.2054872355e-02,5.6728581177e-02,9.6500000000e-01,-7.2355609154e-04,-9.6345040947e-03,-2.1621931344e-02
,,,,1.2933333333e-01,8.7650225784e-04,-9.2834239498e-02,5.6866958344e-02,9.7000000000e-01,-6.4088182990e-04,-7.3900707066e-03,-1.8838476390e-02
,,,,1.3000000000e-01,8.6847807426e-04,-9.3615390656e-02,5.7003956988e-02,9.7500000000e-01,-5.5100105237e-04,-5.4205455817e-03,-1.5954967588e-02
,,,,1.3066666667e-01,8.6035032640e-04,-9.4398307540e-02,5.7139580348e-02,9.8000000000e-01,-4.5408494771e-04,-3.7345814053e-03,-1.2970334850e-02
,,,,1.3133333333e-01,8.5211985432e-04,-9.5182971901e-02,5.7273831659e-02,9.8500000000e-01,-3.5030912841e-04,-2.3409218993e-03,-9.8835397512e-03
,,,,1.3200000000e-01,8.4378750276e-04,-9.5969365533e-02,5.7406714152e-02,9.9000000000e-01,-2.3988282192e-04,-1.2481837766e-03,-6.6935657524e-03
,,,,1.3266666667e-01,8.3535412097e-04,-9.6757470276e-02,5.7538231054e-02,9.9500000000e-01,-1.2303092808e-04,-4.6501492034e-04,-3.3993874677e-03
,,,,1.3333333333e-01,8.2682056268e-04,-9.7547268008e-02,5.7668385589e-02,1.0000000000e+00,0.0000000000e+00,0.0000000000e+00,0.0000000000e+00
,,,,1.3400000000e-01,8.1818768598e-04,-9.8338740654e-02,5.7797180973e-02,,,,
,,,,1.3466666667e-01,8.0945635320e-04,-9.9131870180e-02,5.7924620423e-02,,,,
,,,,1.3533333333e-01,8.0062743089e-04,-9.9926638594e-02,5.8050707147e-02,,,,
,,,,1.3600000000e-01,7.9170178965e-04,-1.0072302795e-01,5.8175444353e-02,,,,
,,,,1.3666666667e-01,7.8268030411e-04,-1.0152102034e-01,5.8298835241e-02,,,,
,,,,1.3733333333e-01,7.7356385278e-04,-1.0232059790e-01,5.8420883010e-02,,,,
,,,,1.3800000000e-01,7.6435331800e-04,-1.0312174280e-01,5.8541590853e-02,,,,
,,,,1.3866666667e-01,7.5504958585e-04,-1.0392443728e-01,5.8660961960e-02,,,,
,,,,1.3933333333e-01,7.4565354605e-04,-1.0472866360e-01,5.8778999515e-02,,,,
,,,,1.4000000000e-01,7.3616609186e-04,-1.0553440405e-01,5.8895706701e-02,,,,
,,,,1.4066666667e-01,7.2658812003e-04,-1.0634164100e-01,5.9011086695e-02,,,,
,,,,1.4133333333e-01,7.1692053068e-04,-1.0715035682e-01,5.9125142668e-02,,,,
,,,,1.4200000000e-01,7.0716422725e-04,-1.0796053396e-01,5.9237877791e-02,,,,
,,,,1.4266666667e-01,6.9732011636e-04,-1.0877215489e-01,5.9349295229e-02,,,,
,,,,1.4333333333e-01,6.8738910779e-04,-1.0958520212e-01,5.9459398141e-02,,,,
,,,,1.4400000000e-01,6.7737211436e-04,-1.1039965821e-01,5.9568189686e-02,,,,
,,,,1.4466666667e-01,6.6727005183e-04,-1.1121550577e-01,5.9675673015e-02,,,,
,,,,1.4533333333e-01,6.5708383888e-04,-1.1203272744e-01,5.9781851277e-02,,,,
,,,,1.4600000000e-01,6.4681439695e-04,-1.1285130589e-01,5.9886727617e-02,,,,
,,,,1.4666666667e-01,6.3646265023e-04,-1.1367122387e-01,5.9990305176e-02,,,,
,,,,1.4733333333e-01,6.2602952553e-04,-1.1449246412e-01,6.0092587090e-02,,,,
,,,,1.4800000000e-01,6.1551595222e-04,-1.1531500948e-01,6.0193576492e-02,,,,
,,,,1.4866666667e-01,6.0492286214e-04,-1.1613884278e-01,6.0293276510e-02,,,,
,,,,1.4933333333e-01,5.9425118955e-04,-1.1696394692e-01,6.0391690270e-02,,,,
,,,,1.5000000000e-01,5.8350187100e-04,-1.1779030483e-01,6.0488820891e-02,,,,
,,,,1.5066666667e-01,5.7267584530e-04,-1.1861789949e-01,6.0584671490e-02,,,,
,,,,1.5133333333e-01,5.6177405342e-04,-1.1944671392e-01,6.0679245180e-02,,,,
,,,,1.5200000000e-01,5.5079743842e-04,-1.2027673117e-01,6.0772545070e-02,,,,
,,,,1.5266666667e-01,5.3974694538e-04,-1.2110793434e-01,6.0864574265e-02,,,,
,,,,1.5333333333e-01,5.2862352128e-04,-1.2194030658e-01,6.0955335865e-02,,,,
,,,,1.5400000000e-01,5.1742811501e-04,-1.2277383107e-01,6.1044832968e-02,,,,
,,,,1.5466666667e-01,5.0616167720e-04,-1.2360849103e-01,6.1133068666e-02,,,,
,,,,1.5533333333e-01,4.9482516023e-04,-1.2444426972e-01,6.1220046048e-02,,,,
,,,,1.5600000000e-01,4.8341951808e-04,-1.2528115045e-01,6.1305768201e-02,,,,
,,,,1.5666666667e-01,4.7194570633e-04,-1.2611911657e-01,6.1390238204e-02,,,,
,,,,1.5733333333e-01,4.6040468201e-04,-1.2695815147e-01,6.1473459136e-02,,,,
,,,,1.5800000000e-01,4.4879740362e-04,-1.2779823856e-01,6.1555434069e-02,,,,
,,,,1.5866666667e-01,4.3712483098e-04,-1.2863936133e-01,6.1636166075e-02,,,,
,,,,1.5933333333e-01,4.2538792517e-04,-1.2948150327e-01,6.1715658217e-02,,,,
,,,,1.6000000000e-01,4.1358764851e-04,-1.3032464795e-01,6.1793913560e-02,,,,
,,,,1.6066666667e-01,4.0172496445e-04,-1.3116877895e-01,6.1870935159e-02,,,,
,,,,1.6133333333e-01,3.8980083749e-04,-1.3201387991e-01,6.1946726071e-02,,,,
,,,,1.6200000000e-01,3.7781623314e-04,-1.3285993449e-01,6.2021289344e-02,,,,
,,,,1.6266666667e-01,3.6577211784e-04,-1.3370692641e-01,6.2094628027e-02,,,,
,,,,1.6333333333e-01,3.5366945889e-04,-1.3455483942e-01,6.2166745161e-02,,,,
,,,,1.6400000000e-01,3.4150922438e-04,-1.3540365732e-01,6.2237643785e-02,,,,
,,,,1.6466666667e-01,3.2929238314e-04,-1.3625336393e-01,6.2307326936e-02,,,,
,,,,1.6533333333e-01,3.1701990466e-04,-1.3710394315e-01,6.2375797643e-02,,,,
,,,,1.6600000000e-01,3.0469275900e-04,-1.3795537887e-01,6.2443058936e-02,,,,
,,,,1.6666666667e-01,2.9231191678e-04,-1.3880765505e-01,6.2509113837e-02,,,,
,,,,1.6733333333e-01,2.7987834907e-04,-1.3966075570e-01,6.2573965368e-02,,,,
,,,,1.6800000000e-01,2.6739302734e-04,-1.4051466484e-01,6.2637616543e-02,,,,
,,,,1.6866666667e-01,2.5485692340e-04,-1.4136936654e-01,6.2700070376e-02,,,,
,,,,1.6933333333e-01,2.4227100934e-04,-1.4222484494e-01,6.2761329876e-02,,,,
,,,,1.7000000000e-01,2.2963625744e-04,-1.4308108417e-01,6.2821398048e-02,,,,
,,,,1.7066666667e-01,2.1695364015e-04,-1.4393806843e-01,6.2880277893e-02,,,,
,,,,1.7133333333e-01,2.0422412998e-04,-1.4479578197e-01,6.2937972409e-02,,,,
,,,,1.7200000000e-01,1.9144869950e-04,-1.4565420905e-01,6.2994484591e-02,,,,
,,,,1.7266666667e-01,1.7862832120e-04,-1.4651333398e-01,6.3049817427e-02,,,,
,,,,1.7333333333e-01,1.6576396750e-04,-1.4737314113e-01,6.3103973906e-02,,,,
,,,,1.7400000000e-01,1.5285661065e-04,-1.4823361489e-01,6.3156957009e-02,,,,
,,,,1.7466666667e-01,1.3990722270e-04,-1.4909473969e-01,6.3208769716e-02,,,,
,,,,1.7533333333e-01,1.2691677539e-04,-1.4995650000e-01,6.3259415004e-02,,,,
,,,,1.7600000000e-01,1.1388624016e-04,-1.5081888033e-01,6.3308895843e-02,,,,
,,,,1.7666666667e-01,1.0081658803e-04,-1.5168186525e-01,6.3357215202e-02,,,,
,,,,1.7733333333e-01,8.7708789577e-05,-1.5254543933e-01,6.3404376046e-02,,,,
,,,,1.7800000000e-01,7.4563814877e-05,-1.5340958721e-01,6.3450381336e-02,,,,
,,,,1.7866666667e-01,6.1382633429e-05,-1.5427429356e-01,6.3495234029e-02,,,,
,,,,1.7933333333e-01,4.8166214112e-05,-1.5513954310e-01,6.3538937080e-02,,,,
,,,,1.8000000000e-01,3.4915525129e-05,-1.5600532056e-01,6.3581493437e-02,,,,
,,,,1.8066666667e-01,2.1631533946e-05,-1.5687161073e-01,6.3622906049e-02,,,,
,,,,1.8133333333e-01,8.3152072431e-06,-1.5773839845e-01,6.3663177857e-02,,,,
,,,,1.8200000000e-01,-5.0324891462e-06,-1.5860566858e-01,6.3702311802e-02,,,,
,,,,1.8266666667e-01,-1.8410590285e-05,-1.5947340602e-01,6.3740310820e-02,,,,
,,,,1.8333333333e-01,-3.1818132187e-05,-1.6034159572e-01,6.3777177842e-02,,,,
,,,,1.8400000000e-01,-4.5254151873e-05,-1.6121022266e-01,6.3812915797e-02,,,,
,,,,1.8466666667e-01,-5.8717687420e-05,-1.6207927186e-01,6.3847527611e-02,,,,
,,,,1.8533333333e-01,-7.2207778016e-05,-1.6294872839e-01,6.3881016205e-02,,,,
,,,,1.8600000000e-01,-8.5723464010e-05,-1.6381857734e-01,6.3913384498e-02,,,,
,,,,1.8666666667e-01,-9.9263786967e-05,-1.6468880385e-01,6.3944635404e-02,,,,
,,,,1.8733333333e-01,-1.1282778971e-04,-1.6555939310e-01,6.3974771835e-02,,,,
,,,,1.8800000000e-01,-1.2641451639e-04,-1.6643033031e-01,6.4003796697e-02,,,,
,,,,1.8866666667e-01,-1.4002301252e-04,-1.6730160072e-01,6.4031712895e-02,,,,
,,,,1.8933333333e-01,-1.5365232501e-04,-1.6817318964e-01,6.4058523329e-02,,,,
,,,,1.9000000000e-01,-1.6730150227e-04,-1.6904508239e-01,6.4084230898e-02,,,,
,,,,1.9066666667e-01,-1.8096959419e-04,-1.6991726434e-01,6.4108838494e-02,,,,
,,,,1.9133333333e-01,-1.9465565224e-04,-1.7078972090e-01,6.4132349007e-02,,,,
,,,,1.9200000000e-01,-2.0835872949e-04,-1.7166243752e-01,6.4154765325e-02,,,,
,,,,1.9266666667e-01,-2.2207788069e-04,-1.7253539968e-01,6.4176090331e-02,,,,
,,,,1.9333333333e-01,-2.3581216228e-04,-1.7340859291e-01,6.4196326904e-02,,,,
,,,,1.9400000000e-01,-2.4956063245e-04,-1.7428200276e-01,6.4215477922e-02,,,,
,,,,1.9466666667e-01,-2.6332235119e-04,-1.7515561484e-01,6.4233546256e-02,,,,
,,,,1.9533333333e-01,-2.7709638034e-04,-1.7602941479e-01,6.4250534777e-02,,,,
,,,,1.9600000000e-01,-2.9088178363e-04,-1.7690338828e-01,6.4266446351e-02,,,,
,,,,1.9666666667e-01,-3.0467762673e-04,-1.7777752102e-01,6.4281283840e-02,,,,
,,,,1.9733333333e-01,-3.1848297728e-04,-1.7865179877e-01,6.4295050105e-02,,,,
,,,,1.9800000000e-01,-3.3229690496e-04,-1.7952620732e-01,6.4307748000e-02,,,,
,,,,1.9866666667e-01,-3.4611848151e-04,-1.8040073250e-01,6.4319380379e-02,,,,
,,,,1.9933333333e-01,-3.5994678077e-04,-1.8127536016e-01,6.4329950092e-02,,,,
,,,,2.0000000000e-01,-3.7378087877e-04,-1.8215007622e-01,6.4339459983e-02,,,,
,,,,2.0066666667e-01,-3.8761985371e-04,-1.8302486661e-01,6.4347912895e-02,,,,
,,,,2.0133333333e-01,-4.0146278604e-04,-1.8389971732e-01,6.4355311669e-02,,,,
,,,,2.0200000000e-01,-4.1530875851e-04,-1.8477461437e-01,6.4361659139e-02,,,,
,,,,2.0266666667e-01,-4.2915685616e-04,-1.8564954380e-01,6.4366958138e-02,,,,
,,,,2.0333333333e-01,-4.4300616644e-04,-1.8652449171e-01,6.4371211495e-02,,,,
,,,,2.0400000000e-01,-4.5685577916e-04,-1.8739944423e-01,6.4374422037e-02,,,,
,,,,2.0466666667e-01,-4.7070478663e-04,-1.8827438752e-01,6.4376592586e-02,,,,
,,,,2.0533333333e-01,-4.8455228361e-04,-1.8914930780e-01,6.4377725961e-02,,,,
,,,,2.0600000000e-01,-4.9839736740e-04,-1.9002419130e-01,6.4377824979e-02,,,,
,,,,2.0666666667e-01,-5.1223913786e-04,-1.9089902430e-01,6.4376892452e-02,,,,
,,,,2.0733333333e-01,-5.2607669748e-04,-1.9177379312e-01,6.4374931189e-02,,,,
,,,,2.0800000000e-01,-5.3990915137e-04,-1.9264848412e-01,6.4371943998e-02,,,,
,,,,2.0866666667e-01,-5.5373560734e-04,-1.9352308368e-01,6.4367933680e-02,,,,
,,,,2.0933333333e-01,-5.6755517591e-04,-1.9439757824e-01,6.4362903037e-02,,,,
,,,,2.1000000000e-01,-5.8136697036e-04,-1.9527195426e-01,6.4356854863e-02,,,,
,,,,2.1066666667e-01,-5.9517010678e-04,-1.9614619824e-01,6.4349791953e-02,,,,
,,,,2.1133333333e-01,-6.0896370407e-04,-1.9702029673e-01,6.4341717097e-02,,,,
,,,,2.1200000000e-01,-6.2274688401e-04,-1.9789423630e-01,6.4332633081e-02,,,,
,,,,2.1266666667e-01,-6.3651877130e-04,-1.9876800356e-01,6.4322542689e-02,,,,
,,,,2.1333333333e-01,-6.5027849355e-04,-1.9964158517e-01,6.4311448702e-02,,,,
,,,,2.1400000000e-01,-6.6402518138e-04,-2.0051496782e-01,6.4299353897e-02,,,,
,,,,2.1466666667e-01,-6.7775796839e-04,-2.0138813822e-01,6.4286261048e-02,,,,
,,,,2.1533333333e-01,-6.9147599125e-04,-2.0226108315e-01,6.4272172925e-02,,,,
,,,,2.1600000000e-01,-7.0517838970e-04,-2.0313378940e-01,6.4257092297e-02,,,,
,,,,2.1666666667e-01,-7.1886430659e-04,-2.0400624381e-01,6.4241021928e-02,,,,
,,,,2.1733333333e-01,-7.3253288792e-04,-2.0487843324e-01,6.4223964580e-02,,,,
,,,,2.1800000000e-01,-7.4618328287e-04,-2.0575034461e-01,6.4205923011e-02,,,,
,,,,2.1866666667e-01,-7.5981464385e-04,-2.0662196486e-01,6.4186899976e-02,,,,
,,,,2.1933333333e-01,-7.7342612649e-04,-2.0749328097e-01,6.4166898227e-02,,,,
,,,,2.2000000000e-01,-7.8701688972e-04,-2.0836427997e-01,6.4145920513e-02,,,,
,,,,2.2066666667e-01,-8.0058609575e-04,-2.0923494891e-01,6.4123969581e-02,,,,
,,,,2.2133333333e-01,-8.1413291017e-04,-2.1010527488e-01,6.4101048171e-02,,,,
,,,,2.2200000000e-01,-8.2765650192e-04,-2.1097524500e-01,6.4077159025e-02,,,,
,,,,2.2266666667e-01,-8.4115604335e-04,-2.1184484645e-01,6.4052304879e-02,,,,
,,,,2.2333333333e-01,-8.5463071023e-04,-2.1271406642e-01,6.4026488466e-02,,,,
,,,,2.2400000000e-01,-8.6807968182e-04,-2.1358289215e-01,6.3999712517e-02,,,,
,,,,2.2466666667e-01,-8.8150214084e-04,-2.1445131091e-01,6.3971979758e-02,,,,
,,,,2.2533333333e-01,-8.9489727357e-04,-2.1531931001e-01,6.3943292915e-02,,,,
,,,,2.2600000000e-01,-9.0826426981e-04,-2.1618687680e-01,6.3913654709e-02,,,,
,,,,2.2666666667e-01,-9.2160232297e-04,-2.1705399866e-01,6.3883067857e-02,,,,
,,,,2.2733333333e-01,-9.3491063004e-04,-2.1792066301e-01,6.3851535075e-02,,,,
,,,,2.2800000000e-01,-9.4818839166e-04,-2.1878685730e-01,6.3819059075e-02,,,,
,,,,2.2866666667e-01,-9.6143481216e-04,-2.1965256902e-01,6.3785642566e-02,,,,
,,,,2.2933333333e-01,-9.7464909951e-04,-2.2051778570e-01,6.3751288255e-02,,,,
,,,,2.3000000000e-01,-9.8783046545e-04,-2.2138249489e-01,6.3715998844e-02,,,,
,,,,2.3066666667e-01,-1.0009781254e-03,-2.2224668421e-01,6.3679777033e-02,,,,
,,,,2.3133333333e-01,-1.0140912987e-03,-2.2311034127e-01,6.3642625521e-02,,,,
,,,,2.3200000000e-01,-1.0271692083e-03,-2.2397345376e-01,6.3604547000e-02,,,,
,,,,2.3266666667e-01,-1.0402110811e-03,-2.2483600937e-01,6.3565544162e-02,,,,
,,,,2.3333333333e-01,-1.0532161478e-03,-2.2569799584e-01,6.3525619696e-02,,,,
,,,,2.3400000000e-01,-1.0661836430e-03,-2.2655940096e-01,6.3484776287e-02,,,,
,,,,2.3466666667e-01,-1.0791128053e-03,-2.2742021253e-01,6.3443016616e-02,,,,
,,,,2.3533333333e-01,-1.0920028769e-03,-2.2828041840e-01,6.3400343364e-02,,,,
,,,,2.3600000000e-01,-1.1048531043e-03,-2.2914000647e-01,6.3356759208e-02,,,,
,,,,2.3666666667e-01,-1.1176627378e-03,-2.2999896463e-01,6.3312266820e-02,,,,
,,,,2.3733333333e-01,-1.1304310318e-03,-2.3085728086e-01,6.3266868871e-02,,,,
,,,,2.3800000000e-01,-1.1431572446e-03,-2.3171494313e-01,6.3220568030e-02,,,,
,,,,2.3866666667e-01,-1.1558406386e-03,-2.3257193948e-01,6.3173366960e-02,,,,
,,,,2.3933333333e-01,-1.1684804803e-03,-2.3342825797e-01,6.3125268325e-02,,,,
,,,,2.4000000000e-01,-1.1810760403e-03,-2.3428388669e-01,6.3076274782e-02,,,,
,,,,2.4066666667e-01,-1.1936265932e-03,-2.3513881377e-01,6.3026388989e-02,,,,
,,,,2.4133333333e-01,-1.2061314179e-03,-2.3599302738e-01,6.2975613599e-02,,,,
,,,,2.4200000000e-01,-1.2185897972e-03,-2.3684651572e-01,6.2923951262e-02,,,,
,,,,2.4266666667e-01,-1.2310010184e-03,-2.3769926704e-01,6.2871404627e-02,,,,
,,,,2.4333333333e-01,-1.2433643728e-03,-2.3855126959e-01,6.2817976337e-02,,,,
,,,,2.4400000000e-01,-1.2556791559e-03,-2.3940251170e-01,6.2763669035e-02,,,,
,,,,2.4466666667e-01,-1.2679446675e-03,-2.4025298169e-01,6.2708485360e-02,,,,
,,,,2.4533333333e-01,-1.2801602116e-03,-2.4110266796e-01,6.2652427948e-02,,,,
,,,,2.4600000000e-01,-1.2923250967e-03,-2.4195155890e-01,6.2595499433e-02,,,,
,,,,2.4666666667e-01,-1.3044386352e-03,-2.4279964298e-01,6.2537702447e-02,,,,
,,,,2.4733333333e-01,-1.3165001443e-03,-2.4364690866e-01,6.2479039615e-02,,,,
,,,,2.4800000000e-01,-1.3285089450e-03,-2.4449334448e-01,6.2419513565e-02,,,,
,,,,2.4866666667e-01,-1.3404643631e-03,-2.4533893898e-01,6.2359126919e-02,,,,
,,,,2.4933333333e-01,-1.3523657287e-03,-2.4618368074e-01,6.2297882295e-02,,,,
,,,,2.5000000000e-01,-1.3642123759e-03,-2.4702755840e-01,6.2235782311e-02,,,,
,,,,2.5066666667e-01,-1.3760036438e-03,-2.4787056060e-01,6.2172829581e-02,,,,
,,,,2.5133333333e-01,-1.3877388755e-03,-2.4871267604e-01,6.2109026716e-02,,,,
,,,,2.5200000000e-01,-1.3994174187e-03,-2.4955389345e-01,6.2044376325e-02,,,,
,,,,2.5266666667e-01,-1.4110386255e-03,-2.5039420158e-01,6.1978881015e-02,,,,
,,,,2.5333333333e-01,-1.4226018526e-03,-2.5123358923e-01,6.1912543387e-02,,,,
,,,,2.5400000000e-01,-1.4341064610e-03,-2.5207204523e-01,6.1845366043e-02,,,,
,,,,2.5466666667e-01,-1.4455518164e-03,-2.5290955844e-01,6.1777351580e-02,,,,
,,,,2.5533333333e-01,-1.4569372889e-03,-2.5374611776e-01,6.1708502594e-02,,,,
,,,,2.5600000000e-01,-1.4682622533e-03,-2.5458171213e-01,6.1638821676e-02,,,,
,,,,2.5666666667e-01,-1.4795260887e-03,-2.5541633052e-01,6.1568311417e-02,,,,
,,,,2.5733333333e-01,-1.4907281791e-03,-2.5624996192e-01,6.1496974404e-02,,,,
,,,,2.5800000000e-01,-1.5018679127e-03,-2.5708259537e-01,6.1424813220e-02,,,,
,,,,2.5866666667e-01,-1.5129446826e-03,-2.5791421995e-01,6.1351830448e-02,,,,
,,,,2.5933333333e-01,-1.5239578865e-03,-2.5874482475e-01,6.1278028667e-02,,,,
,,,,2.6000000000e-01,-1.5349069266e-03,-2.5957439892e-01,6.1203410452e-02,,,,
,,,,2.6066666667e-01,-1.5457912097e-03,-2.6040293164e-01,6.1127978378e-02,,,,
,,,,2.6133333333e-01,-1.5566101475e-03,-2.6123041210e-01,6.1051735016e-02,,,,
,,,,2.6200000000e-01,-1.5673631562e-03,-2.6205682955e-01,6.0974682935e-02,,,,
,,,,2.6266666667e-01,-1.5780496567e-03,-2.6288217326e-01,6.0896824699e-02,,,,
,,,,2.6333333333e-01,-1.5886690746e-03,-2.6370643256e-01,6.0818162873e-02,,,,
,,,,2.6400000000e-01,-1.5992208403e-03,-2.6452959677e-01,6.0738700018e-02,,,,
,,,,2.6466666667e-01,-1.6097043887e-03,-2.6535165528e-01,6.0658438691e-02,,,,
,,,,2.6533333333e-01,-1.6201191596e-03,-2.6617259750e-01,6.0577381447e-02,,,,
,,,,2.6600000000e-01,-1.6304645977e-03,-2.6699241288e-01,6.0495530840e-02,,,,
,,,,2.6666666667e-01,-1.6407401521e-03,-2.6781109089e-01,6.0412889421e-02,,,,
,,,,2.6733333333e-01,-1.6509452769e-03,-2.6862862105e-01,6.0329459736e-02,,,,
,,,,2.6800000000e-01,-1.6610794309e-03,-2.6944499291e-01,6.0245244332e-02,,,,
,,,,2.6866666667e-01,-1.6711420778e-03,-2.7026019605e-01,6.0160245750e-02,,,,
,,,,2.6933333333e-01,-1.6811326860e-03,-2.7107422008e-01,6.0074466532e-02,,,,
,,,,2.7000000000e-01,-1.6910507286e-03,-2.7188705465e-01,5.9987909214e-02,,,,
,,,,2.7066666667e-01,-1.7008956839e-03,-2.7269868944e-01,5.9900576333e-02,,,,
,,,,2.7133333333e-01,-1.7106670345e-03,-2.7350911418e-01,5.9812470419e-02,,,,
,,,,2.7200000000e-01,-1.7203642684e-03,-2.7431831861e-01,5.9723594005e-02,,,,
,,,,2.7266666667e-01,-1.7299868780e-03,-2.7512629251e-01,5.9633949616e-02,,,,
,,,,2.7333333333e-01,-1.7395343607e-03,-2.7593302570e-01,5.9543539779e-02,,,,
,,,,2.7400000000e-01,-1.7490062190e-03,-2.7673850804e-01,5.9452367016e-02,,,,
,,,,2.7466666667e-01,-1.7584019599e-03,-2.7754272940e-01,5.9360433847e-02,,,,
,,,,2.7533333333e-01,-1.7677210955e-03,-2.7834567970e-01,5.9267742789e-02,,,,
,,,,2.7600000000e-01,-1.7769631428e-03,-2.7914734889e-01,5.9174296359e-02,,,,
,,,,2.7666666667e-01,-1.7861276236e-03,-2.7994772697e-01,5.9080097069e-02,,,,
,,,,2.7733333333e-01,-1.7952140648e-03,-2.8074680394e-01,5.8985147429e-02,,,,
,,,,2.7800000000e-01,-1.8042219980e-03,-2.8154456985e-01,5.8889449946e-02,,,,
,,,,2.7866666667e-01,-1.8131509597e-03,-2.8234101480e-01,5.8793007128e-02,,,,
,,,,2.7933333333e-01,-1.8220004917e-03,-2.8313612889e-01,5.8695821476e-02,,,,
,,,,2.8000000000e-01,-1.8307701402e-03,-2.8392990228e-01,5.8597895491e-02,,,,
,,,,2.8066666667e-01,-1.8394594568e-03,-2.8472232516e-01,5.8499231672e-02,,,,
,,,,2.8133333333e-01,-1.8480679978e-03,-2.8551338773e-01,5.8399832514e-02,,,,
,,,,2.8200000000e-01,-1.8565953246e-03,-2.8630308026e-01,5.8299700510e-02,,,,
,,,,2.8266666667e-01,-1.8650410034e-03,-2.8709139302e-01,5.8198838153e-02,,,,
,,,,2.8333333333e-01,-1.8734046055e-03,-2.8787831632e-01,5.8097247930e-02,,,,
,,,,2.8400000000e-01,-1.8816857072e-03,-2.8866384053e-01,5.7994932327e-02,,,,
,,,,2.8466666667e-01,-1.8898838897e-03,-2.8944795602e-01,5.7891893830e-02,,,,
,,,,2.8533333333e-01,-1.8979987391e-03,-2.9023065321e-01,5.7788134918e-02,,,,
,,,,2.8600000000e-01,-1.9060298466e-03,-2.9101192255e-01,5.7683658073e-02,,,,
,,,,2.8666666667e-01,-1.9139768085e-03,-2.9179175451e-01,5.7578465769e-02,,,,
,,,,2.8733333333e-01,-1.9218392260e-03,-2.9257013961e-01,5.7472560483e-02,,,,
,,,,2.8800000000e-01,-1.9296167051e-03,-2.9334706840e-01,5.7365944686e-02,,,,
,,,,2.8866666667e-01,-1.9373088571e-03,-2.9412253146e-01,5.7258620849e-02,,,,
,,,,2.8933333333e-01,-1.9449152983e-03,-2.9489651940e-01,5.7150591438e-02,,,,
,,,,2.9000000000e-01,-1.9524356497e-03,-2.9566902287e-01,5.7041858920e-02,,,,
,,,,2.9066666667e-01,-1.9598695377e-03,-2.9644003255e-01,5.6932425757e-02,,,,
,,,,2.9133333333e-01,-1.9672165935e-03,-2.9720953914e-01,5.6822294410e-02,,,,
,,,,2.9200000000e-01,-1.9744764533e-03,-2.9797753338e-01,5.6711467338e-02,,,,
,,,,2.9266666667e-01,-1.9816487586e-03,-2.9874400607e-01,5.6599946996e-02,,,,
,,,,2.9333333333e-01,-1.9887331556e-03,-2.9950894800e-01,5.6487735839e-02,,,,
,,,,2.9400000000e-01,-1.9957292956e-03,-3.0027235002e-01,5.6374836319e-02,,,,
,,,,2.9466666667e-01,-2.0026368351e-03,-3.0103420299e-01,5.6261250885e-02,,,,
,,,,2.9533333333e-01,-2.0094554356e-03,-3.0179449784e-01,5.6146981983e-02,,,,
,,,,2.9600000000e-01,-2.0161847634e-03,-3.0255322548e-01,5.6032032060e-02,,,,
,,,,2.9666666667e-01,-2.0228244901e-03,-3.0331037691e-01,5.5916403558e-02,,,,
,,,,2.9733333333e-01,-2.0293742922e-03,-3.0406594312e-01,5.5800098917e-02,,,,
,,,,2.9800000000e-01,-2.0358338513e-03,-3.0481991514e-01,5.5683120576e-02,,,,
,,,,2.9866666667e-01,-2.0422028541e-03,-3.0557228405e-01,5.5565470971e-02,,,,
,,,,2.9933333333e-01,-2.0484809922e-03,-3.0632304095e-01,5.5447152536e-02,,,,
,,,,3.0000000000e-01,-2.0546679624e-03,-3.0707217697e-01,5.5328167702e-02,,,,
,,,,3.0066666667e-01,-2.0607634663e-03,-3.0781968328e-01,5.5208518900e-02,,,,
,,,,3.0133333333e-01,-2.0667672109e-03,-3.0856555107e-01,5.5088208556e-02,,,,
,,,,3.0200000000e-01,-2.0726789080e-03,-3.0930977157e-01,5.4967239096e-02,,,,
,,,,3.0266666667e-01,-2.0784982743e-03,-3.1005233605e-01,5.4845612943e-02,,,,
,,,,3.0333333333e-01,-2.0842250320e-03,-3.1079323580e-01,5.4723332517e-02,,,,
,,,,3.0400000000e-01,-2.0898589079e-03,-3.1153246215e-01,5.4600400239e-02,,,,
,,,,3.0466666667e-01,-2.0953996342e-03,-3.1227000646e-01,5.4476818524e-02,,,,
,,,,3.0533333333e-01,-2.1008469477e-03,-3.1300586011e-01,5.4352589786e-02,,,,
,,,,3.0600000000e-01,-2.1062005907e-03,-3.1374001453e-01,5.4227716439e-02,,,,
,,,,3.0666666667e-01,-2.1114603104e-03,-3.1447246118e-01,5.4102200893e-02,,,,
,,,,3.0733333333e-01,-2.1166258588e-03,-3.1520319154e-01,5.3976045555e-02,,,,
,,,,3.0800000000e-01,-2.1216969931e-03,-3.1593219714e-01,5.3849252832e-02,,,,
,,,,3.0866666667e-01,-2.1266734758e-03,-3.1665946951e-01,5.3721825129e-02,,,,
,,,,3.0933333333e-01,-2.1315550739e-03,-3.1738500025e-01,5.3593764846e-02,,,,
,,,,3.1000000000e-01,-2.1363415598e-03,-3.1810878097e-01,5.3465074384e-02,,,,
,,,,3.1066666667e-01,-2.1410327110e-03,-3.1883080331e-01,5.3335756140e-02,,,,
,,,,3.1133333333e-01,-2.1456283096e-03,-3.1955105896e-01,5.3205812511e-02,,,,
,,,,3.1200000000e-01,-2.1501281432e-03,-3.2026953963e-01,5.3075245890e-02,,,,
,,,,3.1266666667e-01,-2.1545320041e-03,-3.2098623705e-01,5.2944058668e-02,,,,
,,,,3.1333333333e-01,-2.1588396897e-03,-3.2170114300e-01,5.2812253236e-02,,,,
,,,,3.1400000000e-01,-2.1630510025e-03,-3.2241424929e-01,5.2679831981e-02,,,,
,,,,3.1466666667e-01,-2.1671657498e-03,-3.2312554775e-01,5.2546797288e-02,,,,
,,,,3.1533333333e-01,-2.1711837443e-03,-3.2383503025e-01,5.2413151541e-02,,,,
,,,,3.1600000000e-01,-2.1751048032e-03,-3.2454268870e-01,5.2278897122e-02,,,,
,,,,3.1666666667e-01,-2.1789287491e-03,-3.2524851502e-01,5.2144036410e-02,,,,
,,,,3.1733333333e-01,-2.1826554094e-03,-3.2595250118e-01,5.2008571782e-02,,,,
,,,,3.1800000000e-01,-2.1862846165e-03,-3.2665463917e-01,5.1872505615e-02,,,,
,,,,3.1866666667e-01,-2.1898162078e-03,-3.2735492102e-01,5.1735840281e-02,,,,
,,,,3.1933333333e-01,-2.1932500258e-03,-3.2805333879e-01,5.1598578153e-02,,,,
,,,,3.2000000000e-01,-2.1965859178e-03,-3.2874988457e-01,5.1460721600e-02,,,,
,,,,3.2066666667e-01,-2.1998237361e-03,-3.2944455048e-01,5.1322272990e-02,,,,
,,,,3.2133333333e-01,-2.2029633381e-03,-3.3013732868e-01,5.1183234689e-02,,,,
,,,,3.2200000000e-01,-2.2060045861e-03,-3.3082821134e-01,5.1043609060e-02,,,,
,,,,3.2266666667e-01,-2.2089473472e-03,-3.3151719068e-01,5.0903398465e-02,,,,
,,,,3.2333333333e-01,-2.2117914936e-03,-3.3220425895e-01,5.0762605265e-02,,,,
,,,,3.2400000000e-01,-2.2145369024e-03,-3.3288940842e-01,5.0621231817e-02,,,,
,,,,3.2466666667e-01,-2.2171834558e-03,-3.3357263142e-01,5.0479280478e-02,,,,
,,,,3.2533333333e-01,-2.2197310407e-03,-3.3425392027e-01,5.0336753602e-02,,,,
,,,,3.2600000000e-01,-2.2221795490e-03,-3.3493326735e-01,5.0193653541e-02,,,,
,,,,3.2666666667e-01,-2.2245288775e-03,-3.3561066507e-01,5.0049982645e-02,,,,
,,,,3.2733333333e-01,-2.2267789280e-03,-3.3628610585e-01,4.9905743264e-02,,,,
,,,,3.2800000000e-01,-2.2289296072e-03,-3.3695958217e-01,4.9760937743e-02,,,,
,,,,3.2866666667e-01,-2.2309808266e-03,-3.3763108651e-01,4.9615568429e-02,,,,
,,,,3.2933333333e-01,-2.2329325026e-03,-3.3830061142e-01,4.9469637663e-02,,,,
,,,,3.3000000000e-01,-2.2347845566e-03,-3.3896814944e-01,4.9323147787e-02,,,,
,,,,3.3066666667e-01,-2.2365369148e-03,-3.3963369317e-01,4.9176101140e-02,,,,
,,,,3.3133333333e-01,-2.2381895082e-03,-3.4029723523e-01,4.9028500061e-02,,,,
,,,,3.3200000000e-01,-2.2397422729e-03,-3.4095876827e-01,4.8880346883e-02,,,,
,,,,3.3266666667e-01,-2.2411951495e-03,-3.4161828497e-01,4.8731643942e-02,,,,
,,,,3.3333333333e-01,-2.2425480838e-03,-3.4227577805e-01,4.8582393569e-02,,,,
,,,,3.3400000000e-01,-2.2438010263e-03,-3.4293124026e-01,4.8432598095e-02,,,,
,,,,3.3466666667e-01,-2.2449539322e-03,-3.4358466436e-01,4.8282259847e-02,,,,
,,,,3.3533333333e-01,-2.2460067617e-03,-3.4423604317e-01,4.8131381153e-02,,,,
,,,,3.3600000000e-01,-2.2469594797e-03,-3.4488536953e-01,4.7979964337e-02,,,,
,,,,3.3666666667e-01,-2.2478120560e-03,-3.4553263630e-01,4.7828011723e-02,,,,
,,,,3.3733333333e-01,-2.2485644652e-03,-3.4617783638e-01,4.7675525631e-02,,,,
,,,,3.3800000000e-01,-2.2492166866e-03,-3.4682096271e-01,4.7522508382e-02,,,,
,,,,3.3866666667e-01,-2.2497687043e-03,-3.4746200825e-01,4.7368962292e-02,,,,
,,,,3.3933333333e-01,-2.2502205073e-03,-3.4810096598e-01,4.7214889679e-02,,,,
,,,,3.4000000000e-01,-2.2505720891e-03,-3.4873782893e-01,4.7060292856e-02,,,,
,,,,3.4066666667e-01,-2.2508234482e-03,-3.4937259015e-01,4.6905174136e-02,,,,
,,,,3.4133333333e-01,-2.2509745877e-03,-3.5000524274e-01,4.6749535829e-02,,,,
,,,,3.4200000000e-01,-2.2510255156e-03,-3.5063577980e-01,4.6593380246e-02,,,,
,,,,3.4266666667e-01,-2.2509762443e-03,-3.5126419447e-01,4.6436709693e-02,,,,
,,,,3.4333333333e-01,-2.2508267913e-03,-3.5189047994e-01,4.6279526476e-02,,,,
,,,,3.4400000000e-01,-2.2505771786e-03,-3.5251462941e-01,4.6121832899e-02,,,,
,,,,3.4466666667e-01,-2.2502274328e-03,-3.5313663612e-01,4.5963631264e-02,,,,
,,,,3.4533333333e-01,-2.2497775853e-03,-3.5375649334e-01,4.5804923872e-02,,,,
,,,,3.4600000000e-01,-2.2492276723e-03,-3.5437419437e-01,4.5645713023e-02,,,,
,,,,3.4666666667e-01,-2.2485777343e-03,-3.5498973253e-01,4.5486001012e-02,,,,
,,,,3.4733333333e-01,-2.2478278169e-03,-3.5560310118e-01,4.5325790137e-02,,,,
,,,,3.4800000000e-01,-2.2469779700e-03,-3.5621429372e-01,4.5165082691e-02,,,,
,,,,3.4866666667e-01,-2.2460282482e-03,-3.5682330356e-01,4.5003880966e-02,,,,
,,,,3.4933333333e-01,-2.2449787109e-03,-3.5743012416e-01,4.4842187253e-02,,,,
,,,,3.5000000000e-01,-2.2438294218e-03,-3.5803474900e-01,4.4680003842e-02,,,,
,,,,3.5066666667e-01,-2.2425804494e-03,-3.5863717159e-01,4.4517333019e-02,,,,
,,,,3.5133333333e-01,-2.2412318667e-03,-3.5923738547e-01,4.4354177071e-02,,,,
,,,,3.5200000000e-01,-2.2397837514e-03,-3.5983538421e-01,4.4190538282e-02,,,,
,,,,3.5266666667e-01,-2.2382361856e-03,-3.6043116142e-01,4.4026418935e-02,,,,
,,,,3.5333333333e-01,-2.2365892561e-03,-3.6102471073e-01,4.3861821310e-02,,,,
,,,,3.5400000000e-01,-2.2348430540e-03,-3.6161602580e-01,4.3696747687e-02,,,,
,,,,3.5466666667e-01,-2.2329976752e-03,-3.6220510033e-01,4.3531200344e-02,,,,
,,,,3.5533333333e-01,-2.2310532199e-03,-3.6279192804e-01,4.3365181558e-02,,,,
,,,,3.5600000000e-01,-2.2290097928e-03,-3.6337650269e-01,4.3198693603e-02,,,,
,,,,3.5666666667e-01,-2.2268675034e-03,-3.6395881805e-01,4.3031738752e-02,,,,
,,,,3.5733333333e-01,-2.2246264652e-03,-3.6453886795e-01,4.2864319277e-02,,,,
,,,,3.5800000000e-01,-2.2222867965e-03,-3.6511664623e-01,4.2696437449e-02,,,,
,,,,3.5866666667e-01,-2.2198486199e-03,-3.6569214676e-01,4.2528095535e-02,,,,
,,,,3.5933333333e-01,-2.2173120626e-03,-3.6626536345e-01,4.2359295804e-02,,,,
,,,,3.6000000000e-01,-2.2146772559e-03,-3.6683629024e-01,4.2190040520e-02,,,,
,,,,3.6066666667e-01,-2.2119443358e-03,-3.6740492108e-01,4.2020331947e-02,,,,
,,,,3.6133333333e-01,-2.2091134427e-03,-3.6797124998e-01,4.1850172349e-02,,,,
,,,,3.6200000000e-01,-2.2061847211e-03,-3.6853527095e-01,4.1679563986e-02,,,,
,,,,3.6266666667e-01,-2.2031583201e-03,-3.6909697806e-01,4.1508509118e-02,,,,
,,,,3.6333333333e-01,-2.2000343932e-03,-3.6965636539e-01,4.1337010002e-02,,,,
,,,,3.6400000000e-01,-2.1968130981e-03,-3.7021342706e-01,4.1165068897e-02,,,,
,,,,3.6466666667e-01,-2.1934945967e-03,-3.7076815720e-01,4.0992688055e-02,,,,
,,,,3.6533333333e-01,-2.1900790556e-03,-3.7132055001e-01,4.0819869732e-02,,,,
,,,,3.6600000000e-01,-2.1865666454e-03,-3.7187059967e-01,4.0646616180e-02,,,,
,,,,3.6666666667e-01,-2.1829575410e-03,-3.7241830043e-01,4.0472929649e-02,,,,
,,,,3.6733333333e-01,-2.1792519216e-03,-3.7296364654e-01,4.0298812389e-02,,,,
,,,,3.6800000000e-01,-2.1754499709e-03,-3.7350663232e-01,4.0124266647e-02,,,,
,,,,3.6866666667e-01,-2.1715518764e-03,-3.7404725207e-01,3.9949294670e-02,,,,
,,,,3.6933333333e-01,-2.1675578301e-03,-3.7458550016e-01,3.9773898704e-02,,,,
,,,,3.7000000000e-01,-2.1634680282e-03,-3.7512137096e-01,3.9598080992e-02,,,,
,,,,3.7066666667e-01,-2.1592826711e-03,-3.7565485890e-01,3.9421843776e-02,,,,
,,,,3.7133333333e-01,-2.1550019632e-03,-3.7618595841e-01,3.9245189297e-02,,,,
,,,,3.7200000000e-01,-2.1506261133e-03,-3.7671466398e-01,3.9068119794e-02,,,,
,,,,3.7266666667e-01,-2.1461553342e-03,-3.7724097009e-01,3.8890637506e-02,,,,
,,,,3.7333333333e-01,-2.1415898429e-03,-3.7776487130e-01,3.8712744670e-02,,,,
,,,,3.7400000000e-01,-2.1369298606e-03,-3.7828636215e-01,3.8534443520e-02,,,,
,,,,3.7466666667e-01,-2.1321756124e-03,-3.7880543724e-01,3.8355736291e-02,,,,
,,,,3.7533333333e-01,-2.1273273276e-03,-3.7932209120e-01,3.8176625216e-02,,,,
,,,,3.7600000000e-01,-2.1223852396e-03,-3.7983631867e-01,3.7997112526e-02,,,,
,,,,3.7666666667e-01,-2.1173495858e-03,-3.8034811433e-01,3.7817200450e-02,,,,
,,,,3.7733333333e-01,-2.1122206078e-03,-3.8085747290e-01,3.7636891218e-02,,,,
,,,,3.7800000000e-01,-2.1069985509e-03,-3.8136438912e-01,3.7456187056e-02,,,,
,,,,3.7866666667e-01,-2.1016836647e-03,-3.8186885776e-01,3.7275090192e-02,,,,
,,,,3.7933333333e-01,-2.0962762028e-03,-3.8237087362e-01,3.7093602849e-02,,,,
,,,,3.8000000000e-01,-2.0907764225e-03,-3.8287043152e-01,3.6911727251e-02,,,,
,,,,3.8066666667e-01,-2.0851845853e-03,-3.8336752632e-01,3.6729465621e-02,,,,
,,,,3.8133333333e-01,-2.0795009566e-03,-3.8386215292e-01,3.6546820178e-02,,,,
,,,,3.8200000000e-01,-2.0737258057e-03,-3.8435430623e-01,3.6363793143e-02,,,,
,,,,3.8266666667e-01,-2.0678594058e-03,-3.8484398120e-01,3.6180386733e-02,,,,
,,,,3.8333333333e-01,-2.0619020341e-03,-3.8533117280e-01,3.5996603167e-02,,,,
,,,,3.8400000000e-01,-2.0558539714e-03,-3.8581587604e-01,3.5812444659e-02,,,,
,,,,3.8466666667e-01,-2.0497155027e-03,-3.8629808596e-01,3.5627913424e-02,,,,
,,,,3.8533333333e-01,-2.0434869167e-03,-3.8677779762e-01,3.5443011676e-02,,,,
,,,,3.8600000000e-01,-2.0371685058e-03,-3.8725500611e-01,3.5257741627e-02,,,,
,,,,3.8666666667e-01,-2.0307605664e-03,-3.8772970657e-01,3.5072105487e-02,,,,
,,,,3.8733333333e-01,-2.0242633986e-03,-3.8820189413e-01,3.4886105465e-02,,,,
,,,,3.8800000000e-01,-2.0176773063e-03,-3.8867156399e-01,3.4699743772e-02,,,,
,,,,3.8866666667e-01,-2.0110025972e-03,-3.8913871135e-01,3.4513022612e-02,,,,
,,,,3.8933333333e-01,-2.0042395826e-03,-3.8960333146e-01,3.4325944194e-02,,,,
,,,,3.9000000000e-01,-1.9973885776e-03,-3.9006541959e-01,3.4138510720e-02,,,,
,,,,3.9066666667e-01,-1.9904499010e-03,-3.9052497103e-01,3.3950724396e-02,,,,
,,,,3.9133333333e-01,-1.9834238754e-03,-3.9098198112e-01,3.3762587423e-02,,,,
,,,,3.9200000000e-01,-1.9763108269e-03,-3.9143644521e-01,3.3574102002e-02,,,,
,,,,3.9266666667e-01,-1.9691110853e-03,-3.9188835870e-01,3.3385270335e-02,,,,
,,,,3.9333333333e-01,-1.9618249841e-03,-3.9233771698e-01,3.3196094619e-02,,,,
,,,,3.9400000000e-01,-1.9544528603e-03,-3.9278451552e-01,3.3006577053e-02,,,,
,,,,3.9466666667e-01,-1.9469950546e-03,-3.9322874979e-01,3.2816719833e-02,,,,
,,,,3.9533333333e-01,-1.9394519111e-03,-3.9367041529e-01,3.2626525155e-02,,,,
,,,,3.9600000000e-01,-1.9318237778e-03,-3.9410950755e-01,3.2435995212e-02,,,,
,,,,3.9666666667e-01,-1.9241110059e-03,-3.9454602214e-01,3.2245132200e-02,,,,
,,,,3.9733333333e-01,-1.9163139503e-03,-3.9497995465e-01,3.2053938309e-02,,,,
,,,,3.9800000000e-01,-1.9084329693e-03,-3.9541130069e-01,3.1862415730e-02,,,,
,,,,3.9866666667e-01,-1.9004684248e-03,-3.9584005593e-01,3.1670566655e-02,,,,
,,,,3.9933333333e-01,-1.8924206820e-03,-3.9626621603e-01,3.1478393270e-02,,,,
,,,,4.0000000000e-01,-1.8842901098e-03,-3.9668977670e-01,3.1285897766e-02,,,,
,,,,4.0066666667e-01,-1.8760770803e-03,-3.9711073368e-01,3.1093082327e-02,,,,
,,,,4.0133333333e-01,-1.8677819690e-03,-3.9752908275e-01,3.0899949140e-02,,,,
,,,,4.0200000000e-01,-1.8594051550e-03,-3.9794481968e-01,3.0706500389e-02,,,,
,,,,4.0266666667e-01,-1.8509470207e-03,-3.9835794031e-01,3.0512738259e-02,,,,
,,,,4.0333333333e-01,-1.8424079516e-03,-3.9876844049e-01,3.0318664930e-02,,,,
,,,,4.0400000000e-01,-1.8337883369e-03,-3.9917631609e-01,3.0124282586e-02,,,,
,,,,4.0466666667e-01,-1.8250885688e-03,-3.9958156304e-01,2.9929593406e-02,,,,
,,,,4.0533333333e-01,-1.8163090431e-03,-3.9998417727e-01,2.9734599569e-02,,,,
,,,,4.0600000000e-01,-1.8074501586e-03,-4.0038415475e-01,2.9539303255e-02,,,,
,,,,4.0666666667e-01,-1.7985123174e-03,-4.0078149147e-01,2.9343706640e-02,,,,
,,,,4.0733333333e-01,-1.7894959250e-03,-4.0117618347e-01,2.9147811900e-02,,,,
,,,,4.0800000000e-01,-1.7804013900e-03,-4.0156822680e-01,2.8951621212e-02,,,,
,,,,4.0866666667e-01,-1.7712291242e-03,-4.0195761754e-01,2.8755136750e-02,,,,
,,,,4.0933333333e-01,-1.7619795425e-03,-4.0234435180e-01,2.8558360686e-02,,,,
,,,,4.1000000000e-01,-1.7526530631e-03,-4.0272842574e-01,2.8361295194e-02,,,,
,,,,4.1066666667e-01,-1.7432501073e-03,-4.0310983551e-01,2.8163942444e-02,,,,
,,,,4.1133333333e-01,-1.7337710994e-03,-4.0348857732e-01,2.7966304608e-02,,,,
,,,,4.1200000000e-01,-1.7242164669e-03,-4.0386464740e-01,2.7768383855e-02,,,,
,,,,4.1266666667e-01,-1.7145866404e-03,-4.0423804201e-01,2.7570182353e-02,,,,
,,,,4.1333333333e-01,-1.7048820534e-03,-4.0460875742e-01,2.7371702271e-02,,,,
,,,,4.1400000000e-01,-1.6951031426e-03,-4.0497678996e-01,2.7172945774e-02,,,,
,,,,4.1466666667e-01,-1.6852503477e-03,-4.0534213597e-01,2.6973915029e-02,,,,
,,,,4.1533333333e-01,-1.6753241113e-03,-4.0570479182e-01,2.6774612201e-02,,,,
,,,,4.1600000000e-01,-1.6653248789e-03,-4.0606475391e-01,2.6575039453e-02,,,,
,,,,4.1666666667e-01,-1.6552530992e-03,-4.0642201867e-01,2.6375198948e-02,,,,
,,,,4.1733333333e-01,-1.6451092237e-03,-4.0677658257e-01,2.6175092850e-02,,,,
,,,,4.1800000000e-01,-1.6348937067e-03,-4.0712844208e-01,2.5974723318e-02,,,,
,,,,4.1866666667e-01,-1.6246070056e-03,-4.0747759373e-01,2.5774092514e-02,,,,
,,,,4.1933333333e-01,-1.6142495804e-03,-4.0782403406e-01,2.5573202597e-02,,,,
,,,,4.2000000000e-01,-1.6038218943e-03,-4.0816775964e-01,2.5372055726e-02,,,,
,,,,4.2066666667e-01,-1.5933244131e-03,-4.0850876707e-01,2.5170654058e-02,,,,
,,,,4.2133333333e-01,-1.5827576053e-03,-4.0884705299e-01,2.4968999750e-02,,,,
,,,,4.2200000000e-01,-1.5721219424e-03,-4.0918261405e-01,2.4767094959e-02,,,,
,,,,4.2266666667e-01,-1.5614178986e-03,-4.0951544695e-01,2.4564941840e-02,,,,
,,,,4.2333333333e-01,-1.5506459509e-03,-4.0984554839e-01,2.4362542547e-02,,,,
,,,,4.2400000000e-01,-1.5398065788e-03,-4.1017291513e-01,2.4159899234e-02,,,,
,,,,4.2466666667e-01,-1.5289002647e-03,-4.1049754394e-01,2.3957014054e-02,,,,
,,,,4.2533333333e-01,-1.5179274937e-03,-4.1081943162e-01,2.3753889158e-02,,,,
,,,,4.2600000000e-01,-1.5068887534e-03,-4.1113857499e-01,2.3550526698e-02,,,,
,,,,4.2666666667e-01,-1.4957845341e-03,-4.1145497093e-01,2.3346928824e-02,,,,
,,,,4.2733333333e-01,-1.4846153288e-03,-4.1176861632e-01,2.3143097686e-02,,,,
,,,,4.2800000000e-01,-1.4733816330e-03,-4.1207950807e-01,2.2939035433e-02,,,,
,,,,4.2866666667e-01,-1.4620839447e-03,-4.1238764313e-01,2.2734744212e-02,,,,
,,,,4.2933333333e-01,-1.4507227646e-03,-4.1269301848e-01,2.2530226171e-02,,,,
,,,,4.3000000000e-01,-1.4392985959e-03,-4.1299563111e-01,2.2325483456e-02,,,,
,,,,4.3066666667e-01,-1.4278119442e-03,-4.1329547806e-01,2.2120518214e-02,,,,
,,,,4.3133333333e-01,-1.4162633177e-03,-4.1359255638e-01,2.1915332589e-02,,,,
,,,,4.3200000000e-01,-1.4046532270e-03,-4.1388686317e-01,2.1709928725e-02,,,,
,,,,4.3266666667e-01,-1.3929821852e-03,-4.1417839554e-01,2.1504308766e-02,,,,
,,,,4.3333333333e-01,-1.3812507076e-03,-4.1446715063e-01,2.1298474856e-02,,,,
,,,,4.3400000000e-01,-1.3694593123e-03,-4.1475312562e-01,2.1092429135e-02,,,,
,,,,4.3466666667e-01,-1.3576085193e-03,-4.1503631770e-01,2.0886173745e-02,,,,
,,,,4.3533333333e-01,-1.3456988513e-03,-4.1531672412e-01,2.0679710828e-02,,,,
,,,,4.3600000000e-01,-1.3337308332e-03,-4.1559434212e-01,2.0473042522e-02,,,,
,,,,4.3666666667e-01,-1.3217049922e-03,-4.1586916899e-01,2.0266170968e-02,,,,
,,,,4.3733333333e-01,-1.3096218579e-03,-4.1614120206e-01,2.0059098304e-02,,,,
,,,,4.3800000000e-01,-1.2974819619e-03,-4.1641043865e-01,1.9851826667e-02,,,,
,,,,4.3866666667e-01,-1.2852858383e-03,-4.1667687615e-01,1.9644358196e-02,,,,
,,,,4.3933333333e-01,-1.2730340232e-03,-4.1694051195e-01,1.9436695027e-02,,,,
,,,,4.4000000000e-01,-1.2607270552e-03,-4.1720134349e-01,1.9228839295e-02,,,,
,,,,4.4066666667e-01,-1.2483654748e-03,-4.1745936821e-01,1.9020793137e-02,,,,
,,,,4.4133333333e-01,-1.2359498247e-03,-4.1771458361e-01,1.8812558686e-02,,,,
,,,,4.4200000000e-01,-1.2234806497e-03,-4.1796698720e-01,1.8604138077e-02,,,,
,,,,4.4266666667e-01,-1.2109584969e-03,-4.1821657652e-01,1.8395533444e-02,,,,
,,,,4.4333333333e-01,-1.1983839152e-03,-4.1846334914e-01,1.8186746918e-02,,,,
,,,,4.4400000000e-01,-1.1857574559e-03,-4.1870730267e-01,1.7977780633e-02,,,,
,,,,4.4466666667e-01,-1.1730796719e-03,-4.1894843471e-01,1.7768636719e-02,,,,
,,,,4.4533333333e-01,-1.1603511185e-03,-4.1918674294e-01,1.7559317309e-02,,,,
,,,,4.4600000000e-01,-1.1475723527e-03,-4.1942222504e-01,1.7349824531e-02,,,,
,,,,4.4666666667e-01,-1.1347439338e-03,-4.1965487871e-01,1.7140160517e-02,,,,
,,,,4.4733333333e-01,-1.1218664227e-03,-4.1988470170e-01,1.6930327395e-02,,,,
,,,,4.4800000000e-01,-1.1089403823e-03,-4.2011169178e-01,1.6720327295e-02,,,,
,,,,4.4866666667e-01,-1.0959663777e-03,-4.2033584674e-01,1.6510162343e-02,,,,
,,,,4.4933333333e-01,-1.0829449754e-03,-4.2055716441e-01,1.6299834668e-02,,,,
,,,,4.5000000000e-01,-1.0698767442e-03,-4.2077564264e-01,1.6089346397e-02,,,,
,,,,4.5066666667e-01,-1.0567622543e-03,-4.2099127931e-01,1.5878699657e-02,,,,
,,,,4.5133333333e-01,-1.0436020781e-03,-4.2120407234e-01,1.5667896572e-02,,,,
,,,,4.5200000000e-01,-1.0303967895e-03,-4.2141401965e-01,1.5456939269e-02,,,,
,,,,4.5266666667e-01,-1.0171469644e-03,-4.2162111923e-01,1.5245829873e-02,,,,
,,,,4.5333333333e-01,-1.0038531801e-03,-4.2182536905e-01,1.5034570508e-02,,,,
,,,,4.5400000000e-01,-9.9051601593e-04,-4.2202676714e-01,1.4823163297e-02,,,,
,,,,4.5466666667e-01,-9.7713605279e-04,-4.2222531156e-01,1.4611610365e-02,,,,
,,,,4.5533333333e-01,-9.6371387322e-04,-4.2242100038e-01,1.4399913834e-02,,,,
,,,,4.5600000000e-01,-9.5025006143e-04,-4.2261383172e-01,1.4188075827e-02,,,,
,,,,4.5666666667e-01,-9.3674520326e-04,-4.2280380370e-01,1.3976098466e-02,,,,
,,,,4.5733333333e-01,-9.2319988611e-04,-4.2299091448e-01,1.3763983871e-02,,,,
,,,,4.5800000000e-01,-9.0961469900e-04,-4.2317516227e-01,1.3551734165e-02,,,,
,,,,4.5866666667e-01,-8.9599023244e-04,-4.2335654528e-01,1.3339351467e-02,,,,
,,,,4.5933333333e-01,-8.8232707852e-04,-4.2353506176e-01,1.3126837898e-02,,,,
,,,,4.6000000000e-01,-8.6862583080e-04,-4.2371070998e-01,1.2914195577e-02,,,,
,,,,4.6066666667e-01,-8.5488708431e-04,-4.2388348825e-01,1.2701426625e-02,,,,
,,,,4.6133333333e-01,-8.4111143556e-04,-4.2405339490e-01,1.2488533159e-02,,,,
,,,,4.6200000000e-01,-8.2729948247e-04,-4.2422042829e-01,1.2275517298e-02,,,,
,,,,4.6266666667e-01,-8.1345182437e-04,-4.2438458682e-01,1.2062381159e-02,,,,
,,,,4.6333333333e-01,-7.9956906199e-04,-4.2454586889e-01,1.1849126862e-02,,,,
,,,,4.6400000000e-01,-7.8565179739e-04,-4.2470427296e-01,1.1635756522e-02,,,,
,,,,4.6466666667e-01,-7.7170063398e-04,-4.2485979749e-01,1.1422272257e-02,,,,
,,,,4.6533333333e-01,-7.5771617648e-04,-4.2501244098e-01,1.1208676183e-02,,,,
,,,,4.6600000000e-01,-7.4369903090e-04,-4.2516220198e-01,1.0994970416e-02,,,,
,,,,4.6666666667e-01,-7.2964980451e-04,-4.2530907902e-01,1.0781157072e-02,,,,
,,,,4.6733333333e-01,-7.1556910583e-04,-4.2545307071e-01,1.0567238266e-02,,,,
,,,,4.6800000000e-01,-7.0145754456e-04,-4.2559417565e-01,1.0353216113e-02,,,,
,,,,4.6866666667e-01,-6.8731573164e-04,-4.2573239248e-01,1.0139092728e-02,,,,
,,,,4.6933333333e-01,-6.7314427914e-04,-4.2586771987e-01,9.9248702245e-03,,,,
,,,,4.7000000000e-01,-6.5894380030e-04,-4.2600015653e-01,9.7105507170e-03,,,,
,,,,4.7066666667e-01,-6.4471490947e-04,-4.2612970117e-01,9.4961363191e-03,,,,
,,,,4.7133333333e-01,-6.3045822208e-04,-4.2625635256e-01,9.2816291440e-03,,,,
,,,,4.7200000000e-01,-6.1617435465e-04,-4.2638010947e-01,9.0670313048e-03,,,,
,,,,4.7266666667e-01,-6.0186392475e-04,-4.2650097071e-01,8.8523449140e-03,,,,
,,,,4.7333333333e-01,-5.8752755097e-04,-4.2661893512e-01,8.6375720842e-03,,,,
,,,,4.7400000000e-01,-5.7316585288e-04,-4.2673400157e-01,8.4227149273e-03,,,,
,,,,4.7466666667e-01,-5.5877945105e-04,-4.2684616896e-01,8.2077755553e-03,,,,
,,,,4.7533333333e-01,-5.4436896700e-04,-4.2695543619e-01,7.9927560795e-03,,,,
,,,,4.7600000000e-01,-5.2993502316e-04,-4.2706180224e-01,7.7776586114e-03,,,,
,,,,4.7666666667e-01,-5.1547824287e-04,-4.2716526606e-01,7.5624852619e-03,,,,
,,,,4.7733333333e-01,-5.0099925035e-04,-4.2726582667e-01,7.3472381418e-03,,,,
,,,,4.7800000000e-01,-4.8649867069e-04,-4.2736348311e-01,7.1319193616e-03,,,,
,,,,4.7866666667e-01,-4.7197712978e-04,-4.2745823443e-01,6.9165310314e-03,,,,
,,,,4.7933333333e-01,-4.5743525434e-04,-4.2755007973e-01,6.7010752615e-03,,,,
,,,,4.8000000000e-01,-4.4287367185e-04,-4.2763901812e-01,6.4855541615e-03,,,,
,,,,4.8066666667e-01,-4.2829301058e-04,-4.2772504875e-01,6.2699698410e-03,,,,
,,,,4.8133333333e-01,-4.1369389950e-04,-4.2780817080e-01,6.0543244094e-03,,,,
,,,,4.8200000000e-01,-3.9907696830e-04,-4.2788838347e-01,5.8386199760e-03,,,,
,,,,4.8266666667e-01,-3.8444284736e-04,-4.2796568598e-01,5.6228586495e-03,,,,
,,,,4.8333333333e-01,-3.6979216772e-04,-4.2804007760e-01,5.4070425389e-03,,,,
,,,,4.8400000000e-01,-3.5512556105e-04,-4.2811155762e-01,5.1911737526e-03,,,,
,,,,4.8466666667e-01,-3.4044365963e-04,-4.2818012534e-01,4.9752543992e-03,,,,
,,,,4.8533333333e-01,-3.2574709633e-04,-4.2824578011e-01,4.7592865869e-03,,,,
,,,,4.8600000000e-01,-3.1103650459e-04,-4.2830852131e-01,4.5432724236e-03,,,,
,,,,4.8666666667e-01,-2.9631251838e-04,-4.2836834832e-01,4.3272140175e-03,,,,
,,,,4.8733333333e-01,-2.8157577218e-04,-4.2842526058e-01,4.1111134761e-03,,,,
,,,,4.8800000000e-01,-2.6682690098e-04,-4.2847925754e-01,3.8949729073e-03,,,,
,,,,4.8866666667e-01,-2.5206654020e-04,-4.2853033868e-01,3.6787944184e-03,,,,
,,,,4.8933333333e-01,-2.3729532573e-04,-4.2857850351e-01,3.4625801168e-03,,,,
,,,,4.9000000000e-01,-2.2251389387e-04,-4.2862375158e-01,3.2463321098e-03,,,,
,,,,4.9066666667e-01,-2.0772288131e-04,-4.2866608245e-01,3.0300525046e-03,,,,
,,,,4.9133333333e-01,-1.9292292509e-04,-4.2870549570e-01,2.8137434081e-03,,,,
,,,,4.9200000000e-01,-1.7811466263e-04,-4.2874199097e-01,2.5974069273e-03,,,,
,,,,4.9266666667e-01,-1.6329873164e-04,-4.2877556791e-01,2.3810451690e-03,,,,
,,,,4.9333333333e-01,-1.4847577013e-04,-4.2880622619e-01,2.1646602400e-03,,,,
,,,,4.9400000000e-01,-1.3364641637e-04,-4.2883396552e-01,1.9482542470e-03,,,,
,,,,4.9466666667e-01,-1.1881130891e-04,-4.2885878563e-01,1.7318292965e-03,,,,
,,,,4.9533333333e-01,-1.0397108647e-04,-4.2888068629e-01,1.5153874951e-03,,,,
,,,,4.9600000000e-01,-8.9126388013e-05,-4.2889966729e-01,1.2989309494e-03,,,,
,,,,4.9666666667e-01,-7.4277852641e-05,-4.2891572844e-01,1.0824617656e-03,,,,
,,,,4.9733333333e-01,-5.9426119618e-05,-4.2892886959e-01,8.6598205029e-04,,,,
,,,,4.9800000000e-01,-4.4571828327e-05,-4.2893909061e-01,6.4949390974e-04,,,,
,,,,4.9866666667e-01,-2.9715618249e-05,-4.2894639142e-01,4.3299945031e-04,,,,
,,,,4.9933333333e-01,-1.4858128938e-05,-4.2895077193e-01,2.1650077830e-04,,,,
,,,,5.0000000000e-01,1.1493574435e-19,-4.2895223210e-01,-9.5886865001e-18,,,,
,,,,5.0066666667e-01,1.4858128938e-05,-4.2895077193e-01,-2.1650077830e-04,,,,
,,,,5.0133333333e-01,2.9715618249e-05,-4.2894639142e-01,-4.3299945031e-04,,,,
,,,,5.0200000000e-01,4.4571828327e-05,-4.2893909061e-01,-6.4949390974e-04,,,,
,,,,5.0266666667e-01,5.9426119618e-05,-4.2892886959e-01,-8.6598205029e-04,,,,
,,,,5.0333333333e-01,7.4277852641e-05,-4.2891572844e-01,-1.0824617656e-03,,,,
,,,,5.0400000000e-01,8.9126388013e-05,-4.2889966729e-01,-1.2989309494e-03,,,,
,,,,5.0466666667e-01,1.0397108647e-04,-4.2888068629e-01,-1.5153874951e-03,,,,
,,,,5.0533333333e-01,1.1881130891e-04,-4.2885878563e-01,-1.7318292965e-03,,,,
,,,,5.0600000000e-01,1.3364641637e-04,-4.2883396552e-01,-1.9482542470e-03,,,,
,,,,5.0666666667e-01,1.4847577013e-04,-4.2880622619e-01,-2.1646602400e-03,,,,
,,,,5.0733333333e-01,1.6329873164e-04,-4.2877556791e-01,-2.3810451690e-03,,,,
,,,,5.0800000000e-01,1.7811466263e-04,-4.2874199097e-01,-2.5974069273e-03,,,,
,,,,5.0866666667e-01,1.9292292509e-04,-4.2870549570e-01,-2.8137434081e-03,,,,
,,,,5.0933333333e-01,2.0772288131e-04,-4.2866608245e-01,-3.0300525046e-03,,,,
,,,,5.1000000000e-01,2.2251389387e-04,-4.2862375158e-01,-3.2463321098e-03,,,,
,,,,5.1066666667e-01,2.3729532573e-04,-4.2857850351e-01,-3.4625801168e-03,,,,
,,,,5.1133333333e-01,2.5206654020e-04,-4.2853033868e-01,-3.6787944184e-03,,,,
,,,,5.1200000000e-01,2.6682690098e-04,-4.2847925754e-01,-3.8949729073e-03,,,,
,,,,5.1266666667e-01,2.8157577218e-04,-4.2842526058e-01,-4.1111134761e-03,,,,
,,,,5.1333333333e-01,2.9631251838e-04,-4.2836834832e-01,-4.3272140175e-03,,,,
,,,,5.1400000000e-01,3.1103650459e-04,-4.2830852131e-01,-4.5432724236e-03,,,,
,,,,5.1466666667e-01,3.2574709633e-04,-4.2824578011e-01,-4.7592865869e-03,,,,
,,,,5.1533333333e-01,3.4044365963e-04,-4.2818012534e-01,-4.9752543992e-03,,,,
,,,,5.1600000000e-01,3.5512556105e-04,-4.2811155762e-01,-5.1911737526e-03,,,,
,,,,5.1666666667e-01,3.6979216772e-04,-4.2804007760e-01,-5.4070425389e-03,,,,
,,,,5.1733333333e-01,3.8444284736e-04,-4.2796568598e-01,-5.6228586495e-03,,,,
,,,,5.1800000000e-01,3.9907696830e-04,-4.2788838347e-01,-5.8386199760e-03,,,,
,,,,5.1866666667e-01,4.1369389950e-04,-4.2780817080e-01,-6.0543244094e-03,,,,
,,,,5.1933333333e-01,4.2829301058e-04,-4.2772504875e-01,-6.2699698410e-03,,,,
,,,,5.2000000000e-01,4.4287367185e-04,-4.2763901812e-01,-6.4855541615e-03,,,,
,,,,5.2066666667e-01,4.5743525434e-04,-4.2755007973e-01,-6.7010752615e-03,,,,
,,,,5.2133333333e-01,4.7197712978e-04,-4.2745823443e-01,-6.9165310314e-03,,,,
,,,,5.2200000000e-01,4.8649867069e-04,-4.2736348311e-01,-7.1319193616e-03,,,,
,,,,5.2266666667e-01,5.0099925035e-04,-4.2726582667e-01,-7.3472381418e-03,,,,
,,,,5.2333333333e-01,5.1547824287e-04,-4.2716526606e-01,-7.5624852619e-03,,,,
,,,,5.2400000000e-01,5.2993502316e-04,-4.2706180224e-01,-7.7776586114e-03,,,,
,,,,5.2466666667e-01,5.4436896700e-04,-4.2695543619e-01,-7.9927560795e-03,,,,
,,,,5.2533333333e-01,5.5877945105e-04,-4.2684616896e-01,-8.2077755553e-03,,,,
,,,,5.2600000000e-01,5.7316585288e-04,-4.2673400157e-01,-8.4227149273e-03,,,,
,,,,5.2666666667e-01,5.8752755097e-04,-4.2661893512e-01,-8.6375720842e-03,,,,
,,,,5.2733333333e-01,6.0186392475e-04,-4.2650097071e-01,-8.8523449140e-03,,,,
,,,,5.2800000000e-01,6.1617435465e-04,-4.2638010947e-01,-9.0670313048e-03,,,,
,,,,5.2866666667e-01,6.3045822208e-04,-4.2625635256e-01,-9.2816291440e-03,,,,
,,,,5.2933333333e-01,6.4471490947e-04,-4.2612970117e-01,-9.4961363191e-03,,,,
,,,,5.3000000000e-01,6.5894380030e-04,-4.2600015653e-01,-9.7105507170e-03,,,,
,,,,5.3066666667e-01,6.7314427914e-04,-4.2586771987e-01,-9.9248702245e-03,,,,
,,,,5.3133333333e-01,6.8731573164e-04,-4.2573239248e-01,-1.0139092728e-02,,,,
,,,,5.3200000000e-01,7.0145754456e-04,-4.2559417565e-01,-1.0353216113e-02,,,,
,,,,5.3266666667e-01,7.1556910583e-04,-4.2545307071e-01,-1.0567238266e-02,,,,
,,,,5.3333333333e-01,7.2964980451e-04,-4.2530907902e-01,-1.0781157072e-02,,,,
,,,,5.3400000000e-01,7.4369903090e-04,-4.2516220198e-01,-1.0994970416e-02,,,,
,,,,5.3466666667e-01,7.5771617648e-04,-4.2501244098e-01,-1.1208676183e-02,,,,
,,,,5.3533333333e-01,7.7170063398e-04,-4.2485979749e-01,-1.1422272257e-02,,,,
,,,,5.3600000000e-01,7.8565179739e-04,-4.2470427296e-01,-1.1635756522e-02,,,,
,,,,5.3666666667e-01,7.9956906199e-04,-4.2454586889e-01,-1.1849126862e-02,,,,
,,,,5.3733333333e-01,8.1345182437e-04,-4.2438458682e-01,-1.2062381159e-02,,,,
,,,,5.3800000000e-01,8.2729948247e-04,-4.2422042829e-01,-1.2275517298e-02,,,,
,,,,5.3866666667e-01,8.4111143556e-04,-4.2405339490e-01,-1.2488533159e-02,,,,
,,,,5.3933333333e-01,8.5488708431e-04,-4.2388348825e-01,-1.2701426625e-02,,,,
,,,,5.4000000000e-01,8.6862583080e-04,-4.2371070998e-01,-1.2914195577e-02,,,,
,,,,5.4066666667e-01,8.8232707852e-04,-4.2353506176e-01,-1.3126837898e-02,,,,
,,,,5.4133333333e-01,8.9599023244e-04,-4.2335654528e-01,-1.3339351467e-02,,,,
,,,,5.4200000000e-01,9.0961469900e-04,-4.2317516227e-01,-1.3551734165e-02,,,,
,,,,5.4266666667e-01,9.2319988611e-04,-4.2299091448e-01,-1.3763983871e-02,,,,
,,,,5.4333333333e-01,9.3674520326e-04,-4.2280380370e-01,-1.3976098466e-02,,,,
,,,,5.4400000000e-01,9.5025006143e-04,-4.2261383172e-01,-1.4188075827e-02,,,,
,,,,5.4466666667e-01,9.6371387322e-04,-4.2242100038e-01,-1.4399913834e-02,,,,
,,,,5.4533333333e-01,9.7713605279e-04,-4.2222531156e-01,-1.4611610365e-02,,,,
,,,,5.4600000000e-01,9.9051601593e-04,-4.2202676714e-01,-1.4823163297e-02,,,,
,,,,5.4666666667e-01,1.0038531801e-03,-4.2182536905e-01,-1.5034570508e-02,,,,
,,,,5.4733333333e-01,1.0171469644e-03,-4.2162111923e-01,-1.5245829873e-02,,,,
,,,,5.4800000000e-01,1.0303967895e-03,-4.2141401965e-01,-1.5456939269e-02,,,,
,,,,5.4866666667e-01,1.0436020781e-03,-4.2120407234e-01,-1.5667896572e-02,,,,
,,,,5.4933333333e-01,1.0567622543e-03,-4.2099127931e-01,-1.5878699657e-02,,,,
,,,,5.5000000000e-01,1.0698767442e-03,-4.2077564264e-01,-1.6089346397e-02,,,,
,,,,5.5066666667e-01,1.0829449754e-03,-4.2055716441e-01,-1.6299834668e-02,,,,
,,,,5.5133333333e-01,1.0959663777e-03,-4.2033584674e-01,-1.6510162343e-02,,,,
,,,,5.5200000000e-01,1.1089403823e-03,-4.2011169178e-01,-1.6720327295e-02,,,,
,,,,5.5266666667e-01,1.1218664227e-03,-4.1988470170e-01,-1.6930327395e-02,,,,
,,,,5.5333333333e-01,1.1347439338e-03,-4.1965487871e-01,-1.7140160517e-02,,,,
,,,,5.5400000000e-01,1.1475723527e-03,-4.1942222504e-01,-1.7349824531e-02,,,,
,,,,5.5466666667e-01,1.1603511185e-03,-4.1918674294e-01,-1.7559317309e-02,,,,
,,,,5.5533333333e-01,1.1730796719e-03,-4.1894843471e-01,-1.7768636719e-02,,,,
,,,,5.5600000000e-01,1.1857574559e-03,-4.1870730267e-01,-1.7977780633e-02,,,,
,,,,5.5666666667e-01,1.1983839152e-03,-4.1846334914e-01,-1.8186746918e-02,,,,
,,,,5.5733333333e-01,1.2109584969e-03,-4.1821657652e-01,-1.8395533444e-02,,,,
,,,,5.5800000000e-01,1.2234806497e-03,-4.1796698720e-01,-1.8604138077e-02,,,,
,,,,5.5866666667e-01,1.2359498247e-03,-4.1771458361e-01,-1.8812558686e-02,,,,
,,,,5.5933333333e-01,1.2483654748e-03,-4.1745936821e-01,-1.9020793137e-02,,,,
,,,,5.6000000000e-01,1.2607270552e-03,-4.1720134349e-01,-1.9228839295e-02,,,,
,,,,5.6066666667e-01,1.2730340232e-03,-4.1694051195e-01,-1.9436695027e-02,,,,
,,,,5.6133333333e-01,1.2852858383e-03,-4.1667687615e-01,-1.9644358196e-02,,,,
,,,,5.6200000000e-01,1.2974819619e-03,-4.1641043865e-01,-1.9851826667e-02,,,,
,,,,5.6266666667e-01,1.3096218579e-03,-4.1614120206e-01,-2.0059098304e-02,,,,
,,,,5.6333333333e-01,1.3217049922e-03,-4.1586916899e-01,-2.0266170968e-02,,,,
,,,,5.6400000000e-01,1.3337308332e-03,-4.1559434212e-01,-2.0473042522e-02,,,,
,,,,5.6466666667e-01,1.3456988513e-03,-4.1531672412e-01,-2.0679710828e-02,,,,
,,,,5.6533333333e-01,1.3576085193e-03,-4.1503631770e-01,-2.0886173745e-02,,,,
,,,,5.6600000000e-01,1.3694593123e-03,-4.1475312562e-01,-2.1092429135e-02,,,,
,,,,5.6666666667e-01,1.3812507076e-03,-4.1446715063e-01,-2.1298474856e-02,,,,
,,,,5.6733333333e-01,1.3929821852e-03,-4.1417839554e-01,-2.1504308766e-02,,,,
,,,,5.6800000000e-01,1.4046532270e-03,-4.1388686317e-01,-2.1709928725e-02,,,,
,,,,5.6866666667e-01,1.4162633177e-03,-4.1359255638e-01,-2.1915332589e-02,,,,
,,,,5.6933333333e-01,1.4278119442e-03,-4.1329547806e-01,-2.2120518214e-02,,,,
,,,,5.7000000000e-01,1.4392985959e-03,-4.1299563111e-01,-2.2325483456e-02,,,,
,,,,5.7066666667e-01,1.4507227646e-03,-4.1269301848e-01,-2.2530226171e-02,,,,
,,,,5.7133333333e-01,1.4620839447e-03,-4.1238764313e-01,-2.2734744212e-02,,,,
,,,,5.7200000000e-01,1.4733816330e-03,-4.1207950807e-01,-2.2939035433e-02,,,,
,,,,5.7266666667e-01,1.4846153288e-03,-4.1176861632e-01,-2.3143097686e-02,,,,
,,,,5.7333333333e-01,1.4957845341e-03,-4.1145497093e-01,-2.3346928824e-02,,,,
,,,,5.7400000000e-01,1.5068887534e-03,-4.1113857499e-01,-2.3550526698e-02,,,,
,,,,5.7466666667e-01,1.5179274937e-03,-4.1081943162e-01,-2.3753889158e-02,,,,
,,,,5.7533333333e-01,1.5289002647e-03,-4.1049754394e-01,-2.3957014054e-02,,,,
,,,,5.7600000000e-01,1.5398065788e-03,-4.1017291513e-01,-2.4159899234e-02,,,,
,,,,5.7666666667e-01,1.5506459509e-03,-4.0984554839e-01,-2.4362542547e-02,,,,
,,,,5.7733333333e-01,1.5614178986e-03,-4.0951544695e-01,-2.4564941840e-02,,,,
,,,,5.7800000000e-01,1.5721219424e-03,-4.0918261405e-01,-2.4767094959e-02,,,,
,,,,5.7866666667e-01,1.5827576053e-03,-4.0884705299e-01,-2.4968999750e-02,,,,
,,,,5.7933333333e-01,1.5933244131e-03,-4.0850876707e-01,-2.5170654058e-02,,,,
,,,,5.8000000000e-01,1.6038218943e-03,-4.0816775964e-01,-2.5372055726e-02,,,,
,,,,5.8066666667e-01,1.6142495804e-03,-4.0782403406e-01,-2.5573202597e-02,,,,
,,,,5.8133333333e-01,1.6246070056e-03,-4.0747759373e-01,-2.5774092514e-02,,,,
,,,,5.8200000000e-01,1.6348937067e-03,-4.0712844208e-01,-2.5974723318e-02,,,,
,,,,5.8266666667e-01,1.6451092237e-03,-4.0677658257e-01,-2.6175092850e-02,,,,
,,,,5.8333333333e-01,1.6552530992e-03,-4.0642201867e-01,-2.6375198948e-02,,,,
,,,,5.8400000000e-01,1.6653248789e-03,-4.0606475391e-01,-2.6575039453e-02,,,,
,,,,5.8466666667e-01,1.6753241113e-03,-4.0570479182e-01,-2.6774612201e-02,,,,
,,,,5.8533333333e-01,1.6852503477e-03,-4.0534213597e-01,-2.6973915029e-02,,,,
,,,,5.8600000000e-01,1.6951031426e-03,-4.0497678996e-01,-2.7172945774e-02,,,,
,,,,5.8666666667e-01,1.7048820534e-03,-4.0460875742e-01,-2.7371702271e-02,,,,
,,,,5.8733333333e-01,1.7145866404e-03,-4.0423804201e-01,-2.7570182353e-02,,,,
,,,,5.8800000000e-01,1.7242164669e-03,-4.0386464740e-01,-2.7768383855e-02,,,,
,,,,5.8866666667e-01,1.7337710994e-03,-4.0348857732e-01,-2.7966304608e-02,,,,
,,,,5.8933333333e-01,1.7432501073e-03,-4.0310983551e-01,-2.8163942444e-02,,,,
,,,,5.9000000000e-01,1.7526530631e-03,-4.0272842574e-01,-2.8361295194e-02,,,,
,,,,5.9066666667e-01,1.7619795425e-03,-4.0234435180e-01,-2.8558360686e-02,,,,
,,,,5.9133333333e-01,1.7712291242e-03,-4.0195761754e-01,-2.8755136750e-02,,,,
,,,,5.9200000000e-01,1.7804013900e-03,-4.0156822680e-01,-2.8951621212e-02,,,,
,,,,5.9266666667e-01,1.7894959250e-03,-4.0117618347e-01,-2.9147811900e-02,,,,
,,,,5.9333333333e-01,1.7985123174e-03,-4.0078149147e-01,-2.9343706640e-02,,,,
,,,,5.9400000000e-01,1.8074501586e-03,-4.0038415475e-01,-2.9539303255e-02,,,,
,,,,5.9466666667e-01,1.8163090431e-03,-3.9998417727e-01,-2.9734599569e-02,,,,
,,,,5.9533333333e-01,1.8250885688e-03,-3.9958156304e-01,-2.9929593406e-02,,,,
,,,,5.9600000000e-01,1.8337883369e-03,-3.9917631609e-01,-3.0124282586e-02,,,,
,,,,5.9666666667e-01,1.8424079516e-03,-3.9876844049e-01,-3.0318664930e-02,,,,
,,,,5.9733333333e-01,1.8509470207e-03,-3.9835794031e-01,-3.0512738259e-02,,,,
,,,,5.9800000000e-01,1.8594051550e-03,-3.9794481968e-01,-3.0706500389e-02,,,,
,,,,5.9866666667e-01,1.8677819690e-03,-3.9752908275e-01,-3.0899949140e-02,,,,
,,,,5.9933333333e-01,1.8760770803e-03,-3.9711073368e-01,-3.1093082327e-02,,,,
,,,,6.0000000000e-01,1.8842901098e-03,-3.9668977670e-01,-3.1285897766e-02,,,,
,,,,6.0066666667e-01,1.8924206820e-03,-3.9626621603e-01,-3.1478393270e-02,,,,
,,,,6.0133333333e-01,1.9004684248e-03,-3.9584005593e-01,-3.1670566655e-02,,,,
,,,,6.0200000000e-01,1.9084329693e-03,-3.9541130069e-01,-3.1862415730e-02,,,,
,,,,6.0266666667e-01,1.9163139503e-03,-3.9497995465e-01,-3.2053938309e-02,,,,
,,,,6.0333333333e-01,1.9241110059e-03,-3.9454602214e-01,-3.2245132200e-02,,,,
,,,,6.0400000000e-01,1.9318237778e-03,-3.9410950755e-01,-3.2435995212e-02,,,,
,,,,6.0466666667e-01,1.9394519111e-03,-3.9367041529e-01,-3.2626525155e-02,,,,
,,,,6.0533333333e-01,1.9469950546e-03,-3.9322874979e-01,-3.2816719833e-02,,,,
,,,,6.0600000000e-01,1.9544528603e-03,-3.9278451552e-01,-3.3006577053e-02,,,,
,,,,6.0666666667e-01,1.9618249841e-03,-3.9233771698e-01,-3.3196094619e-02,,,,
,,,,6.0733333333e-01,1.9691110853e-03,-3.9188835870e-01,-3.3385270335e-02,,,,
,,,,6.0800000000e-01,1.9763108269e-03,-3.9143644521e-01,-3.3574102002e-02,,,,
,,,,6.0866666667e-01,1.9834238754e-03,-3.9098198112e-01,-3.3762587423e-02,,,,
,,,,6.0933333333e-01,1.9904499010e-03,-3.9052497103e-01,-3.3950724396e-02,,,,
,,,,6.1000000000e-01,1.9973885776e-03,-3.9006541959e-01,-3.4138510720e-02,,,,
,,,,6.1066666667e-01,2.0042395826e-03,-3.8960333146e-01,-3.4325944194e-02,,,,
,,,,6.1133333333e-01,2.0110025972e-03,-3.8913871135e-01,-3.4513022612e-02,,,,
,,,,6.1200000000e-01,2.0176773063e-03,-3.8867156399e-01,-3.4699743772e-02,,,,
,,,,6.1266666667e-01,2.0242633986e-03,-3.8820189413e-01,-3.4886105465e-02,,,,
,,,,6.1333333333e-01,2.0307605664e-03,-3.8772970657e-01,-3.5072105487e-02,,,,
,,,,6.1400000000e-01,2.0371685058e-03,-3.8725500611e-01,-3.5257741627e-02,,,,
,,,,6.1466666667e-01,2.0434869167e-03,-3.8677779762e-01,-3.5443011676e-02,,,,
,,,,6.1533333333e-01,2.0497155027e-03,-3.8629808596e-01,-3.5627913424e-02,,,,
,,,,6.1600000000e-01,2.0558539714e-03,-3.8581587604e-01,-3.5812444659e-02,,,,
,,,,6.1666666667e-01,2.0619020341e-03,-3.8533117280e-01,-3.5996603167e-02,,,,
,,,,6.1733333333e-01,2.0678594058e-03,-3.8484398120e-01,-3.6180386733e-02,,,,
,,,,6.1800000000e-01,2.0737258057e-03,-3.8435430623e-01,-3.6363793143e-02,,,,
,,,,6.1866666667e-01,2.0795009566e-03,-3.8386215292e-01,-3.6546820178e-02,,,,
,,,,6.1933333333e-01,2.0851845853e-03,-3.8336752632e-01,-3.6729465621e-02,,,,
,,,,6.2000000000e-01,2.0907764225e-03,-3.8287043152e-01,-3.6911727251e-02,,,,
,,,,6.2066666667e-01,2.0962762028e-03,-3.8237087362e-01,-3.7093602849e-02,,,,
,,,,6.2133333333e-01,2.1016836647e-03,-3.8186885776e-01,-3.7275090192e-02,,,,
,,,,6.2200000000e-01,2.1069985509e-03,-3.8136438912e-01,-3.7456187056e-02,,,,
,,,,6.2266666667e-01,2.1122206078e-03,-3.8085747290e-01,-3.7636891218e-02,,,,
,,,,6.2333333333e-01,2.1173495858e-03,-3.8034811433e-01,-3.7817200450e-02,,,,
,,,,6.2400000000e-01,2.1223852396e-03,-3.7983631867e-01,-3.7997112526e-02,,,,
,,,,6.2466666667e-01,2.1273273276e-03,-3.7932209120e-01,-3.8176625216e-02,,,,
,,,,6.2533333333e-01,2.1321756124e-03,-3.7880543724e-01,-3.8355736291e-02,,,,
,,,,6.2600000000e-01,2.1369298606e-03,-3.7828636215e-01,-3.8534443520e-02,,,,
,,,,6.2666666667e-01,2.1415898429e-03,-3.7776487130e-01,-3.8712744670e-02,,,,
,,,,6.2733333333e-01,2.1461553342e-03,-3.7724097009e-01,-3.8890637506e-02,,,,
,,,,6.2800000000e-01,2.1506261133e-03,-3.7671466398e-01,-3.9068119794e-02,,,,
,,,,6.2866666667e-01,2.1550019632e-03,-3.7618595841e-01,-3.9245189297e-02,,,,
,,,,6.2933333333e-01,2.1592826711e-03,-3.7565485890e-01,-3.9421843776e-02,,,,
,,,,6.3000000000e-01,2.1634680282e-03,-3.7512137096e-01,-3.9598080992e-02,,,,
,,,,6.3066666667e-01,2.1675578301e-03,-3.7458550016e-01,-3.9773898704e-02,,,,
,,,,6.3133333333e-01,2.1715518764e-03,-3.7404725207e-01,-3.9949294670e-02,,,,
,,,,6.3200000000e-01,2.1754499709e-03,-3.7350663232e-01,-4.0124266647e-02,,,,
,,,,6.3266666667e-01,2.1792519216e-03,-3.7296364654e-01,-4.0298812389e-02,,,,
,,,,6.3333333333e-01,2.1829575410e-03,-3.7241830043e-01,-4.0472929649e-02,,,,
,,,,6.3400000000e-01,2.1865666454e-03,-3.7187059967e-01,-4.0646616180e-02,,,,
,,,,6.3466666667e-01,2.1900790556e-03,-3.7132055001e-01,-4.0819869732e-02,,,,
,,,,6.3533333333e-01,2.1934945967e-03,-3.7076815720e-01,-4.0992688055e-02,,,,
,,,,6.3600000000e-01,2.1968130981e-03,-3.7021342706e-01,-4.1165068897e-02,,,,
,,,,6.3666666667e-01,2.2000343932e-03,-3.6965636539e-01,-4.1337010002e-02,,,,
,,,,6.3733333333e-01,2.2031583201e-03,-3.6909697806e-01,-4.1508509118e-02,,,,
,,,,6.3800000000e-01,2.2061847211e-03,-3.6853527095e-01,-4.1679563986e-02,,,,
,,,,6.3866666667e-01,2.2091134427e-03,-3.6797124998e-01,-4.1850172349e-02,,,,
,,,,6.3933333333e-01,2.2119443358e-03,-3.6740492108e-01,-4.2020331947e-02,,,,
,,,,6.4000000000e-01,2.2146772559e-03,-3.6683629024e-01,-4.2190040520e-02,,,,
,,,,6.4066666667e-01,2.2173120626e-03,-3.6626536345e-01,-4.2359295804e-02,,,,
,,,,6.4133333333e-01,2.2198486199e-03,-3.6569214676e-01,-4.2528095535e-02,,,,
,,,,6.4200000000e-01,2.2222867965e-03,-3.6511664623e-01,-4.2696437449e-02,,,,
,,,,6.4266666667e-01,2.2246264652e-03,-3.6453886795e-01,-4.2864319277e-02,,,,
,,,,6.4333333333e-01,2.2268675034e-03,-3.6395881805e-01,-4.3031738752e-02,,,,
,,,,6.4400000000e-01,2.2290097928e-03,-3.6337650269e-01,-4.3198693603e-02,,,,
,,,,6.4466666667e-01,2.2310532199e-03,-3.6279192804e-01,-4.3365181558e-02,,,,
,,,,6.4533333333e-01,2.2329976752e-03,-3.6220510033e-01,-4.3531200344e-02,,,,
,,,,6.4600000000e-01,2.2348430540e-03,-3.6161602580e-01,-4.3696747687e-02,,,,
,,,,6.4666666667e-01,2.2365892561e-03,-3.6102471073e-01,-4.3861821310e-02,,,,
,,,,6.4733333333e-01,2.2382361856e-03,-3.6043116142e-01,-4.4026418935e-02,,,,
,,,,6.4800000000e-01,2.2397837514e-03,-3.5983538421e-01,-4.4190538282e-02,,,,
,,,,6.4866666667e-01,2.2412318667e-03,-3.5923738547e-01,-4.4354177071e-02,,,,
,,,,6.4933333333e-01,2.2425804494e-03,-3.5863717159e-01,-4.4517333019e-02,,,,
,,,,6.5000000000e-01,2.2438294218e-03,-3.5803474900e-01,-4.4680003842e-02,,,,
,,,,6.5066666667e-01,2.2449787109e-03,-3.5743012416e-01,-4.4842187253e-02,,,,
,,,,6.5133333333e-01,2.2460282482e-03,-3.5682330356e-01,-4.5003880966e-02,,,,
,,,,6.5200000000e-01,2.2469779700e-03,-3.5621429372e-01,-4.5165082691e-02,,,,
,,,,6.5266666667e-01,2.2478278169e-03,-3.5560310118e-01,-4.5325790137e-02,,,,
,,,,6.5333333333e-01,2.2485777343e-03,-3.5498973253e-01,-4.5486001012e-02,,,,
,,,,6.5400000000e-01,2.2492276723e-03,-3.5437419437e-01,-4.5645713023e-02,,,,
,,,,6.5466666667e-01,2.2497775853e-03,-3.5375649334e-01,-4.5804923872e-02,,,,
,,,,6.5533333333e-01,2.2502274328e-03,-3.5313663612e-01,-4.5963631264e-02,,,,
,,,,6.5600000000e-01,2.2505771786e-03,-3.5251462941e-01,-4.6121832899e-02,,,,
,,,,6.5666666667e-01,2.2508267913e-03,-3.5189047994e-01,-4.6279526476e-02,,,,
,,,,6.5733333333e-01,2.2509762443e-03,-3.5126419447e-01,-4.6436709693e-02,,,,
,,,,6.5800000000e-01,2.2510255156e-03,-3.5063577980e-01,-4.6593380246e-02,,,,
,,,,6.5866666667e-01,2.2509745877e-03,-3.5000524274e-01,-4.6749535829e-02,,,,
,,,,6.5933333333e-01,2.2508234482e-03,-3.4937259015e-01,-4.6905174136e-02,,,,
,,,,6.6000000000e-01,2.2505720891e-03,-3.4873782893e-01,-4.7060292856e-02,,,,
,,,,6.6066666667e-01,2.2502205073e-03,-3.4810096598e-01,-4.7214889679e-02,,,,
,,,,6.6133333333e-01,2.2497687043e-03,-3.4746200825e-01,-4.7368962292e-02,,,,
,,,,6.6200000000e-01,2.2492166866e-03,-3.4682096271e-01,-4.7522508382e-02,,,,
,,,,6.6266666667e-01,2.2485644652e-03,-3.4617783638e-01,-4.7675525631e-02,,,,
,,,,6.6333333333e-01,2.2478120560e-03,-3.4553263630e-01,-4.7828011723e-02,,,,
,,,,6.6400000000e-01,2.2469594797e-03,-3.4488536953e-01,-4.7979964337e-02,,,,
,,,,6.6466666667e-01,2.2460067617e-03,-3.4423604317e-01,-4.8131381153e-02,,,,
,,,,6.6533333333e-01,2.2449539322e-03,-3.4358466436e-01,-4.8282259847e-02,,,,
,,,,6.6600000000e-01,2.2438010263e-03,-3.4293124026e-01,-4.8432598095e-02,,,,
,,,,6.6666666667e-01,2.2425480838e-03,-3.4227577805e-01,-4.8582393569e-02,,,,
,,,,6.6733333333e-01,2.2411951495e-03,-3.4161828497e-01,-4.8731643942e-02,,,,
,,,,6.6800000000e-01,2.2397422729e-03,-3.4095876827e-01,-4.8880346883e-02,,,,
,,,,6.6866666667e-01,2.2381895082e-03,-3.4029723523e-01,-4.9028500061e-02,,,,
,,,,6.6933333333e-01,2.2365369148e-03,-3.3963369317e-01,-4.9176101140e-02,,,,
,,,,6.7000000000e-01,2.2347845566e-03,-3.3896814944e-01,-4.9323147787e-02,,,,
,,,,6.7066666667e-01,2.2329325026e-03,-3.3830061142e-01,-4.9469637663e-02,,,,
,,,,6.7133333333e-01,2.2309808266e-03,-3.3763108651e-01,-4.9615568429e-02,,,,
,,,,6.7200000000e-01,2.2289296072e-03,-3.3695958217e-01,-4.9760937743e-02,,,,
,,,,6.7266666667e-01,2.2267789280e-03,-3.3628610585e-01,-4.9905743264e-02,,,,
,,,,6.7333333333e-01,2.2245288775e-03,-3.3561066507e-01,-5.0049982645e-02,,,,
,,,,6.7400000000e-01,2.2221795490e-03,-3.3493326735e-01,-5.0193653541e-02,,,,
,,,,6.7466666667e-01,2.2197310407e-03,-3.3425392027e-01,-5.0336753602e-02,,,,
,,,,6.7533333333e-01,2.2171834558e-03,-3.3357263142e-01,-5.0479280478e-02,,,,
,,,,6.7600000000e-01,2.2145369024e-03,-3.3288940842e-01,-5.0621231817e-02,,,,
,,,,6.7666666667e-01,2.2117914936e-03,-3.3220425895e-01,-5.0762605265e-02,,,,
,,,,6.7733333333e-01,2.2089473472e-03,-3.3151719068e-01,-5.0903398465e-02,,,,
,,,,6.7800000000e-01,2.2060045861e-03,-3.3082821134e-01,-5.1043609060e-02,,,,
,,,,6.7866666667e-01,2.2029633381e-03,-3.3013732868e-01,-5.1183234689e-02,,,,
,,,,6.7933333333e-01,2.1998237361e-03,-3.2944455048e-01,-5.1322272990e-02,,,,
,,,,6.8000000000e-01,2.1965859178e-03,-3.2874988457e-01,-5.1460721600e-02,,,,
,,,,6.8066666667e-01,2.1932500258e-03,-3.2805333879e-01,-5.1598578153e-02,,,,
,,,,6.8133333333e-01,2.1898162078e-03,-3.2735492102e-01,-5.1735840281e-02,,,,
,,,,6.8200000000e-01,2.1862846165e-03,-3.2665463917e-01,-5.1872505615e-02,,,,
,,,,6.8266666667e-01,2.1826554094e-03,-3.2595250118e-01,-5.2008571782e-02,,,,
,,,,6.8333333333e-01,2.1789287491e-03,-3.2524851502e-01,-5.2144036410e-02,,,,
,,,,6.8400000000e-01,2.1751048032e-03,-3.2454268870e-01,-5.2278897122e-02,,,,
,,,,6.8466666667e-01,2.1711837443e-03,-3.2383503025e-01,-5.2413151541e-02,,,,
,,,,6.8533333333e-01,2.1671657498e-03,-3.2312554775e-01,-5.2546797288e-02,,,,
,,,,6.8600000000e-01,2.1630510025e-03,-3.2241424929e-01,-5.2679831981e-02,,,,
,,,,6.8666666667e-01,2.1588396897e-03,-3.2170114300e-01,-5.2812253236e-02,,,,
,,,,6.8733333333e-01,2.1545320041e-03,-3.2098623705e-01,-5.2944058668e-02,,,,
,,,,6.8800000000e-01,2.1501281432e-03,-3.2026953963e-01,-5.3075245890e-02,,,,
,,,,6.8866666667e-01,2.1456283096e-03,-3.1955105896e-01,-5.3205812511e-02,,,,
,,,,6.8933333333e-01,2.1410327110e-03,-3.1883080331e-01,-5.3335756140e-02,,,,
,,,,6.9000000000e-01,2.1363415598e-03,-3.1810878097e-01,-5.3465074384e-02,,,,
,,,,6.9066666667e-01,2.1315550739e-03,-3.1738500025e-01,-5.3593764846e-02,,,,
,,,,6.9133333333e-01,2.1266734758e-03,-3.1665946951e-01,-5.3721825129e-02,,,,
,,,,6.9200000000e-01,2.1216969931e-03,-3.1593219714e-01,-5.3849252832e-02,,,,
,,,,6.9266666667e-01,2.1166258588e-03,-3.1520319154e-01,-5.3976045555e-02,,,,
,,,,6.9333333333e-01,2.1114603104e-03,-3.1447246118e-01,-5.4102200893e-02,,,,
,,,,6.9400000000e-01,2.1062005907e-03,-3.1374001453e-01,-5.4227716439e-02,,,,
,,,,6.9466666667e-01,2.1008469477e-03,-3.1300586011e-01,-5.4352589786e-02,,,,
,,,,6.9533333333e-01,2.0953996342e-03,-3.1227000646e-01,-5.4476818524e-02,,,,
,,,,6.9600000000e-01,2.0898589079e-03,-3.1153246215e-01,-5.4600400239e-02,,,,
,,,,6.9666666667e-01,2.0842250320e-03,-3.1079323580e-01,-5.4723332517e-02,,,,
,,,,6.9733333333e-01,2.0784982743e-03,-3.1005233605e-01,-5.4845612943e-02,,,,
,,,,6.9800000000e-01,2.0726789080e-03,-3.0930977157e-01,-5.4967239096e-02,,,,
,,,,6.9866666667e-01,2.0667672109e-03,-3.0856555107e-01,-5.5088208556e-02,,,,
,,,,6.9933333333e-01,2.0607634663e-03,-3.0781968328e-01,-5.5208518900e-02,,,,
,,,,7.0000000000e-01,2.0546679624e-03,-3.0707217697e-01,-5.5328167702e-02,,,,
,,,,7.0066666667e-01,2.0484809922e-03,-3.0632304095e-01,-5.5447152536e-02,,,,
,,,,7.0133333333e-01,2.0422028541e-03,-3.0557228405e-01,-5.5565470971e-02,,,,
,,,,7.0200000000e-01,2.0358338513e-03,-3.0481991514e-01,-5.5683120576e-02,,,,
,,,,7.0266666667e-01,2.0293742922e-03,-3.0406594312e-01,-5.5800098917e-02,,,,
,,,,7.0333333333e-01,2.0228244901e-03,-3.0331037691e-01,-5.5916403558e-02,,,,
,,,,7.0400000000e-01,2.0161847634e-03,-3.0255322548e-01,-5.6032032060e-02,,,,
,,,,7.0466666667e-01,2.0094554356e-03,-3.0179449784e-01,-5.6146981983e-02,,,,
,,,,7.0533333333e-01,2.0026368351e-03,-3.0103420299e-01,-5.6261250885e-02,,,,
,,,,7.0600000000e-01,1.9957292956e-03,-3.0027235002e-01,-5.6374836319e-02,,,,
,,,,7.0666666667e-01,1.9887331556e-03,-2.9950894800e-01,-5.6487735839e-02,,,,
,,,,7.0733333333e-01,1.9816487586e-03,-2.9874400607e-01,-5.6599946996e-02,,,,
,,,,7.0800000000e-01,1.9744764533e-03,-2.9797753338e-01,-5.6711467338e-02,,,,
,,,,7.0866666667e-01,1.9672165935e-03,-2.9720953914e-01,-5.6822294410e-02,,,,
,,,,7.0933333333e-01,1.9598695377e-03,-2.9644003255e-01,-5.6932425757e-02,,,,
,,,,7.1000000000e-01,1.9524356497e-03,-2.9566902287e-01,-5.7041858920e-02,,,,
,,,,7.1066666667e-01,1.9449152983e-03,-2.9489651940e-01,-5.7150591438e-02,,,,
,,,,7.1133333333e-01,1.9373088571e-03,-2.9412253146e-01,-5.7258620849e-02,,,,
,,,,7.1200000000e-01,1.9296167051e-03,-2.9334706840e-01,-5.7365944686e-02,,,,
,,,,7.1266666667e-01,1.9218392260e-03,-2.9257013961e-01,-5.7472560483e-02,,,,
,,,,7.1333333333e-01,1.9139768085e-03,-2.9179175451e-01,-5.7578465769e-02,,,,
,,,,7.1400000000e-01,1.9060298466e-03,-2.9101192255e-01,-5.7683658073e-02,,,,
,,,,7.1466666667e-01,1.8979987391e-03,-2.9023065321e-01,-5.7788134918e-02,,,,
,,,,7.1533333333e-01,1.8898838897e-03,-2.8944795602e-01,-5.7891893830e-02,,,,
,,,,7.1600000000e-01,1.8816857072e-03,-2.8866384053e-01,-5.7994932327e-02,,,,
,,,,7.1666666667e-01,1.8734046055e-03,-2.8787831632e-01,-5.8097247930e-02,,,,
,,,,7.1733333333e-01,1.8650410034e-03,-2.8709139302e-01,-5.8198838153e-02,,,,
,,,,7.1800000000e-01,1.8565953246e-03,-2.8630308026e-01,-5.8299700510e-02,,,,
,,,,7.1866666667e-01,1.8480679978e-03,-2.8551338773e-01,-5.8399832514e-02,,,,
,,,,7.1933333333e-01,1.8394594568e-03,-2.8472232516e-01,-5.8499231672e-02,,,,
,,,,7.2000000000e-01,1.8307701402e-03,-2.8392990228e-01,-5.8597895491e-02,,,,
,,,,7.2066666667e-01,1.8220004917e-03,-2.8313612889e-01,-5.8695821476e-02,,,,
,,,,7.2133333333e-01,1.8131509597e-03,-2.8234101480e-01,-5.8793007128e-02,,,,
,,,,7.2200000000e-01,1.8042219980e-03,-2.8154456985e-01,-5.8889449946e-02,,,,
,,,,7.2266666667e-01,1.7952140648e-03,-2.8074680394e-01,-5.8985147429e-02,,,,
,,,,7.2333333333e-01,1.7861276236e-03,-2.7994772697e-01,-5.9080097069e-02,,,,
,,,,7.2400000000e-01,1.7769631428e-03,-2.7914734889e-01,-5.9174296359e-02,,,,
,,,,7.2466666667e-01,1.7677210955e-03,-2.7834567970e-01,-5.9267742789e-02,,,,
,,,,7.2533333333e-01,1.7584019599e-03,-2.7754272940e-01,-5.9360433847e-02,,,,
,,,,7.2600000000e-01,1.7490062190e-03,-2.7673850804e-01,-5.9452367016e-02,,,,
,,,,7.2666666667e-01,1.7395343607e-03,-2.7593302570e-01,-5.9543539779e-02,,,,
,,,,7.2733333333e-01,1.7299868780e-03,-2.7512629251e-01,-5.9633949616e-02,,,,
,,,,7.2800000000e-01,1.7203642684e-03,-2.7431831861e-01,-5.9723594005e-02,,,,
,,,,7.2866666667e-01,1.7106670345e-03,-2.7350911418e-01,-5.9812470419e-02,,,,
,,,,7.2933333333e-01,1.7008956839e-03,-2.7269868944e-01,-5.9900576333e-02,,,,
,,,,7.3000000000e-01,1.6910507286e-03,-2.7188705465e-01,-5.9987909214e-02,,,,
,,,,7.3066666667e-01,1.6811326860e-03,-2.7107422008e-01,-6.0074466532e-02,,,,
,,,,7.3133333333e-01,1.6711420778e-03,-2.7026019605e-01,-6.0160245750e-02,,,,
,,,,7.3200000000e-01,1.6610794309e-03,-2.6944499291e-01,-6.0245244332e-02,,,,
,,,,7.3266666667e-01,1.6509452769e-03,-2.6862862105e-01,-6.0329459736e-02,,,,
,,,,7.3333333333e-01,1.6407401521e-03,-2.6781109089e-01,-6.0412889421e-02,,,,
,,,,7.3400000000e-01,1.6304645977e-03,-2.6699241288e-01,-6.0495530840e-02,,,,
,,,,7.3466666667e-01,1.6201191596e-03,-2.6617259750e-01,-6.0577381447e-02,,,,
,,,,7.3533333333e-01,1.6097043887e-03,-2.6535165528e-01,-6.0658438691e-02,,,,
,,,,7.3600000000e-01,1.5992208403e-03,-2.6452959677e-01,-6.0738700018e-02,,,,
,,,,7.3666666667e-01,1.5886690746e-03,-2.6370643256e-01,-6.0818162873e-02,,,,
,,,,7.3733333333e-01,1.5780496567e-03,-2.6288217326e-01,-6.0896824699e-02,,,,
,,,,7.3800000000e-01,1.5673631562e-03,-2.6205682955e-01,-6.0974682935e-02,,,,
,,,,7.3866666667e-01,1.5566101475e-03,-2.6123041210e-01,-6.1051735016e-02,,,,
,,,,7.3933333333e-01,1.5457912097e-03,-2.6040293164e-01,-6.1127978378e-02,,,,
,,,,7.4000000000e-01,1.5349069266e-03,-2.5957439892e-01,-6.1203410452e-02,,,,
,,,,7.4066666667e-01,1.5239578865e-03,-2.5874482475e-01,-6.1278028667e-02,,,,
,,,,7.4133333333e-01,1.5129446826e-03,-2.5791421995e-01,-6.1351830448e-02,,,,
,,,,7.4200000000e-01,1.5018679127e-03,-2.5708259537e-01,-6.1424813220e-02,,,,
,,,,7.4266666667e-01,1.4907281791e-03,-2.5624996192e-01,-6.1496974404e-02,,,,
,,,,7.4333333333e-01,1.4795260887e-03,-2.5541633052e-01,-6.1568311417e-02,,,,
,,,,7.4400000000e-01,1.4682622533e-03,-2.5458171213e-01,-6.1638821676e-02,,,,
,,,,7.4466666667e-01,1.4569372889e-03,-2.5374611776e-01,-6.1708502594e-02,,,,
,,,,7.4533333333e-01,1.4455518164e-03,-2.5290955844e-01,-6.1777351580e-02,,,,
,,,,7.4600000000e-01,1.4341064610e-03,-2.5207204523e-01,-6.1845366043e-02,,,,
,,,,7.4666666667e-01,1.4226018526e-03,-2.5123358923e-01,-6.1912543387e-02,,,,
,,,,7.4733333333e-01,1.4110386255e-03,-2.5039420158e-01,-6.1978881015e-02,,,,
,,,,7.4800000000e-01,1.3994174187e-03,-2.4955389345e-01,-6.2044376325e-02,,,,
,,,,7.4866666667e-01,1.3877388755e-03,-2.4871267604e-01,-6.2109026716e-02,,,,
,,,,7.4933333333e-01,1.3760036438e-03,-2.4787056060e-01,-6.2172829581e-02,,,,
,,,,7.5000000000e-01,1.3642123759e-03,-2.4702755840e-01,-6.2235782311e-02,,,,
,,,,7.5066666667e-01,1.3523657287e-03,-2.4618368074e-01,-6.2297882295e-02,,,,
,,,,7.5133333333e-01,1.3404643631e-03,-2.4533893898e-01,-6.2359126919e-02,,,,
,,,,7.5200000000e-01,1.3285089450e-03,-2.4449334448e-01,-6.2419513565e-02,,,,
,,,,7.5266666667e-01,1.3165001443e-03,-2.4364690866e-01,-6.2479039615e-02,,,,
,,,,7.5333333333e-01,1.3044386352e-03,-2.4279964298e-01,-6.2537702447e-02,,,,
,,,,7.5400000000e-01,1.2923250967e-03,-2.4195155890e-01,-6.2595499433e-02,,,,
,,,,7.5466666667e-01,1.2801602116e-03,-2.4110266796e-01,-6.2652427948e-02,,,,
,,,,7.5533333333e-01,1.2679446675e-03,-2.4025298169e-01,-6.2708485360e-02,,,,
,,,,7.5600000000e-01,1.2556791559e-03,-2.3940251170e-01,-6.2763669035e-02,,,,
,,,,7.5666666667e-01,1.2433643728e-03,-2.3855126959e-01,-6.2817976337e-02,,,,
,,,,7.5733333333e-01,1.2310010184e-03,-2.3769926704e-01,-6.2871404627e-02,,,,
,,,,7.5800000000e-01,1.2185897972e-03,-2.3684651572e-01,-6.2923951262e-02,,,,
,,,,7.5866666667e-01,1.2061314179e-03,-2.3599302738e-01,-6.2975613599e-02,,,,
,,,,7.5933333333e-01,1.1936265932e-03,-2.3513881377e-01,-6.3026388989e-02,,,,
,,,,7.6000000000e-01,1.1810760403e-03,-2.3428388669e-01,-6.3076274782e-02,,,,
,,,,7.6066666667e-01,1.1684804803e-03,-2.3342825797e-01,-6.3125268325e-02,,,,
,,,,7.6133333333e-01,1.1558406386e-03,-2.3257193948e-01,-6.3173366960e-02,,,,
,,,,7.6200000000e-01,1.1431572446e-03,-2.3171494313e-01,-6.3220568030e-02,,,,
,,,,7.6266666667e-01,1.1304310318e-03,-2.3085728086e-01,-6.3266868871e-02,,,,
,,,,7.6333333333e-01,1.1176627378e-03,-2.2999896463e-01,-6.3312266820e-02,,,,
,,,,7.6400000000e-01,1.1048531043e-03,-2.2914000647e-01,-6.3356759208e-02,,,,
,,,,7.6466666667e-01,1.0920028769e-03,-2.2828041840e-01,-6.3400343364e-02,,,,
,,,,7.6533333333e-01,1.0791128053e-03,-2.2742021253e-01,-6.3443016616e-02,,,,
,,,,7.6600000000e-01,1.0661836430e-03,-2.2655940096e-01,-6.3484776287e-02,,,,
,,,,7.6666666667e-01,1.0532161478e-03,-2.2569799584e-01,-6.3525619696e-02,,,,
,,,,7.6733333333e-01,1.0402110811e-03,-2.2483600937e-01,-6.3565544162e-02,,,,
,,,,7.6800000000e-01,1.0271692083e-03,-2.2397345376e-01,-6.3604547000e-02,,,,
,,,,7.6866666667e-01,1.0140912987e-03,-2.2311034127e-01,-6.3642625521e-02,,,,
,,,,7.6933333333e-01,1.0009781254e-03,-2.2224668421e-01,-6.3679777033e-02,,,,
,,,,7.7000000000e-01,9.8783046545e-04,-2.2138249489e-01,-6.3715998844e-02,,,,
,,,,7.7066666667e-01,9.7464909951e-04,-2.2051778570e-01,-6.3751288255e-02,,,,
,,,,7.7133333333e-01,9.6143481216e-04,-2.1965256902e-01,-6.3785642566e-02,,,,
,,,,7.7200000000e-01,9.4818839166e-04,-2.1878685730e-01,-6.3819059075e-02,,,,
,,,,7.7266666667e-01,9.3491063004e-04,-2.1792066301e-01,-6.3851535075e-02,,,,
,,,,7.7333333333e-01,9.2160232297e-04,-2.1705399866e-01,-6.3883067857e-02,,,,
,,,,7.7400000000e-01,9.0826426981e-04,-2.1618687680e-01,-6.3913654709e-02,,,,
,,,,7.7466666667e-01,8.9489727357e-04,-2.1531931001e-01,-6.3943292915e-02,,,,
,,,,7.7533333333e-01,8.8150214084e-04,-2.1445131091e-01,-6.3971979758e-02,,,,
,,,,7.7600000000e-01,8.6807968182e-04,-2.1358289215e-01,-6.3999712517e-02,,,,
,,,,7.7666666667e-01,8.5463071023e-04,-2.1271406642e-01,-6.4026488466e-02,,,,
,,,,7.7733333333e-01,8.4115604335e-04,-2.1184484645e-01,-6.4052304879e-02,,,,
,,,,7.7800000000e-01,8.2765650192e-04,-2.1097524500e-01,-6.4077159025e-02,,,,
,,,,7.7866666667e-01,8.1413291017e-04,-2.1010527488e-01,-6.4101048171e-02,,,,
,,,,7.7933333333e-01,8.0058609575e-04,-2.0923494891e-01,-6.4123969581e-02,,,,
,,,,7.8000000000e-01,7.8701688972e-04,-2.0836427997e-01,-6.4145920513e-02,,,,
,,,,7.8066666667e-01,7.7342612649e-04,-2.0749328097e-01,-6.4166898227e-02,,,,
,,,,7.8133333333e-01,7.5981464385e-04,-2.0662196486e-01,-6.4186899976e-02,,,,
,,,,7.8200000000e-01,7.4618328287e-04,-2.0575034461e-01,-6.4205923011e-02,,,,
,,,,7.8266666667e-01,7.3253288792e-04,-2.0487843324e-01,-6.4223964580e-02,,,,
,,,,7.8333333333e-01,7.1886430659e-04,-2.0400624381e-01,-6.4241021928e-02,,,,
,,,,7.8400000000e-01,7.0517838970e-04,-2.0313378940e-01,-6.4257092297e-02,,,,
,,,,7.8466666667e-01,6.9147599125e-04,-2.0226108315e-01,-6.4272172925e-02,,,,
,,,,7.8533333333e-01,6.7775796839e-04,-2.0138813822e-01,-6.4286261048e-02,,,,
,,,,7.8600000000e-01,6.6402518138e-04,-2.0051496782e-01,-6.4299353897e-02,,,,
,,,,7.8666666667e-01,6.5027849355e-04,-1.9964158517e-01,-6.4311448702e-02,,,,
,,,,7.8733333333e-01,6.3651877130e-04,-1.9876800356e-01,-6.4322542689e-02,,,,
,,,,7.8800000000e-01,6.2274688401e-04,-1.9789423630e-01,-6.4332633081e-02,,,,
,,,,7.8866666667e-01,6.0896370407e-04,-1.9702029673e-01,-6.4341717097e-02,,,,
,,,,7.8933333333e-01,5.9517010678e-04,-1.9614619824e-01,-6.4349791953e-02,,,,
,,,,7.9000000000e-01,5.8136697036e-04,-1.9527195426e-01,-6.4356854863e-02,,,,
,,,,7.9066666667e-01,5.6755517591e-04,-1.9439757824e-01,-6.4362903037e-02,,,,
,,,,7.9133333333e-01,5.5373560734e-04,-1.9352308368e-01,-6.4367933680e-02,,,,
,,,,7.9200000000e-01,5.3990915137e-04,-1.9264848412e-01,-6.4371943998e-02,,,,
,,,,7.9266666667e-01,5.2607669748e-04,-1.9177379312e-01,-6.4374931189e-02,,,,
,,,,7.9333333333e-01,5.1223913786e-04,-1.9089902430e-01,-6.4376892452e-02,,,,
,,,,7.9400000000e-01,4.9839736740e-04,-1.9002419130e-01,-6.4377824979e-02,,,,
,,,,7.9466666667e-01,4.8455228361e-04,-1.8914930780e-01,-6.4377725961e-02,,,,
,,,,7.9533333333e-01,4.7070478663e-04,-1.8827438752e-01,-6.4376592586e-02,,,,
,,,,7.9600000000e-01,4.5685577916e-04,-1.8739944423e-01,-6.4374422037e-02,,,,
,,,,7.9666666667e-01,4.4300616644e-04,-1.8652449171e-01,-6.4371211495e-02,,,,
,,,,7.9733333333e-01,4.2915685616e-04,-1.8564954380e-01,-6.4366958138e-02,,,,
,,,,7.9800000000e-01,4.1530875851e-04,-1.8477461437e-01,-6.4361659139e-02,,,,
,,,,7.9866666667e-01,4.0146278604e-04,-1.8389971732e-01,-6.4355311669e-02,,,,
,,,,7.9933333333e-01,3.8761985371e-04,-1.8302486661e-01,-6.4347912895e-02,,,,
,,,,8.0000000000e-01,3.7378087877e-04,-1.8215007622e-01,-6.4339459983e-02,,,,
,,,,8.0066666667e-01,3.5994678077e-04,-1.8127536016e-01,-6.4329950092e-02,,,,
,,,,8.0133333333e-01,3.4611848151e-04,-1.8040073250e-01,-6.4319380379e-02,,,,
,,,,8.0200000000e-01,3.3229690496e-04,-1.7952620732e-01,-6.4307748000e-02,,,,
,,,,8.0266666667e-01,3.1848297728e-04,-1.7865179877e-01,-6.4295050105e-02,,,,
,,,,8.0333333333e-01,3.0467762673e-04,-1.7777752102e-01,-6.4281283840e-02,,,,
,,,,8.0400000000e-01,2.9088178363e-04,-1.7690338828e-01,-6.4266446351e-02,,,,
,,,,8.0466666667e-01,2.7709638034e-04,-1.7602941479e-01,-6.4250534777e-02,,,,
,,,,8.0533333333e-01,2.6332235119e-04,-1.7515561484e-01,-6.4233546256e-02,,,,
,,,,8.0600000000e-01,2.4956063245e-04,-1.7428200276e-01,-6.4215477922e-02,,,,
,,,,8.0666666667e-01,2.3581216228e-04,-1.7340859291e-01,-6.4196326904e-02,,,,
,,,,8.0733333333e-01,2.2207788069e-04,-1.7253539968e-01,-6.4176090331e-02,,,,
,,,,8.0800000000e-01,2.0835872949e-04,-1.7166243752e-01,-6.4154765325e-02,,,,
,,,,8.0866666667e-01,1.9465565224e-04,-1.7078972090e-01,-6.4132349007e-02,,,,
,,,,8.0933333333e-01,1.8096959419e-04,-1.6991726434e-01,-6.4108838494e-02,,,,
,,,,8.1000000000e-01,1.6730150227e-04,-1.6904508239e-01,-6.4084230898e-02,,,,
,,,,8.1066666667e-01,1.5365232501e-04,-1.6817318964e-01,-6.4058523329e-02,,,,
,,,,8.1133333333e-01,1.4002301252e-04,-1.6730160072e-01,-6.4031712895e-02,,,,
,,,,8.1200000000e-01,1.2641451639e-04,-1.6643033031e-01,-6.4003796697e-02,,,,
,,,,8.1266666667e-01,1.1282778971e-04,-1.6555939310e-01,-6.3974771835e-02,,,,
,,,,8.1333333333e-01,9.9263786967e-05,-1.6468880385e-01,-6.3944635404e-02,,,,
,,,,8.1400000000e-01,8.5723464010e-05,-1.6381857734e-01,-6.3913384498e-02,,,,
,,,,8.1466666667e-01,7.2207778016e-05,-1.6294872839e-01,-6.3881016205e-02,,,,
,,,,8.1533333333e-01,5.8717687420e-05,-1.6207927186e-01,-6.3847527611e-02,,,,
,,,,8.1600000000e-01,4.5254151873e-05,-1.6121022266e-01,-6.3812915797e-02,,,,
,,,,8.1666666667e-01,3.1818132187e-05,-1.6034159572e-01,-6.3777177842e-02,,,,
,,,,8.1733333333e-01,1.8410590285e-05,-1.5947340602e-01,-6.3740310820e-02,,,,
,,,,8.1800000000e-01,5.0324891462e-06,-1.5860566858e-01,-6.3702311802e-02,,,,
,,,,8.1866666667e-01,-8.3152072431e-06,-1.5773839845e-01,-6.3663177857e-02,,,,
,,,,8.1933333333e-01,-2.1631533946e-05,-1.5687161073e-01,-6.3622906049e-02,,,,
,,,,8.2000000000e-01,-3.4915525129e-05,-1.5600532056e-01,-6.3581493437e-02,,,,
,,,,8.2066666667e-01,-4.8166214112e-05,-1.5513954310e-01,-6.3538937080e-02,,,,
,,,,8.2133333333e-01,-6.1382633429e-05,-1.5427429356e-01,-6.3495234029e-02,,,,
,,,,8.2200000000e-01,-7.4563814877e-05,-1.5340958721e-01,-6.3450381336e-02,,,,
,,,,8.2266666667e-01,-8.7708789577e-05,-1.5254543933e-01,-6.3404376046e-02,,,,
,,,,8.2333333333e-01,-1.0081658803e-04,-1.5168186525e-01,-6.3357215202e-02,,,,
,,,,8.2400000000e-01,-1.1388624016e-04,-1.5081888033e-01,-6.3308895843e-02,,,,
,,,,8.2466666667e-01,-1.2691677539e-04,-1.4995650000e-01,-6.3259415004e-02,,,,
,,,,8.2533333333e-01,-1.3990722270e-04,-1.4909473969e-01,-6.3208769716e-02,,,,
,,,,8.2600000000e-01,-1.5285661065e-04,-1.4823361489e-01,-6.3156957009e-02,,,,
,,,,8.2666666667e-01,-1.6576396750e-04,-1.4737314113e-01,-6.3103973906e-02,,,,
,,,,8.2733333333e-01,-1.7862832120e-04,-1.4651333398e-01,-6.3049817427e-02,,,,
,,,,8.2800000000e-01,-1.9144869950e-04,-1.4565420905e-01,-6.2994484591e-02,,,,
,,,,8.2866666667e-01,-2.0422412998e-04,-1.4479578197e-01,-6.2937972409e-02,,,,
,,,,8.2933333333e-01,-2.1695364015e-04,-1.4393806843e-01,-6.2880277893e-02,,,,
,,,,8.3000000000e-01,-2.2963625744e-04,-1.4308108417e-01,-6.2821398048e-02,,,,
,,,,8.3066666667e-01,-2.4227100934e-04,-1.4222484494e-01,-6.2761329876e-02,,,,
,,,,8.3133333333e-01,-2.5485692340e-04,-1.4136936654e-01,-6.2700070376e-02,,,,
,,,,8.3200000000e-01,-2.6739302734e-04,-1.4051466484e-01,-6.2637616543e-02,,,,
,,,,8.3266666667e-01,-2.7987834907e-04,-1.3966075570e-01,-6.2573965368e-02,,,,
,,,,8.3333333333e-01,-2.9231191678e-04,-1.3880765505e-01,-6.2509113837e-02,,,,
,,,,8.3400000000e-01,-3.0469275900e-04,-1.3795537887e-01,-6.2443058936e-02,,,,
,,,,8.3466666667e-01,-3.1701990466e-04,-1.3710394315e-01,-6.2375797643e-02,,,,
,,,,8.3533333333e-01,-3.2929238314e-04,-1.3625336393e-01,-6.2307326936e-02,,,,
,,,,8.3600000000e-01,-3.4150922438e-04,-1.3540365732e-01,-6.2237643785e-02,,,,
,,,,8.3666666667e-01,-3.5366945889e-04,-1.3455483942e-01,-6.2166745161e-02,,,,
,,,,8.3733333333e-01,-3.6577211784e-04,-1.3370692641e-01,-6.2094628027e-02,,,,
,,,,8.3800000000e-01,-3.7781623314e-04,-1.3285993449e-01,-6.2021289344e-02,,,,
,,,,8.3866666667e-01,-3.8980083749e-04,-1.3201387991e-01,-6.1946726071e-02,,,,
,,,,8.3933333333e-01,-4.0172496445e-04,-1.3116877895e-01,-6.1870935159e-02,,,,
,,,,8.4000000000e-01,-4.1358764851e-04,-1.3032464795e-01,-6.1793913560e-02,,,,
,,,,8.4066666667e-01,-4.2538792517e-04,-1.2948150327e-01,-6.1715658217e-02,,,,
,,,,8.4133333333e-01,-4.3712483098e-04,-1.2863936133e-01,-6.1636166075e-02,,,,
,,,,8.4200000000e-01,-4.4879740362e-04,-1.2779823856e-01,-6.1555434069e-02,,,,
,,,,8.4266666667e-01,-4.6040468201e-04,-1.2695815147e-01,-6.1473459136e-02,,,,
,,,,8.4333333333e-01,-4.7194570633e-04,-1.2611911657e-01,-6.1390238204e-02,,,,
,,,,8.4400000000e-01,-4.8341951808e-04,-1.2528115045e-01,-6.1305768201e-02,,,,
,,,,8.4466666667e-01,-4.9482516023e-04,-1.2444426972e-01,-6.1220046048e-02,,,,
,,,,8.4533333333e-01,-5.0616167720e-04,-1.2360849103e-01,-6.1133068666e-02,,,,
,,,,8.4600000000e-01,-5.1742811501e-04,-1.2277383107e-01,-6.1044832968e-02,,,,
,,,,8.4666666667e-01,-5.2862352128e-04,-1.2194030658e-01,-6.0955335865e-02,,,,
,,,,8.4733333333e-01,-5.3974694538e-04,-1.2110793434e-01,-6.0864574265e-02,,,,
,,,,8.4800000000e-01,-5.5079743842e-04,-1.2027673117e-01,-6.0772545070e-02,,,,
,,,,8.4866666667e-01,-5.6177405342e-04,-1.1944671392e-01,-6.0679245180e-02,,,,
,,,,8.4933333333e-01,-5.7267584530e-04,-1.1861789949e-01,-6.0584671490e-02,,,,
,,,,8.5000000000e-01,-5.8350187100e-04,-1.1779030483e-01,-6.0488820891e-02,,,,
,,,,8.5066666667e-01,-5.9425118955e-04,-1.1696394692e-01,-6.0391690270e-02,,,,
,,,,8.5133333333e-01,-6.0492286214e-04,-1.1613884278e-01,-6.0293276510e-02,,,,
,,,,8.5200000000e-01,-6.1551595222e-04,-1.1531500948e-01,-6.0193576492e-02,,,,
,,,,8.5266666667e-01,-6.2602952553e-04,-1.1449246412e-01,-6.0092587090e-02,,,,
,,,,8.5333333333e-01,-6.3646265023e-04,-1.1367122387e-01,-5.9990305176e-02,,,,
,,,,8.5400000000e-01,-6.4681439695e-04,-1.1285130589e-01,-5.9886727617e-02,,,,
,,,,8.5466666667e-01,-6.5708383888e-04,-1.1203272744e-01,-5.9781851277e-02,,,,
,,,,8.5533333333e-01,-6.6727005183e-04,-1.1121550577e-01,-5.9675673015e-02,,,,
,,,,8.5600000000e-01,-6.7737211436e-04,-1.1039965821e-01,-5.9568189686e-02,,,,
,,,,8.5666666667e-01,-6.8738910779e-04,-1.0958520212e-01,-5.9459398141e-02,,,,
,,,,8.5733333333e-01,-6.9732011636e-04,-1.0877215489e-01,-5.9349295229e-02,,,,
,,,,8.5800000000e-01,-7.0716422725e-04,-1.0796053396e-01,-5.9237877791e-02,,,,
,,,,8.5866666667e-01,-7.1692053068e-04,-1.0715035682e-01,-5.9125142668e-02,,,,
,,,,8.5933333333e-01,-7.2658812003e-04,-1.0634164100e-01,-5.9011086695e-02,,,,
,,,,8.6000000000e-01,-7.3616609186e-04,-1.0553440405e-01,-5.8895706701e-02,,,,
,,,,8.6066666667e-01,-7.4565354605e-04,-1.0472866360e-01,-5.8778999515e-02,,,,
,,,,8.6133333333e-01,-7.5504958585e-04,-1.0392443728e-01,-5.8660961960e-02,,,,
,,,,8.6200000000e-01,-7.6435331800e-04,-1.0312174280e-01,-5.8541590853e-02,,,,
,,,,8.6266666667e-01,-7.7356385278e-04,-1.0232059790e-01,-5.8420883010e-02,,,,
,,,,8.6333333333e-01,-7.8268030411e-04,-1.0152102034e-01,-5.8298835241e-02,,,,
,,,,8.6400000000e-01,-7.9170178965e-04,-1.0072302795e-01,-5.8175444353e-02,,,,
,,,,8.6466666667e-01,-8.0062743089e-04,-9.9926638594e-02,-5.8050707147e-02,,,,
,,,,8.6533333333e-01,-8.0945635320e-04,-9.9131870180e-02,-5.7924620423e-02,,,,
,,,,8.6600000000e-01,-8.1818768598e-04,-9.8338740654e-02,-5.7797180973e-02,,,,
,,,,8.6666666667e-01,-8.2682056268e-04,-9.7547268008e-02,-5.7668385589e-02,,,,
,,,,8.6733333333e-01,-8.3535412097e-04,-9.6757470276e-02,-5.7538231054e-02,,,,
,,,,8.6800000000e-01,-8.4378750276e-04,-9.5969365533e-02,-5.7406714152e-02,,,,
,,,,8.6866666667e-01,-8.5211985432e-04,-9.5182971901e-02,-5.7273831659e-02,,,,
,,,,8.6933333333e-01,-8.6035032640e-04,-9.4398307540e-02,-5.7139580348e-02,,,,
,,,,8.7000000000e-01,-8.6847807426e-04,-9.3615390656e-02,-5.7003956988e-02,,,,
,,,,8.7066666667e-01,-8.7650225784e-04,-9.2834239498e-02,-5.6866958344e-02,,,,
,,,,8.7133333333e-01,-8.8442204179e-04,-9.2054872355e-02,-5.6728581177e-02,,,,
,,,,8.7200000000e-01,-8.9223659559e-04,-9.1277307564e-02,-5.6588822242e-02,,,,
,,,,8.7266666667e-01,-8.9994509366e-04,-9.0501563500e-02,-5.6447678291e-02,,,,
,,,,8.7333333333e-01,-9.0754671542e-04,-8.9727658585e-02,-5.6305146073e-02,,,,
,,,,8.7400000000e-01,-9.1504064542e-04,-8.8955611283e-02,-5.6161222330e-02,,,,
,,,,8.7466666667e-01,-9.2242607343e-04,-8.8185440100e-02,-5.6015903803e-02,,,,
,,,,8.7533333333e-01,-9.2970219453e-04,-8.7417163587e-02,-5.5869187225e-02,,,,
,,,,8.7600000000e-01,-9.3686820920e-04,-8.6650800339e-02,-5.5721069328e-02,,,,
,,,,8.7666666667e-01,-9.4392332346e-04,-8.5886368992e-02,-5.5571546839e-02,,,,
,,,,8.7733333333e-01,-9.5086674891e-04,-8.5123888228e-02,-5.5420616478e-02,,,,
,,,,8.7800000000e-01,-9.5769770287e-04,-8.4363376771e-02,-5.5268274964e-02,,,,
,,,,8.7866666667e-01,-9.6441540850e-04,-8.3604853389e-02,-5.5114519010e-02,,,,
,,,,8.7933333333e-01,-9.7101909484e-04,-8.2848336895e-02,-5.4959345326e-02,,,,
,,,,8.8000000000e-01,-9.7750799696e-04,-8.2093846144e-02,-5.4802750617e-02,,,,
,,,,8.8066666667e-01,-9.8388135606e-04,-8.1341400035e-02,-5.4644731582e-02,,,,
,,,,8.8133333333e-01,-9.9013841956e-04,-8.0591017512e-02,-5.4485284918e-02,,,,
,,,,8.8200000000e-01,-9.9627844121e-04,-7.9842717563e-02,-5.4324407316e-02,,,,
,,,,8.8266666667e-01,-1.0023006812e-03,-7.9096519218e-02,-5.4162095465e-02,,,,
,,,,8.8333333333e-01,-1.0082044062e-03,-7.8352441554e-02,-5.3998346046e-02,,,,
,,,,8.8400000000e-01,-1.0139888896e-03,-7.7610503688e-02,-5.3833155740e-02,,,,
,,,,8.8466666667e-01,-1.0196534116e-03,-7.6870724787e-02,-5.3666521219e-02,,,,
,,,,8.8533333333e-01,-1.0251972591e-03,-7.6133124056e-02,-5.3498439154e-02,,,,
,,,,8.8600000000e-01,-1.0306197261e-03,-7.5397720749e-02,-5.3328906210e-02,,,,
,,,,8.8666666667e-01,-1.0359201137e-03,-7.4664534162e-02,-5.3157919048e-02,,,,
,,,,8.8733333333e-01,-1.0410977300e-03,-7.3933583637e-02,-5.2985474325e-02,,,,
,,,,8.8800000000e-01,-1.0461518905e-03,-7.3204888557e-02,-5.2811568693e-02,,,,
,,,,8.8866666667e-01,-1.0510819183e-03,-7.2478468354e-02,-5.2636198799e-02,,,,
,,,,8.8933333333e-01,-1.0558871437e-03,-7.1754342502e-02,-5.2459361287e-02,,,,
,,,,8.9000000000e-01,-1.0605669050e-03,-7.1032530521e-02,-5.2281052796e-02,,,,
,,,,8.9066666667e-01,-1.0651205478e-03,-7.0313051973e-02,-5.2101269959e-02,,,,
,,,,8.9133333333e-01,-1.0695474261e-03,-6.9595926469e-02,-5.1920009407e-02,,,,
,,,,8.9200000000e-01,-1.0738469013e-03,-6.8881173661e-02,-5.1737267765e-02,,,,
,,,,8.9266666667e-01,-1.0780183433e-03,-6.8168813247e-02,-5.1553041654e-02,,,,
,,,,8.9333333333e-01,-1.0820611302e-03,-6.7458864972e-02,-5.1367327690e-02,,,,
,,,,8.9400000000e-01,-1.0859746482e-03,-6.6751348623e-02,-5.1180122485e-02,,,,
,,,,8.9466666667e-01,-1.0897582921e-03,-6.6046284035e-02,-5.0991422646e-02,,,,
,,,,8.9533333333e-01,-1.0934114652e-03,-6.5343691084e-02,-5.0801224776e-02,,,,
,,,,8.9600000000e-01,-1.0969335796e-03,-6.4643589696e-02,-5.0609525473e-02,,,,
,,,,8.9666666667e-01,-1.1003240561e-03,-6.3945999838e-02,-5.0416321330e-02,,,,
,,,,8.9733333333e-01,-1.1035823243e-03,-6.3250941527e-02,-5.0221608938e-02,,,,
,,,,8.9800000000e-01,-1.1067078231e-03,-6.2558434820e-02,-5.0025384880e-02,,,,
,,,,8.9866666667e-01,-1.1097000005e-03,-6.1868499823e-02,-4.9827645736e-02,,,,
,,,,8.9933333333e-01,-1.1125583136e-03,-6.1181156687e-02,-4.9628388081e-02,,,,
,,,,9.0000000000e-01,-1.1152822291e-03,-6.0496425607e-02,-4.9427608487e-02,,,,
,,,,9.0066666667e-01,-1.1178712232e-03,-5.9814326826e-02,-4.9225303520e-02,,,,
,,,,9.0133333333e-01,-1.1203247818e-03,-5.9134880631e-02,-4.9021469740e-02,,,,
,,,,9.0200000000e-01,-1.1226424004e-03,-5.8458107355e-02,-4.8816103706e-02,,,,
,,,,9.0266666667e-01,-1.1248235846e-03,-5.7784027377e-02,-4.8609201968e-02,,,,
,,,,9.0333333333e-01,-1.1268678501e-03,-5.7112661122e-02,-4.8400761076e-02,,,,
,,,,9.0400000000e-01,-1.1287747225e-03,-5.6444029060e-02,-4.8190777571e-02,,,,
,,,,9.0466666667e-01,-1.1305437379e-03,-5.5778151708e-02,-4.7979247992e-02,,,,
,,,,9.0533333333e-01,-1.1321744427e-03,-5.5115049629e-02,-4.7766168873e-02,,,,
,,,,9.0600000000e-01,-1.1336663941e-03,-5.4454743432e-02,-4.7551536742e-02,,,,
,,,,9.0666666667e-01,-1.1350191598e-03,-5.3797253771e-02,-4.7335348125e-02,,,,
,,,,9.0733333333e-01,-1.1362323182e-03,-5.3142601349e-02,-4.7117599540e-02,,,,
,,,,9.0800000000e-01,-1.1373054588e-03,-5.2490806912e-02,-4.6898287503e-02,,,,
,,,,9.0866666667e-01,-1.1382381824e-03,-5.1841891254e-02,-4.6677408523e-02,,,,
,,,,9.0933333333e-01,-1.1390301005e-03,-5.1195875216e-02,-4.6454959107e-02,,,,
,,,,9.1000000000e-01,-1.1396808365e-03,-5.0552779684e-02,-4.6230935754e-02,,,,
,,,,9.1066666667e-01,-1.1401900249e-03,-4.9912625592e-02,-4.6005334961e-02,,,,
,,,,9.1133333333e-01,-1.1405573120e-03,-4.9275433920e-02,-4.5778153219e-02,,,,
,,,,9.1200000000e-01,-1.1407823559e-03,-4.8641225694e-02,-4.5549387015e-02,,,,
,,,,9.1266666667e-01,-1.1408648264e-03,-4.8010021988e-02,-4.5319032830e-02,,,,
,,,,9.1333333333e-01,-1.1408044057e-03,-4.7381843921e-02,-4.5087087141e-02,,,,
,,,,9.1400000000e-01,-1.1406007877e-03,-4.6756712662e-02,-4.4853546421e-02,,,,
,,,,9.1466666667e-01,-1.1402536790e-03,-4.6134649423e-02,-4.4618407136e-02,,,,
,,,,9.1533333333e-01,-1.1397627986e-03,-4.5515675466e-02,-4.4381665750e-02,,,,
,,,,9.1600000000e-01,-1.1391278780e-03,-4.4899812099e-02,-4.4143318719e-02,,,,
,,,,9.1666666667e-01,-1.1383486615e-03,-4.4287080677e-02,-4.3903362497e-02,,,,
,,,,9.1733333333e-01,-1.1374249062e-03,-4.3677502601e-02,-4.3661793533e-02,,,,
,,,,9.1800000000e-01,-1.1363563824e-03,-4.3071099323e-02,-4.3418608269e-02,,,,
,,,,9.1866666667e-01,-1.1351428735e-03,-4.2467892337e-02,-4.3173803143e-02,,,,
,,,,9.1933333333e-01,-1.1337841763e-03,-4.1867903190e-02,-4.2927374590e-02,,,,
,,,,9.2000000000e-01,-1.1322801009e-03,-4.1271153471e-02,-4.2679319037e-02,,,,
,,,,9.2066666667e-01,-1.1306304712e-03,-4.0677664821e-02,-4.2429632909e-02,,,,
,,,,9.2133333333e-01,-1.1288351247e-03,-4.0087458927e-02,-4.2178312625e-02,,,,
,,,,9.2200000000e-01,-1.1268939130e-03,-3.9500557521e-02,-4.1925354599e-02,,,,
,,,,9.2266666667e-01,-1.1248067018e-03,-3.8916982388e-02,-4.1670755239e-02,,,,
,,,,9.2333333333e-01,-1.1225733707e-03,-3.8336755356e-02,-4.1414510951e-02,,,,
,,,,9.2400000000e-01,-1.1201938141e-03,-3.7759898303e-02,-4.1156618133e-02,,,,
,,,,9.2466666667e-01,-1.1176679405e-03,-3.7186433154e-02,-4.0897073179e-02,,,,
,,,,9.2533333333e-01,-1.1149956735e-03,-3.6616381884e-02,-4.0635872480e-02,,,,
,,,,9.2600000000e-01,-1.1121769513e-03,-3.6049766514e-02,-4.0373012419e-02,,,,
,,,,9.2666666667e-01,-1.1092117271e-03,-3.5486609112e-02,-4.0108489376e-02,,,,
,,,,9.2733333333e-01,-1.1060999693e-03,-3.4926931798e-02,-3.9842299727e-02,,,,
,,,,9.2800000000e-01,-1.1028416616e-03,-3.4370756738e-02,-3.9574439839e-02,,,,
,,,,9.2866666667e-01,-1.0994368031e-03,-3.3818106144e-02,-3.9304906078e-02,,,,
,,,,9.2933333333e-01,-1.0958854087e-03,-3.3269002281e-02,-3.9033694804e-02,,,,
,,,,9.3000000000e-01,-1.0921875089e-03,-3.2723467460e-02,-3.8760802371e-02,,,,
,,,,9.3066666667e-01,-1.0883431502e-03,-3.2181524039e-02,-3.8486225129e-02,,,,
,,,,9.3133333333e-01,-1.0843523952e-03,-3.1643194427e-02,-3.8209959422e-02,,,,
,,,,9.3200000000e-01,-1.0802153228e-03,-3.1108501081e-02,-3.7932001590e-02,,,,
,,,,9.3266666667e-01,-1.0759320284e-03,-3.0577466506e-02,-3.7652347967e-02,,,,
,,,,9.3333333333e-01,-1.0715026239e-03,-3.0050113257e-02,-3.7370994883e-02,,,,
,,,,9.3400000000e-01,-1.0669272379e-03,-2.9526463936e-02,-3.7087938662e-02,,,,
,,,,9.3466666667e-01,-1.0622060161e-03,-2.9006541196e-02,-3.6803175623e-02,,,,
,,,,9.3533333333e-01,-1.0573391212e-03,-2.8490367738e-02,-3.6516702082e-02,,,,
,,,,9.3600000000e-01,-1.0523267331e-03,-2.7977966311e-02,-3.6228514346e-02,,,,
,,,,9.3666666667e-01,-1.0471690494e-03,-2.7469359714e-02,-3.5938608721e-02,,,,
,,,,9.3733333333e-01,-1.0418662849e-03,-2.6964570796e-02,-3.5646981504e-02,,,,
,,,,9.3800000000e-01,-1.0364186726e-03,-2.6463622454e-02,-3.5353628990e-02,,,,
,,,,9.3866666667e-01,-1.0308264631e-03,-2.5966537635e-02,-3.5058547468e-02,,,,
,,,,9.3933333333e-01,-1.0250899253e-03,-2.5473339335e-02,-3.4761733221e-02,,,,
,,,,9.4000000000e-01,-1.0192093464e-03,-2.4984050600e-02,-3.4463182528e-02,,,,
,,,,9.4066666667e-01,-1.0131850320e-03,-2.4498694524e-02,-3.4162891662e-02,,,,
,,,,9.4133333333e-01,-1.0070173064e-03,-2.4017294253e-02,-3.3860856890e-02,,,,
,,,,9.4200000000e-01,-1.0007065127e-03,-2.3539872980e-02,-3.3557074477e-02,,,,
,,,,9.4266666667e-01,-9.9425301304e-04,-2.3066453949e-02,-3.3251540680e-02,,,,
,,,,9.4333333333e-01,-9.8765718861e-04,-2.2597060455e-02,-3.2944251752e-02,,,,
,,,,9.4400000000e-01,-9.8091944010e-04,-2.2131715841e-02,-3.2635203939e-02,,,,
,,,,9.4466666667e-01,-9.7404018767e-04,-2.1670443500e-02,-3.2324393485e-02,,,,
,,,,9.4533333333e-01,-9.6701987123e-04,-2.1213266876e-02,-3.2011816626e-02,,,,
,,,,9.4600000000e-01,-9.5985895057e-04,-2.0760209463e-02,-3.1697469594e-02,,,,
,,,,9.4666666667e-01,-9.5255790559e-04,-2.0311294804e-02,-3.1381348616e-02,,,,
,,,,9.4733333333e-01,-9.4511723644e-04,-1.9866546493e-02,-3.1063449912e-02,,,,
,,,,9.4800000000e-01,-9.3753746374e-04,-1.9425988175e-02,-3.0743769699e-02,,,,
,,,,9.4866666667e-01,-9.2981912874e-04,-1.8989643544e-02,-3.0422304188e-02,,,,
,,,,9.4933333333e-01,-9.2196279353e-04,-1.8557536345e-02,-3.0099049585e-02,,,,
,,,,9.5000000000e-01,-9.1396904123e-04,-1.8129690373e-02,-2.9774002089e-02,,,,
,,,,9.5066666667e-01,-9.0583847614e-04,-1.7706129474e-02,-2.9447157895e-02,,,,
,,,,9.5133333333e-01,-8.9757172399e-04,-1.7286877545e-02,-2.9118513193e-02,,,,
,,,,9.5200000000e-01,-8.8916943208e-04,-1.6871958534e-02,-2.8788064168e-02,,,,
,,,,9.5266666667e-01,-8.8063226950e-04,-1.6461396437e-02,-2.8455806999e-02,,,,
,,,,9.5333333333e-01,-8.7196092731e-04,-1.6055215305e-02,-2.8121737858e-02,,,,
,,,,9.5400000000e-01,-8.6315611876e-04,-1.5653439237e-02,-2.7785852915e-02,,,,
,,,,9.5466666667e-01,-8.5421857945e-04,-1.5256092383e-02,-2.7448148333e-02,,,,
,,,,9.5533333333e-01,-8.4514906755e-04,-1.4863198946e-02,-2.7108620269e-02,,,,
,,,,9.5600000000e-01,-8.3594836399e-04,-1.4474783177e-02,-2.6767264876e-02,,,,
,,,,9.5666666667e-01,-8.2661727267e-04,-1.4090869383e-02,-2.6424078300e-02,,,,
,,,,9.5733333333e-01,-8.1715662062e-04,-1.3711481917e-02,-2.6079056683e-02,,,,
,,,,9.5800000000e-01,-8.0756725828e-04,-1.3336645186e-02,-2.5732196161e-02,,,,
,,,,9.5866666667e-01,-7.9785005960e-04,-1.2966383649e-02,-2.5383492865e-02,,,,
,,,,9.5933333333e-01,-7.8800592234e-04,-1.2600721815e-02,-2.5032942920e-02,,,,
,,,,9.6000000000e-01,-7.7803576820e-04,-1.2239684246e-02,-2.4680542447e-02,,,,
,,,,9.6066666667e-01,-7.6794054306e-04,-1.1883295553e-02,-2.4326287559e-02,,,,
,,,,9.6133333333e-01,-7.5772121721e-04,-1.1531580402e-02,-2.3970174366e-02,,,,
,,,,9.6200000000e-01,-7.4737878549e-04,-1.1184563508e-02,-2.3612198972e-02,,,,
,,,,9.6266666667e-01,-7.3691426756e-04,-1.0842269640e-02,-2.3252357474e-02,,,,
,,,,9.6333333333e-01,-7.2632870807e-04,-1.0504723617e-02,-2.2890645965e-02,,,,
,,,,9.6400000000e-01,-7.1562317690e-04,-1.0171950312e-02,-2.2527060532e-02,,,,
,,,,9.6466666667e-01,-7.0479876936e-04,-9.8439746478e-03,-2.2161597257e-02,,,,
,,,,9.6533333333e-01,-6.9385660640e-04,-9.5208216014e-03,-2.1794252217e-02,,,,
,,,,9.6600000000e-01,-6.8279783481e-04,-9.2025162008e-03,-2.1425021481e-02,,,,
,,,,9.6666666667e-01,-6.7162362746e-04,-8.8890835267e-03,-2.1053901116e-02,,,,
,,,,9.6733333333e-01,-6.6033518352e-04,-8.5805487118e-03,-2.0680887181e-02,,,,
,,,,9.6800000000e-01,-6.4893372864e-04,-8.2769369416e-03,-2.0305975729e-02,,,,
,,,,9.6866666667e-01,-6.3742051520e-04,-7.9782734540e-03,-1.9929162810e-02,,,,
,,,,9.6933333333e-01,-6.2579682253e-04,-7.6845835392e-03,-1.9550444467e-02,,,,
,,,,9.7000000000e-01,-6.1406395712e-04,-7.3958925405e-03,-1.9169816736e-02,,,,
,,,,9.7066666667e-01,-6.0222325283e-04,-7.1122258535e-03,-1.8787275651e-02,,,,
,,,,9.7133333333e-01,-5.9027607113e-04,-6.8336089268e-03,-1.8402817236e-02,,,,
,,,,9.7200000000e-01,-5.7822380133e-04,-6.5600672620e-03,-1.8016437514e-02,,,,
,,,,9.7266666667e-01,-5.6606786078e-04,-6.2916264133e-03,-1.7628132499e-02,,,,
,,,,9.7333333333e-01,-5.5380969513e-04,-6.0283119881e-03,-1.7237898200e-02,,,,
,,,,9.7400000000e-01,-5.4145077853e-04,-5.7701496470e-03,-1.6845730622e-02,,,,
,,,,9.7466666667e-01,-5.2899261386e-04,-5.5171651036e-03,-1.6451625762e-02,,,,
,,,,9.7533333333e-01,-5.1643673297e-04,-5.2693841247e-03,-1.6055579614e-02,,,,
,,,,9.7600000000e-01,-5.0378469692e-04,-5.0268325306e-03,-1.5657588163e-02,,,,
,,,,9.7666666667e-01,-4.9103809619e-04,-4.7895361950e-03,-1.5257647393e-02,,,,
,,,,9.7733333333e-01,-4.7819855092e-04,-4.5575210448e-03,-1.4855753278e-02,,,,
,,,,9.7800000000e-01,-4.6526771115e-04,-4.3308130606e-03,-1.4451901788e-02,,,,
,,,,9.7866666667e-01,-4.5224725707e-04,-4.1094382767e-03,-1.4046088887e-02,,,,
,,,,9.7933333333e-01,-4.3913889921e-04,-3.8934227811e-03,-1.3638310534e-02,,,,
,,,,9.8000000000e-01,-4.2594437874e-04,-3.6827927153e-03,-1.3228562683e-02,,,,
,,,,9.8066666667e-01,-4.1266546766e-04,-3.4775742750e-03,-1.2816841279e-02,,,,
,,,,9.8133333333e-01,-3.9930396906e-04,-3.2777937095e-03,-1.2403142265e-02,,,,
,,,,9.8200000000e-01,-3.8586171735e-04,-3.0834773224e-03,-1.1987461576e-02,,,,
,,,,9.8266666667e-01,-3.7234057854e-04,-2.8946514712e-03,-1.1569795141e-02,,,,
,,,,9.8333333333e-01,-3.5874245043e-04,-2.7113425674e-03,-1.1150138887e-02,,,,
,,,,9.8400000000e-01,-3.4506926289e-04,-2.5335770772e-03,-1.0728488729e-02,,,,
,,,,9.8466666667e-01,-3.3132297811e-04,-2.3613815206e-03,-1.0304840583e-02,,,,
,,,,9.8533333333e-01,-3.1750559083e-04,-2.1947824723e-03,-9.8791903529e-03,,,,
,,,,9.8600000000e-01,-3.0361912858e-04,-2.0338065612e-03,-9.4515339415e-03,,,,
,,,,9.8666666667e-01,-2.8966565198e-04,-1.8784804711e-03,-9.0218672435e-03,,,,
,,,,9.8733333333e-01,-2.7564725491e-04,-1.7288309401e-03,-8.5901861484e-03,,,,
,,,,9.8800000000e-01,-2.6156606486e-04,-1.5848847610e-03,-8.1564865399e-03,,,,
,,,,9.8866666667e-01,-2.4742424311e-04,-1.4466687816e-03,-7.7207642958e-03,,,,
,,,,9.8933333333e-01,-2.3322398500e-04,-1.3142099044e-03,-7.2830152879e-03,,,,
,,,,9.9000000000e-01,-2.1896752021e-04,-1.1875350867e-03,-6.8432353823e-03,,,,
,,,,9.9066666667e-01,-2.0465711300e-04,-1.0666713410e-03,-6.4014204394e-03,,,,
,,,,9.9133333333e-01,-1.9029506249e-04,-9.5164573490e-04,-5.9575663134e-03,,,,
,,,,9.9200000000e-01,-1.7588370287e-04,-8.4248539095e-04,-5.5116688528e-03,,,,
,,,,9.9266666667e-01,-1.6142540373e-04,-7.3921748709e-04,-5.0637239002e-03,,,,
,,,,9.9333333333e-01,-1.4692257026e-04,-6.4186925654e-04,-4.6137272923e-03,,,,
,,,,9.9400000000e-01,-1.3237764356e-04,-5.5046798793e-04,-4.1616748598e-03,,,,
,,,,9.9466666667e-01,-1.1779310089e-04,-4.6504102533e-04,-3.7075624277e-03,,,,
,,,,9.9533333333e-01,-1.0317145593e-04,-3.8561576838e-04,-3.2513858147e-03,,,,
,,,,9.9600000000e-01,-8.8515259047e-05,-3.1221967235e-04,-2.7931408339e-03,,,,
,,,,9.9666666667e-01,-7.3827097581e-05,-2.4488024823e-04,-2.3328232922e-03,,,,
,,,,9.9733333333e-01,-5.9109596104e-05,-1.8362506277e-04,-1.8704289909e-03,,,,
,,,,9.9800000000e-01,-4.4365416694e-05,-1.2848173861e-04,-1.4059537249e-03,,,,
,,,,9.9866666667e-01,-2.9597259209e-05,-7.9477954341e-05,-9.3939328330e-04,,,,
,,,,9.9933333333e-01,-1.4807861563e-05,-3.6641444564e-05,-4.7074344930e-04,,,,
,,,,1.0000000000e+00,0.0000000000e+00,0.0000000000e+00,0.0000000000e+00,,,,
