x,linear_u,linear_w,linear_phi,nonlinear_u,nonlinear_w,nonlinear_phi
0.0000000000e+00,0.0000000000e+00,0.0000000000e+00,0.0000000000e+00,0.0000000000e+00,0.0000000000e+00,0.0000000000e+00
6.6666666667e-04,-1.2959765671e-20,-3.6817999195e-05,4.9852165876e-04,1.4807861563e-05,-3.6641444564e-05,4.7074344930e-04
1.3333333333e-03,-2.5865108528e-20,-8.0214235962e-05,9.9494984207e-04,2.9597259209e-05,-7.9477954341e-05,9.3939328330e-04
2.0000000000e-03,-3.8716117593e-20,-1.3016085658e-04,1.4892879743e-03,4.4365416694e-05,-1.2848173861e-04,1.4059537249e-03
2.6666666667e-03,-5.1512881827e-20,-1.8663005294e-04,1.9815394775e-03,5.9109596104e-05,-1.8362506277e-04,1.8704289909e-03
3.3333333333e-03,-6.4255490132e-20,-2.4959406253e-04,2.4717077715e-03,7.3827097581e-05,-2.4488024823e-04,2.3328232922e-03
4.0000000000e-03,-7.6944031352e-20,-3.1902516840e-04,2.9597962737e-03,8.8515259047e-05,-3.1221967235e-04,2.7931408339e-03
4.6666666667e-03,-8.9578594271e-20,-3.9489569913e-04,3.4458083996e-03,1.0317145593e-04,-3.8561576838e-04,3.2513858147e-03
5.3333333333e-03,-1.0215926761e-19,-4.7717802879e-04,3.9297475619e-03,1.1779310089e-04,-4.6504102533e-04,3.7075624277e-03
6.0000000000e-03,-1.1468614005e-19,-5.6584457694e-04,4.4116171715e-03,1.3237764356e-04,-5.5046798793e-04,4.1616748598e-03
6.6666666667e-03,-1.2715930017e-19,-6.6086780856e-04,4.8914206367e-03,1.4692257026e-04,-6.4186925654e-04,4.6137272923e-03
7.3333333333e-03,-1.3957883655e-19,-7.6222023404e-04,5.3691613637e-03,1.6142540373e-04,-7.3921748709e-04,5.0637239002e-03
8.0000000000e-03,-1.5194483765e-19,-8.6987440915e-04,5.8448427565e-03,1.7588370287e-04,-8.4248539095e-04,5.5116688528e-03
8.6666666667e-03,-1.6425739192e-19,-9.8380293502e-04,6.3184682165e-03,1.9029506249e-04,-9.5164573490e-04,5.9575663134e-03
9.3333333333e-03,-1.7651658773e-19,-1.1039784581e-03,6.7900411433e-03,2.0465711300e-04,-1.0666713410e-03,6.4014204394e-03
1.0000000000e-02,-1.8872251338e-19,-1.2303736700e-03,7.2595649338e-03,2.1896752021e-04,-1.1875350867e-03,6.8432353823e-03
1.0666666667e-02,-2.0087525713e-19,-1.3629613079e-03,7.7270429829e-03,2.3322398500e-04,-1.3142099044e-03,7.2830152879e-03
1.1333333333e-02,-2.1297490717e-19,-1.5017141539e-03,8.1924786832e-03,2.4742424311e-04,-1.4466687816e-03,7.7207642958e-03
1.2000000000e-02,-2.2502155165e-19,-1.6466050353e-03,8.6558754249e-03,2.6156606486e-04,-1.5848847610e-03,8.1564865399e-03
1.2666666667e-02,-2.3701527863e-19,-1.7976068249e-03,9.1172365962e-03,2.7564725491e-04,-1.7288309401e-03,8.5901861484e-03
1.3333333333e-02,-2.4895617614e-19,-1.9546924402e-03,9.5765655829e-03,2.8966565198e-04,-1.8784804711e-03,9.0218672435e-03
1.4000000000e-02,-2.6084433213e-19,-2.1178348440e-03,1.0033865768e-02,3.0361912858e-04,-2.0338065612e-03,9.4515339415e-03
1.4666666667e-02,-2.7267983451e-19,-2.2870070444e-03,1.0489140534e-02,3.1750559083e-04,-2.1947824723e-03,9.8791903529e-03
1.5333333333e-02,-2.8446277112e-19,-2.4621820941e-03,1.0942393259e-02,3.3132297811e-04,-2.3613815206e-03,1.0304840583e-02
1.6000000000e-02,-2.9619322974e-19,-2.6433330912e-03,1.1393627320e-02,3.4506926289e-04,-2.5335770772e-03,1.0728488729e-02
1.6666666667e-02,-3.0787129810e-19,-2.8304331786e-03,1.1842846091e-02,3.5874245043e-04,-2.7113425674e-03,1.1150138887e-02
1.7333333333e-02,-3.1949706387e-19,-3.0234555441e-03,1.2290052945e-02,3.7234057854e-04,-2.8946514712e-03,1.1569795141e-02
1.8000000000e-02,-3.3107061465e-19,-3.2223734205e-03,1.2735251252e-02,3.8586171735e-04,-3.0834773224e-03,1.1987461576e-02
1.8666666667e-02,-3.4259203800e-19,-3.4271600857e-03,1.3178444379e-02,3.9930396906e-04,-3.2777937095e-03,1.2403142265e-02
1.9333333333e-02,-3.5406142140e-19,-3.6377888620e-03,1.3619635693e-02,4.1266546766e-04,-3.4775742750e-03,1.2816841279e-02
2.0000000000e-02,-3.6547885230e-19,-3.8542331170e-03,1.4058828556e-02,4.2594437874e-04,-3.6827927153e-03,1.3228562683e-02
2.0666666667e-02,-3.7684441806e-19,-4.0764662628e-03,1.4496026329e-02,4.3913889921e-04,-3.8934227811e-03,1.3638310534e-02
2.1333333333e-02,-3.8815820600e-19,-4.3044617565e-03,1.4931232372e-02,4.5224725707e-04,-4.1094382767e-03,1.4046088887e-02
2.2000000000e-02,-3.9942030339e-19,-4.5381930997e-03,1.5364450041e-02,4.6526771115e-04,-4.3308130606e-03,1.4451901788e-02
2.2666666667e-02,-4.1063079742e-19,-4.7776338389e-03,1.5795682690e-02,4.7819855092e-04,-4.5575210448e-03,1.4855753278e-02
2.3333333333e-02,-4.2178977524e-19,-5.0227575651e-03,1.6224933671e-02,4.9103809619e-04,-4.7895361950e-03,1.5257647393e-02
2.4000000000e-02,-4.3289732394e-19,-5.2735379143e-03,1.6652206335e-02,5.0378469692e-04,-5.0268325306e-03,1.5657588163e-02
2.4666666667e-02,-4.4395353053e-19,-5.5299485668e-03,1.7077504028e-02,5.1643673297e-04,-5.2693841247e-03,1.6055579614e-02
2.5333333333e-02,-4.5495848198e-19,-5.7919632475e-03,1.7500830097e-02,5.2899261386e-04,-5.5171651036e-03,1.6451625762e-02
2.6000000000e-02,-4.6591226522e-19,-6.0595557262e-03,1.7922187884e-02,5.4145077853e-04,-5.7701496470e-03,1.6845730622e-02
2.6666666667e-02,-4.7681496709e-19,-6.3326998167e-03,1.8341580731e-02,5.5380969513e-04,-6.0283119881e-03,1.7237898200e-02
2.7333333333e-02,-4.8766667438e-19,-6.6113693779e-03,1.8759011977e-02,5.6606786078e-04,-6.2916264133e-03,1.7628132499e-02
2.8000000000e-02,-4.9846747384e-19,-6.8955383126e-03,1.9174484957e-02,5.7822380133e-04,-6.5600672620e-03,1.8016437514e-02
2.8666666667e-02,-5.0921745215e-19,-7.1851805686e-03,1.9588003006e-02,5.9027607113e-04,-6.8336089268e-03,1.8402817236e-02
2.9333333333e-02,-5.1991669592e-19,-7.4802701376e-03,1.9999569456e-02,6.0222325283e-04,-7.1122258535e-03,1.8787275651e-02
3.0000000000e-02,-5.3056529172e-19,-7.7807810561e-03,2.0409187637e-02,6.1406395712e-04,-7.3958925405e-03,1.9169816736e-02
3.0666666667e-02,-5.4116332606e-19,-8.0866874048e-03,2.0816860877e-02,6.2579682253e-04,-7.6845835392e-03,1.9550444467e-02
3.1333333333e-02,-5.5171088538e-19,-8.3979633086e-03,2.1222592501e-02,6.3742051520e-04,-7.9782734540e-03,1.9929162810e-02
3.2000000000e-02,-5.6220805609e-19,-8.7145829368e-03,2.1626385832e-02,6.4893372864e-04,-8.2769369416e-03,2.0305975729e-02
3.2666666667e-02,-5.7265492450e-19,-9.0365205031e-03,2.2028244191e-02,6.6033518352e-04,-8.5805487118e-03,2.0680887181e-02
3.3333333333e-02,-5.8305157691e-19,-9.3637502653e-03,2.2428170898e-02,6.7162362746e-04,-8.8890835267e-03,2.1053901116e-02
3.4000000000e-02,-5.9339809952e-19,-9.6962465253e-03,2.2826169268e-02,6.8279783481e-04,-9.2025162008e-03,2.1425021481e-02
3.4666666667e-02,-6.0369457851e-19,-1.0033983629e-02,2.3222242616e-02,6.9385660640e-04,-9.5208216014e-03,2.1794252217e-02
3.5333333333e-02,-6.1394109996e-19,-1.0376935968e-02,2.3616394255e-02,7.0479876936e-04,-9.8439746478e-03,2.2161597257e-02
3.6000000000e-02,-6.2413774994e-19,-1.0725077976e-02,2.4008627493e-02,7.1562317690e-04,-1.0171950312e-02,2.2527060532e-02
3.6666666667e-02,-6.3428461444e-19,-1.1078384131e-02,2.4398945640e-02,7.2632870807e-04,-1.0504723617e-02,2.2890645965e-02
3.7333333333e-02,-6.4438177937e-19,-1.1436828956e-02,2.4787352000e-02,7.3691426756e-04,-1.0842269640e-02,2.3252357474e-02
3.8000000000e-02,-6.5442933063e-19,-1.1800387018e-02,2.5173849877e-02,7.4737878549e-04,-1.1184563508e-02,2.3612198972e-02
3.8666666667e-02,-6.6442735403e-19,-1.2169032927e-02,2.5558442573e-02,7.5772121721e-04,-1.1531580402e-02,2.3970174366e-02
3.9333333333e-02,-6.7437593533e-19,-1.2542741339e-02,2.5941133385e-02,7.6794054306e-04,-1.1883295553e-02,2.4326287559e-02
4.0000000000e-02,-6.8427516023e-19,-1.2921486951e-02,2.6321925611e-02,7.7803576820e-04,-1.2239684246e-02,2.4680542447e-02
4.0666666667e-02,-6.9412511439e-19,-1.3305244506e-02,2.6700822546e-02,7.8800592234e-04,-1.2600721815e-02,2.5032942920e-02
4.1333333333e-02,-7.0392588339e-19,-1.3693988791e-02,2.7077827481e-02,7.9785005960e-04,-1.2966383649e-02,2.5383492865e-02
4.2000000000e-02,-7.1367755277e-19,-1.4087694636e-02,2.7452943707e-02,8.0756725828e-04,-1.3336645186e-02,2.5732196161e-02
4.2666666667e-02,-7.2338020800e-19,-1.4486336915e-02,2.7826174513e-02,8.1715662062e-04,-1.3711481917e-02,2.6079056683e-02
4.3333333333e-02,-7.3303393451e-19,-1.4889890545e-02,2.8197523184e-02,8.2661727267e-04,-1.4090869383e-02,2.6424078300e-02
4.4000000000e-02,-7.4263881766e-19,-1.5298330489e-02,2.8566993003e-02,8.3594836399e-04,-1.4474783177e-02,2.6767264876e-02
4.4666666667e-02,-7.5219494275e-19,-1.5711631751e-02,2.8934587252e-02,8.4514906755e-04,-1.4863198946e-02,2.7108620269e-02
4.5333333333e-02,-7.6170239504e-19,-1.6129769381e-02,2.9300309211e-02,8.5421857945e-04,-1.5256092383e-02,2.7448148333e-02
4.6000000000e-02,-7.7116125971e-19,-1.6552718472e-02,2.9664162156e-02,8.6315611876e-04,-1.5653439237e-02,2.7785852915e-02
4.6666666667e-02,-7.8057162191e-19,-1.6980454160e-02,3.0026149362e-02,8.7196092731e-04,-1.6055215305e-02,2.8121737858e-02
4.7333333333e-02,-7.8993356672e-19,-1.7412951625e-02,3.0386274103e-02,8.8063226950e-04,-1.6461396437e-02,2.8455806999e-02
4.8000000000e-02,-7.9924717916e-19,-1.7850186090e-02,3.0744539649e-02,8.8916943208e-04,-1.6871958534e-02,2.8788064168e-02
4.8666666667e-02,-8.0851254420e-19,-1.8292132824e-02,3.1100949268e-02,8.9757172399e-04,-1.7286877545e-02,2.9118513193e-02
4.9333333333e-02,-8.1772974674e-19,-1.8738767135e-02,3.1455506227e-02,9.0583847614e-04,-1.7706129474e-02,2.9447157895e-02
5.0000000000e-02,-8.2689887165e-19,-1.9190064380e-02,3.1808213789e-02,9.1396904123e-04,-1.8129690373e-02,2.9774002089e-02
5.0666666667e-02,-8.3602000373e-19,-1.9645999955e-02,3.2159075218e-02,9.2196279353e-04,-1.8557536345e-02,3.0099049585e-02
5.1333333333e-02,-8.4509322770e-19,-2.0106549302e-02,3.2508093771e-02,9.2981912874e-04,-1.8989643544e-02,3.0422304188e-02
5.2000000000e-02,-8.5411862828e-19,-2.0571687905e-02,3.2855272708e-02,9.3753746374e-04,-1.9425988175e-02,3.0743769699e-02
5.2666666667e-02,-8.6309629007e-19,-2.1041391292e-02,3.3200615283e-02,9.4511723644e-04,-1.9866546493e-02,3.1063449912e-02
5.3333333333e-02,-8.7202629766e-19,-2.1515635035e-02,3.3544124750e-02,9.5255790559e-04,-2.0311294804e-02,3.1381348616e-02
5.4000000000e-02,-8.8090873556e-19,-2.1994394748e-02,3.3885804359e-02,9.5985895057e-04,-2.0760209463e-02,3.1697469594e-02
5.4666666667e-02,-8.8974368824e-19,-2.2477646090e-02,3.4225657361e-02,9.6701987123e-04,-2.1213266876e-02,3.2011816626e-02
5.5333333333e-02,-8.9853124011e-19,-2.2965364760e-02,3.4563687002e-02,9.7404018767e-04,-2.1670443500e-02,3.2324393485e-02
5.6000000000e-02,-9.0727147550e-19,-2.3457526505e-02,3.4899896526e-02,9.8091944010e-04,-2.2131715841e-02,3.2635203939e-02
5.6666666667e-02,-9.1596447873e-19,-2.3954107111e-02,3.5234289176e-02,9.8765718861e-04,-2.2597060455e-02,3.2944251752e-02
5.7333333333e-02,-9.2461033402e-19,-2.4455082410e-02,3.5566868192e-02,9.9425301304e-04,-2.3066453949e-02,3.3251540680e-02
5.8000000000e-02,-9.3320912556e-19,-2.4960428275e-02,3.5897636814e-02,1.0007065127e-03,-2.3539872980e-02,3.3557074477e-02
5.8666666667e-02,-9.4176093748e-19,-2.5470120624e-02,3.6226598276e-02,1.0070173064e-03,-2.4017294253e-02,3.3860856890e-02
5.9333333333e-02,-9.5026585385e-19,-2.5984135417e-02,3.6553755813e-02,1.0131850320e-03,-2.4498694524e-02,3.4162891662e-02
6.0000000000e-02,-9.5872395869e-19,-2.6502448658e-02,3.6879112656e-02,1.0192093464e-03,-2.4984050600e-02,3.4463182528e-02
6.0666666667e-02,-9.6713533595e-19,-2.7025036393e-02,3.7202672036e-02,1.0250899253e-03,-2.5473339335e-02,3.4761733221e-02
6.1333333333e-02,-9.7550006954e-19,-2.7551874710e-02,3.7524437180e-02,1.0308264631e-03,-2.5966537635e-02,3.5058547468e-02
6.2000000000e-02,-9.8381824331e-19,-2.8082939744e-02,3.7844411313e-02,1.0364186726e-03,-2.6463622454e-02,3.5353628990e-02
6.2666666667e-02,-9.9208994106e-19,-2.8618207668e-02,3.8162597659e-02,1.0418662849e-03,-2.6964570796e-02,3.5646981504e-02
6.3333333333e-02,-1.0003152465e-18,-2.9157654702e-02,3.8478999439e-02,1.0471690494e-03,-2.7469359714e-02,3.5938608721e-02
6.4000000000e-02,-1.0084942434e-18,-2.9701257107e-02,3.8793619871e-02,1.0523267331e-03,-2.7977966311e-02,3.6228514346e-02
6.4666666667e-02,-1.0166270153e-18,-3.0248991186e-02,3.9106462174e-02,1.0573391212e-03,-2.8490367738e-02,3.6516702082e-02
6.5333333333e-02,-1.0247136458e-18,-3.0800833287e-02,3.9417529561e-02,1.0622060161e-03,-2.9006541196e-02,3.6803175623e-02
6.6000000000e-02,-1.0327542184e-18,-3.1356759799e-02,3.9726825245e-02,1.0669272379e-03,-2.9526463936e-02,3.7087938662e-02
6.6666666667e-02,-1.0407488165e-18,-3.1916747155e-02,4.0034352438e-02,1.0715026239e-03,-3.0050113257e-02,3.7370994883e-02
6.7333333333e-02,-1.0486975237e-18,-3.2480771831e-02,4.0340114346e-02,1.0759320284e-03,-3.0577466506e-02,3.7652347967e-02
6.8000000000e-02,-1.0566004233e-18,-3.3048810343e-02,4.0644114178e-02,1.0802153228e-03,-3.1108501081e-02,3.7932001590e-02
6.8666666667e-02,-1.0644575984e-18,-3.3620839254e-02,4.0946355136e-02,1.0843523952e-03,-3.1643194427e-02,3.8209959422e-02
6.9333333333e-02,-1.0722691325e-18,-3.4196835166e-02,4.1246840424e-02,1.0883431502e-03,-3.2181524039e-02,3.8486225129e-02
7.0000000000e-02,-1.0800351086e-18,-3.4776774726e-02,4.1545573240e-02,1.0921875089e-03,-3.2723467460e-02,3.8760802371e-02
7.0666666667e-02,-1.0877556099e-18,-3.5360634622e-02,4.1842556784e-02,1.0958854087e-03,-3.3269002281e-02,3.9033694804e-02
7.1333333333e-02,-1.0954307196e-18,-3.5948391585e-02,4.2137794250e-02,1.0994368031e-03,-3.3818106144e-02,3.9304906078e-02
7.2000000000e-02,-1.1030605205e-18,-3.6540022390e-02,4.2431288833e-02,1.1028416616e-03,-3.4370756738e-02,3.9574439839e-02
7.2666666667e-02,-1.1106450957e-18,-3.7135503852e-02,4.2723043724e-02,1.1060999693e-03,-3.4926931798e-02,3.9842299727e-02
7.3333333333e-02,-1.1181845281e-18,-3.7734812831e-02,4.3013062112e-02,1.1092117271e-03,-3.5486609112e-02,4.0108489376e-02
7.4000000000e-02,-1.1256789006e-18,-3.8337926228e-02,4.3301347186e-02,1.1121769513e-03,-3.6049766514e-02,4.0373012419e-02
7.4666666667e-02,-1.1331282960e-18,-3.8944820986e-02,4.3587902129e-02,1.1149956735e-03,-3.6616381884e-02,4.0635872480e-02
7.5333333333e-02,-1.1405327969e-18,-3.9555474093e-02,4.3872730127e-02,1.1176679405e-03,-3.7186433154e-02,4.0897073179e-02
7.6000000000e-02,-1.1478924862e-18,-4.0169862576e-02,4.4155834359e-02,1.1201938141e-03,-3.7759898303e-02,4.1156618133e-02
7.6666666667e-02,-1.1552074464e-18,-4.0787963507e-02,4.4437218005e-02,1.1225733707e-03,-3.8336755356e-02,4.1414510951e-02
7.7333333333e-02,-1.1624777602e-18,-4.1409753999e-02,4.4716884241e-02,1.1248067018e-03,-3.8916982388e-02,4.1670755239e-02
7.8000000000e-02,-1.1697035101e-18,-4.2035211207e-02,4.4994836243e-02,1.1268939130e-03,-3.9500557521e-02,4.1925354599e-02
7.8666666667e-02,-1.1768847785e-18,-4.2664312331e-02,4.5271077184e-02,1.1288351247e-03,-4.0087458927e-02,4.2178312625e-02
7.9333333333e-02,-1.1840216480e-18,-4.3297034609e-02,4.5545610233e-02,1.1306304712e-03,-4.0677664821e-02,4.2429632909e-02
8.0000000000e-02,-1.1911142008e-18,-4.3933355324e-02,4.5818438560e-02,1.1322801009e-03,-4.1271153471e-02,4.2679319037e-02
8.0666666667e-02,-1.1981625193e-18,-4.4573251801e-02,4.6089565332e-02,1.1337841763e-03,-4.1867903190e-02,4.2927374590e-02
8.1333333333e-02,-1.2051666857e-18,-4.5216701407e-02,4.6358993712e-02,1.1351428735e-03,-4.2467892337e-02,4.3173803143e-02
8.2000000000e-02,-1.2121267823e-18,-4.5863681550e-02,4.6626726864e-02,1.1363563824e-03,-4.3071099323e-02,4.3418608269e-02
8.2666666667e-02,-1.2190428913e-18,-4.6514169682e-02,4.6892767947e-02,1.1374249062e-03,-4.3677502601e-02,4.3661793533e-02
8.3333333333e-02,-1.2259150946e-18,-4.7168143296e-02,4.7157120120e-02,1.1383486615e-03,-4.4287080677e-02,4.3903362497e-02
8.4000000000e-02,-1.2327434745e-18,-4.7825579927e-02,4.7419786539e-02,1.1391278780e-03,-4.4899812099e-02,4.4143318719e-02
8.4666666667e-02,-1.2395281128e-18,-4.8486457152e-02,4.7680770359e-02,1.1397627986e-03,-4.5515675466e-02,4.4381665750e-02
8.5333333333e-02,-1.2462690915e-18,-4.9150752590e-02,4.7940074731e-02,1.1402536790e-03,-4.6134649423e-02,4.4618407136e-02
8.6000000000e-02,-1.2529664925e-18,-4.9818443904e-02,4.8197702805e-02,1.1406007877e-03,-4.6756712662e-02,4.4853546421e-02
8.6666666667e-02,-1.2596203977e-18,-5.0489508795e-02,4.8453657730e-02,1.1408044057e-03,-4.7381843921e-02,4.5087087141e-02
8.7333333333e-02,-1.2662308888e-18,-5.1163925010e-02,4.8707942651e-02,1.1408648264e-03,-4.8010021988e-02,4.5319032830e-02
8.8000000000e-02,-1.2727980476e-18,-5.1841670334e-02,4.8960560712e-02,1.1407823559e-03,-4.8641225694e-02,4.5549387015e-02
8.8666666667e-02,-1.2793219557e-18,-5.2522722598e-02,4.9211515055e-02,1.1405573120e-03,-4.9275433920e-02,4.5778153219e-02
8.9333333333e-02,-1.2858026947e-18,-5.3207059671e-02,4.9460808821e-02,1.1401900249e-03,-4.9912625592e-02,4.6005334961e-02
9.0000000000e-02,-1.2922403463e-18,-5.3894659466e-02,4.9708445146e-02,1.1396808365e-03,-5.0552779684e-02,4.6230935754e-02
9.0666666667e-02,-1.2986349919e-18,-5.4585499938e-02,4.9954427166e-02,1.1390301005e-03,-5.1195875216e-02,4.6454959107e-02
9.1333333333e-02,-1.3049867131e-18,-5.5279559083e-02,5.0198758015e-02,1.1382381824e-03,-5.1841891254e-02,4.6677408523e-02
9.2000000000e-02,-1.3112955911e-18,-5.5976814938e-02,5.0441440825e-02,1.1373054588e-03,-5.2490806912e-02,4.6898287503e-02
9.2666666667e-02,-1.3175617074e-18,-5.6677245583e-02,5.0682478726e-02,1.1362323182e-03,-5.3142601349e-02,4.7117599540e-02
9.3333333333e-02,-1.3237851433e-18,-5.7380829139e-02,5.0921874844e-02,1.1350191598e-03,-5.3797253771e-02,4.7335348125e-02
9.4000000000e-02,-1.3299659801e-18,-5.8087543770e-02,5.1159632305e-02,1.1336663941e-03,-5.4454743432e-02,4.7551536742e-02
9.4666666667e-02,-1.3361042989e-18,-5.8797367678e-02,5.1395754234e-02,1.1321744427e-03,-5.5115049629e-02,4.7766168873e-02
9.5333333333e-02,-1.3422001808e-18,-5.9510279112e-02,5.1630243750e-02,1.1305437379e-03,-5.5778151708e-02,4.7979247992e-02
9.6000000000e-02,-1.3482537071e-18,-6.0226256357e-02,5.1863103975e-02,1.1287747225e-03,-5.6444029060e-02,4.8190777571e-02
9.6666666667e-02,-1.3542649586e-18,-6.0945277745e-02,5.2094338024e-02,1.1268678501e-03,-5.7112661122e-02,4.8400761076e-02
9.7333333333e-02,-1.3602340165e-18,-6.1667321644e-02,5.2323949015e-02,1.1248235846e-03,-5.7784027377e-02,4.8609201968e-02
9.8000000000e-02,-1.3661609616e-18,-6.2392366467e-02,5.2551940059e-02,1.1226424004e-03,-5.8458107355e-02,4.8816103706e-02
9.8666666667e-02,-1.3720458749e-18,-6.3120390669e-02,5.2778314269e-02,1.1203247818e-03,-5.9134880631e-02,4.9021469740e-02
9.9333333333e-02,-1.3778888371e-18,-6.3851372743e-02,5.3003074754e-02,1.1178712232e-03,-5.9814326826e-02,4.9225303520e-02
1.0000000000e-01,-1.3836899290e-18,-6.4585291227e-02,5.3226224621e-02,1.1152822291e-03,-6.0496425607e-02,4.9427608487e-02
1.0066666667e-01,-1.3894492315e-18,-6.5322124699e-02,5.3447766975e-02,1.1125583136e-03,-6.1181156687e-02,4.9628388081e-02
1.0133333333e-01,-1.3951668250e-18,-6.6061851777e-02,5.3667704920e-02,1.1097000005e-03,-6.1868499823e-02,4.9827645736e-02
1.0200000000e-01,-1.4008427904e-18,-6.6804451122e-02,5.3886041558e-02,1.1067078231e-03,-6.2558434820e-02,5.0025384880e-02
1.0266666667e-01,-1.4064772081e-18,-6.7549901437e-02,5.4102779987e-02,1.1035823243e-03,-6.3250941527e-02,5.0221608938e-02
1.0333333333e-01,-1.4120701586e-18,-6.8298181464e-02,5.4317923305e-02,1.1003240561e-03,-6.3945999838e-02,5.0416321330e-02
1.0400000000e-01,-1.4176217225e-18,-6.9049269987e-02,5.4531474607e-02,1.0969335796e-03,-6.4643589696e-02,5.0609525473e-02
1.0466666667e-01,-1.4231319801e-18,-6.9803145833e-02,5.4743436986e-02,1.0934114652e-03,-6.5343691084e-02,5.0801224776e-02
1.0533333333e-01,-1.4286010119e-18,-7.0559787868e-02,5.4953813535e-02,1.0897582921e-03,-6.6046284035e-02,5.0991422646e-02
1.0600000000e-01,-1.4340288980e-18,-7.1319174999e-02,5.5162607342e-02,1.0859746482e-03,-6.6751348623e-02,5.1180122485e-02
1.0666666667e-01,-1.4394157189e-18,-7.2081286177e-02,5.5369821495e-02,1.0820611302e-03,-6.7458864972e-02,5.1367327690e-02
1.0733333333e-01,-1.4447615546e-18,-7.2846100391e-02,5.5575459079e-02,1.0780183433e-03,-6.8168813247e-02,5.1553041654e-02
1.0800000000e-01,-1.4500664854e-18,-7.3613596673e-02,5.5779523177e-02,1.0738469013e-03,-6.8881173661e-02,5.1737267765e-02
1.0866666667e-01,-1.4553305913e-18,-7.4383754095e-02,5.5982016871e-02,1.0695474261e-03,-6.9595926469e-02,5.1920009407e-02
1.0933333333e-01,-1.4605539525e-18,-7.5156551770e-02,5.6182943241e-02,1.0651205478e-03,-7.0313051973e-02,5.2101269959e-02
1.1000000000e-01,-1.4657366489e-18,-7.5931968853e-02,5.6382305363e-02,1.0605669050e-03,-7.1032530521e-02,5.2281052796e-02
1.1066666667e-01,-1.4708787604e-18,-7.6709984539e-02,5.6580106314e-02,1.0558871437e-03,-7.1754342502e-02,5.2459361287e-02
1.1133333333e-01,-1.4759803670e-18,-7.7490578065e-02,5.6776349167e-02,1.0510819183e-03,-7.2478468354e-02,5.2636198799e-02
1.1200000000e-01,-1.4810415485e-18,-7.8273728707e-02,5.6971036994e-02,1.0461518905e-03,-7.3204888557e-02,5.2811568693e-02
1.1266666667e-01,-1.4860623848e-18,-7.9059415785e-02,5.7164172864e-02,1.0410977300e-03,-7.3933583637e-02,5.2985474325e-02
1.1333333333e-01,-1.4910429555e-18,-7.9847618656e-02,5.7355759844e-02,1.0359201137e-03,-7.4664534162e-02,5.3157919048e-02
1.1400000000e-01,-1.4959833404e-18,-8.0638316722e-02,5.7545801001e-02,1.0306197261e-03,-7.5397720749e-02,5.3328906210e-02
1.1466666667e-01,-1.5008836191e-18,-8.1431489422e-02,5.7734299398e-02,1.0251972591e-03,-7.6133124056e-02,5.3498439154e-02
1.1533333333e-01,-1.5057438711e-18,-8.2227116239e-02,5.7921258097e-02,1.0196534116e-03,-7.6870724787e-02,5.3666521219e-02
1.1600000000e-01,-1.5105641762e-18,-8.3025176694e-02,5.8106680158e-02,1.0139888896e-03,-7.7610503688e-02,5.3833155740e-02
1.1666666667e-01,-1.5153446136e-18,-8.3825650351e-02,5.8290568638e-02,1.0082044062e-03,-7.8352441554e-02,5.3998346046e-02
1.1733333333e-01,-1.5200852630e-18,-8.4628516813e-02,5.8472926595e-02,1.0023006812e-03,-7.9096519218e-02,5.4162095465e-02
1.1800000000e-01,-1.5247862036e-18,-8.5433755725e-02,5.8653757080e-02,9.9627844121e-04,-7.9842717563e-02,5.4324407316e-02
1.1866666667e-01,-1.5294475149e-18,-8.6241346772e-02,5.8833063147e-02,9.9013841956e-04,-8.0591017512e-02,5.4485284918e-02
1.1933333333e-01,-1.5340692760e-18,-8.7051269680e-02,5.9010847846e-02,9.8388135606e-04,-8.1341400035e-02,5.4644731582e-02
1.2000000000e-01,-1.5386515663e-18,-8.7863504215e-02,5.9187114225e-02,9.7750799696e-04,-8.2093846144e-02,5.4802750617e-02
1.2066666667e-01,-1.5431944650e-18,-8.8678030184e-02,5.9361865329e-02,9.7101909484e-04,-8.2848336895e-02,5.4959345326e-02
1.2133333333e-01,-1.5476980511e-18,-8.9494827434e-02,5.9535104204e-02,9.6441540850e-04,-8.3604853389e-02,5.5114519010e-02
1.2200000000e-01,-1.5521624038e-18,-9.0313875854e-02,5.9706833892e-02,9.5769770287e-04,-8.4363376771e-02,5.5268274964e-02
1.2266666667e-01,-1.5565876021e-18,-9.1135155373e-02,5.9877057432e-02,9.5086674891e-04,-8.5123888228e-02,5.5420616478e-02
1.2333333333e-01,-1.5609737250e-18,-9.1958645959e-02,6.0045777864e-02,9.4392332346e-04,-8.5886368992e-02,5.5571546839e-02
1.2400000000e-01,-1.5653208514e-18,-9.2784327622e-02,6.0212998224e-02,9.3686820920e-04,-8.6650800339e-02,5.5721069328e-02
1.2466666667e-01,-1.5696290603e-18,-9.3612180411e-02,6.0378721547e-02,9.2970219453e-04,-8.7417163587e-02,5.5869187225e-02
1.2533333333e-01,-1.5738984304e-18,-9.4442184418e-02,6.0542950865e-02,9.2242607343e-04,-8.8185440100e-02,5.6015903803e-02
1.2600000000e-01,-1.5781290406e-18,-9.5274319773e-02,6.0705689210e-02,9.1504064542e-04,-8.8955611283e-02,5.6161222330e-02
1.2666666667e-01,-1.5823209696e-18,-9.6108566648e-02,6.0866939609e-02,9.0754671542e-04,-8.9727658585e-02,5.6305146073e-02
1.2733333333e-01,-1.5864742961e-18,-9.6944905252e-02,6.1026705091e-02,8.9994509366e-04,-9.0501563500e-02,5.6447678291e-02
1.2800000000e-01,-1.5905890987e-18,-9.7783315839e-02,6.1184988680e-02,8.9223659559e-04,-9.1277307564e-02,5.6588822242e-02
1.2866666667e-01,-1.5946654560e-18,-9.8623778701e-02,6.1341793400e-02,8.8442204179e-04,-9.2054872355e-02,5.6728581177e-02
1.2933333333e-01,-1.5987034466e-18,-9.9466274169e-02,6.1497122271e-02,8.7650225784e-04,-9.2834239498e-02,5.6866958344e-02
1.3000000000e-01,-1.6027031490e-18,-1.0031078262e-01,6.1650978313e-02,8.6847807426e-04,-9.3615390656e-02,5.7003956988e-02
1.3066666667e-01,-1.6066646415e-18,-1.0115728446e-01,6.1803364543e-02,8.6035032640e-04,-9.4398307540e-02,5.7139580348e-02
1.3133333333e-01,-1.6105880027e-18,-1.0200576014e-01,6.1954283978e-02,8.5211985432e-04,-9.5182971901e-02,5.7273831659e-02
1.3200000000e-01,-1.6144733107e-18,-1.0285619016e-01,6.2103739630e-02,8.4378750276e-04,-9.5969365533e-02,5.7406714152e-02
1.3266666667e-01,-1.6183206441e-18,-1.0370855506e-01,6.2251734512e-02,8.3535412097e-04,-9.6757470276e-02,5.7538231054e-02
1.3333333333e-01,-1.6221300809e-18,-1.0456283539e-01,6.2398271633e-02,8.2682056268e-04,-9.7547268008e-02,5.7668385589e-02
1.3400000000e-01,-1.6259016993e-18,-1.0541901179e-01,6.2543354001e-02,8.1818768598e-04,-9.8338740654e-02,5.7797180973e-02
1.3466666667e-01,-1.6296355776e-18,-1.0627706490e-01,6.2686984623e-02,8.0945635320e-04,-9.9131870180e-02,5.7924620423e-02
1.3533333333e-01,-1.6333317939e-18,-1.0713697541e-01,6.2829166503e-02,8.0062743089e-04,-9.9926638594e-02,5.8050707147e-02
1.3600000000e-01,-1.6369904261e-18,-1.0799872406e-01,6.2969902643e-02,7.9170178965e-04,-1.0072302795e-01,5.8175444353e-02
1.3666666667e-01,-1.6406115522e-18,-1.0886229162e-01,6.3109196043e-02,7.8268030411e-04,-1.0152102034e-01,5.8298835241e-02
1.3733333333e-01,-1.6441952503e-18,-1.0972765890e-01,6.3247049703e-02,7.7356385278e-04,-1.0232059790e-01,5.8420883010e-02
1.3800000000e-01,-1.6477415983e-18,-1.1059480677e-01,6.3383466618e-02,7.6435331800e-04,-1.0312174280e-01,5.8541590853e-02
1.3866666667e-01,-1.6512506739e-18,-1.1146371610e-01,6.3518449784e-02,7.5504958585e-04,-1.0392443728e-01,5.8660961960e-02
1.3933333333e-01,-1.6547225550e-18,-1.1233436785e-01,6.3652002194e-02,7.4565354605e-04,-1.0472866360e-01,5.8778999515e-02
1.4000000000e-01,-1.6581573194e-18,-1.1320674296e-01,6.3784126840e-02,7.3616609186e-04,-1.0553440405e-01,5.8895706701e-02
1.4066666667e-01,-1.6615550448e-18,-1.1408082247e-01,6.3914826709e-02,7.2658812003e-04,-1.0634164100e-01,5.9011086695e-02
1.4133333333e-01,-1.6649158088e-18,-1.1495658742e-01,6.4044104790e-02,7.1692053068e-04,-1.0715035682e-01,5.9125142668e-02
1.4200000000e-01,-1.6682396890e-18,-1.1583401891e-01,6.4171964068e-02,7.0716422725e-04,-1.0796053396e-01,5.9237877791e-02
1.4266666667e-01,-1.6715267630e-18,-1.1671309806e-01,6.4298407528e-02,6.9732011636e-04,-1.0877215489e-01,5.9349295229e-02
1.4333333333e-01,-1.6747771084e-18,-1.1759380606e-01,6.4423438150e-02,6.8738910779e-04,-1.0958520212e-01,5.9459398141e-02
1.4400000000e-01,-1.6779908026e-18,-1.1847612410e-01,6.4547058915e-02,6.7737211436e-04,-1.1039965821e-01,5.9568189686e-02
1.4466666667e-01,-1.6811679230e-18,-1.1936003345e-01,6.4669272801e-02,6.6727005183e-04,-1.1121550577e-01,5.9675673015e-02
1.4533333333e-01,-1.6843085470e-18,-1.2024551539e-01,6.4790082785e-02,6.5708383888e-04,-1.1203272744e-01,5.9781851277e-02
1.4600000000e-01,-1.6874127519e-18,-1.2113255125e-01,6.4909491840e-02,6.4681439695e-04,-1.1285130589e-01,5.9886727617e-02
1.4666666667e-01,-1.6904806150e-18,-1.2202112241e-01,6.5027502940e-02,6.3646265023e-04,-1.1367122387e-01,5.9990305176e-02
1.4733333333e-01,-1.6935122135e-18,-1.2291121027e-01,6.5144119055e-02,6.2602952553e-04,-1.1449246412e-01,6.0092587090e-02
1.4800000000e-01,-1.6965076246e-18,-1.2380279628e-01,6.5259343155e-02,6.1551595222e-04,-1.1531500948e-01,6.0193576492e-02
1.4866666667e-01,-1.6994669255e-18,-1.2469586193e-01,6.5373178207e-02,6.0492286214e-04,-1.1613884278e-01,6.0293276510e-02
1.4933333333e-01,-1.7023901933e-18,-1.2559038875e-01,6.5485627175e-02,5.9425118955e-04,-1.1696394692e-01,6.0391690270e-02
1.5000000000e-01,-1.7052775049e-18,-1.2648635831e-01,6.5596693024e-02,5.8350187100e-04,-1.1779030483e-01,6.0488820891e-02
1.5066666667e-01,-1.7081289374e-18,-1.2738375222e-01,6.5706378714e-02,5.7267584530e-04,-1.1861789949e-01,6.0584671490e-02
1.5133333333e-01,-1.7109445677e-18,-1.2828255211e-01,6.5814687207e-02,5.6177405342e-04,-1.1944671392e-01,6.0679245180e-02
1.5200000000e-01,-1.7137244727e-18,-1.2918273969e-01,6.5921621460e-02,5.5079743842e-04,-1.2027673117e-01,6.0772545070e-02
1.5266666667e-01,-1.7164687293e-18,-1.3008429666e-01,6.6027184429e-02,5.3974694538e-04,-1.2110793434e-01,6.0864574265e-02
1.5333333333e-01,-1.7191774142e-18,-1.3098720480e-01,6.6131379069e-02,5.2862352128e-04,-1.2194030658e-01,6.0955335865e-02
1.5400000000e-01,-1.7218506043e-18,-1.3189144592e-01,6.6234208333e-02,5.1742811501e-04,-1.2277383107e-01,6.1044832968e-02
1.5466666667e-01,-1.7244883762e-18,-1.3279700185e-01,6.6335675171e-02,5.0616167720e-04,-1.2360849103e-01,6.1133068666e-02
1.5533333333e-01,-1.7270908067e-18,-1.3370385448e-01,6.6435782532e-02,4.9482516023e-04,-1.2444426972e-01,6.1220046048e-02
1.5600000000e-01,-1.7296579722e-18,-1.3461198572e-01,6.6534533363e-02,4.8341951808e-04,-1.2528115045e-01,6.1305768201e-02
1.5666666667e-01,-1.7321899495e-18,-1.3552137755e-01,6.6631930611e-02,4.7194570633e-04,-1.2611911657e-01,6.1390238204e-02
1.5733333333e-01,-1.7346868150e-18,-1.3643201196e-01,6.6727977218e-02,4.6040468201e-04,-1.2695815147e-01,6.1473459136e-02
1.5800000000e-01,-1.7371486452e-18,-1.3734387100e-01,6.6822676126e-02,4.4879740362e-04,-1.2779823856e-01,6.1555434069e-02
1.5866666667e-01,-1.7395755165e-18,-1.3825693673e-01,6.6916030276e-02,4.3712483098e-04,-1.2863936133e-01,6.1636166075e-02
1.5933333333e-01,-1.7419675053e-18,-1.3917119128e-01,6.7008042606e-02,4.2538792517e-04,-1.2948150327e-01,6.1715658217e-02
1.6000000000e-01,-1.7443246880e-18,-1.4008661681e-01,6.7098716052e-02,4.1358764851e-04,-1.3032464795e-01,6.1793913560e-02
1.6066666667e-01,-1.7466471408e-18,-1.4100319550e-01,6.7188053550e-02,4.0172496445e-04,-1.3116877895e-01,6.1870935159e-02
1.6133333333e-01,-1.7489349400e-18,-1.4192090961e-01,6.7276058031e-02,3.8980083749e-04,-1.3201387991e-01,6.1946726071e-02
1.6200000000e-01,-1.7511881618e-18,-1.4283974139e-01,6.7362732427e-02,3.7781623314e-04,-1.3285993449e-01,6.2021289344e-02
1.6266666667e-01,-1.7534068823e-18,-1.4375967317e-01,6.7448079668e-02,3.6577211784e-04,-1.3370692641e-01,6.2094628027e-02
1.6333333333e-01,-1.7555911777e-18,-1.4468068730e-01,6.7532102681e-02,3.5366945889e-04,-1.3455483942e-01,6.2166745161e-02
1.6400000000e-01,-1.7577411240e-18,-1.4560276617e-01,6.7614804392e-02,3.4150922438e-04,-1.3540365732e-01,6.2237643785e-02
1.6466666667e-01,-1.7598567972e-18,-1.4652589220e-01,6.7696187725e-02,3.2929238314e-04,-1.3625336393e-01,6.2307326936e-02
1.6533333333e-01,-1.7619382734e-18,-1.4745004787e-01,6.7776255603e-02,3.1701990466e-04,-1.3710394315e-01,6.2375797643e-02
1.6600000000e-01,-1.7639856283e-18,-1.4837521569e-01,6.7855010946e-02,3.0469275900e-04,-1.3795537887e-01,6.2443058936e-02
1.6666666667e-01,-1.7659989380e-18,-1.4930137820e-01,6.7932456672e-02,2.9231191678e-04,-1.3880765505e-01,6.2509113837e-02
1.6733333333e-01,-1.7679782782e-18,-1.5022851799e-01,6.8008595700e-02,2.7987834907e-04,-1.3966075570e-01,6.2573965368e-02
1.6800000000e-01,-1.7699237247e-18,-1.5115661768e-01,6.8083430943e-02,2.6739302734e-04,-1.4051466484e-01,6.2637616543e-02
1.6866666667e-01,-1.7718353532e-18,-1.5208565994e-01,6.8156965317e-02,2.5485692340e-04,-1.4136936654e-01,6.2700070376e-02
1.6933333333e-01,-1.7737132396e-18,-1.5301562747e-01,6.8229201732e-02,2.4227100934e-04,-1.4222484494e-01,6.2761329876e-02
1.7000000000e-01,-1.7755574594e-18,-1.5394650301e-01,6.8300143099e-02,2.2963625744e-04,-1.4308108417e-01,6.2821398048e-02
1.7066666667e-01,-1.7773680881e-18,-1.5487826934e-01,6.8369792327e-02,2.1695364015e-04,-1.4393806843e-01,6.2880277893e-02
1.7133333333e-01,-1.7791452015e-18,-1.5581090928e-01,6.8438152321e-02,2.0422412998e-04,-1.4479578197e-01,6.2937972409e-02
1.7200000000e-01,-1.7808888750e-18,-1.5674440569e-01,6.8505225986e-02,1.9144869950e-04,-1.4565420905e-01,6.2994484591e-02
1.7266666667e-01,-1.7825991840e-18,-1.5767874146e-01,6.8571016227e-02,1.7862832120e-04,-1.4651333398e-01,6.3049817427e-02
1.7333333333e-01,-1.7842762041e-18,-1.5861389952e-01,6.8635525944e-02,1.6576396750e-04,-1.4737314113e-01,6.3103973906e-02
1.7400000000e-01,-1.7859200105e-18,-1.5954986285e-01,6.8698758036e-02,1.5285661065e-04,-1.4823361489e-01,6.3156957009e-02
1.7466666667e-01,-1.7875306786e-18,-1.6048661447e-01,6.8760715403e-02,1.3990722270e-04,-1.4909473969e-01,6.3208769716e-02
1.7533333333e-01,-1.7891082838e-18,-1.6142413742e-01,6.8821400940e-02,1.2691677539e-04,-1.4995650000e-01,6.3259415004e-02
1.7600000000e-01,-1.7906529012e-18,-1.6236241478e-01,6.8880817542e-02,1.1388624016e-04,-1.5081888033e-01,6.3308895843e-02
1.7666666667e-01,-1.7921646061e-18,-1.6330142970e-01,6.8938968101e-02,1.0081658803e-04,-1.5168186525e-01,6.3357215202e-02
1.7733333333e-01,-1.7936434736e-18,-1.6424116533e-01,6.8995855509e-02,8.7708789577e-05,-1.5254543933e-01,6.3404376046e-02
1.7800000000e-01,-1.7950895788e-18,-1.6518160488e-01,6.9051482655e-02,7.4563814877e-05,-1.5340958721e-01,6.3450381336e-02
1.7866666667e-01,-1.7965029968e-18,-1.6612273160e-01,6.9105852428e-02,6.1382633429e-05,-1.5427429356e-01,6.3495234029e-02
1.7933333333e-01,-1.7978838027e-18,-1.6706452875e-01,6.9158967712e-02,4.8166214112e-05,-1.5513954310e-01,6.3538937080e-02
1.8000000000e-01,-1.7992320714e-18,-1.6800697967e-01,6.9210831392e-02,3.4915525129e-05,-1.5600532056e-01,6.3581493437e-02
1.8066666667e-01,-1.8005478779e-18,-1.6895006771e-01,6.9261446352e-02,2.1631533946e-05,-1.5687161073e-01,6.3622906049e-02
1.8133333333e-01,-1.8018312970e-18,-1.6989377627e-01,6.9310815471e-02,8.3152072431e-06,-1.5773839845e-01,6.3663177857e-02
1.8200000000e-01,-1.8030824036e-18,-1.7083808879e-01,6.9358941629e-02,-5.0324891462e-06,-1.5860566858e-01,6.3702311802e-02
1.8266666667e-01,-1.8043012725e-18,-1.7178298873e-01,6.9405827704e-02,-1.8410590285e-05,-1.5947340602e-01,6.3740310820e-02
1.8333333333e-01,-1.8054879784e-18,-1.7272845960e-01,6.9451476572e-02,-3.1818132187e-05,-1.6034159572e-01,6.3777177842e-02
1.8400000000e-01,-1.8066425962e-18,-1.7367448497e-01,6.9495891106e-02,-4.5254151873e-05,-1.6121022266e-01,6.3812915797e-02
1.8466666667e-01,-1.8077652004e-18,-1.7462104841e-01,6.9539074180e-02,-5.8717687420e-05,-1.6207927186e-01,6.3847527611e-02
1.8533333333e-01,-1.8088558657e-18,-1.7556813355e-01,6.9581028664e-02,-7.2207778016e-05,-1.6294872839e-01,6.3881016205e-02
1.8600000000e-01,-1.8099146667e-18,-1.7651572406e-01,6.9621757427e-02,-8.5723464010e-05,-1.6381857734e-01,6.3913384498e-02
1.8666666667e-01,-1.8109416779e-18,-1.7746380364e-01,6.9661263337e-02,-9.9263786967e-05,-1.6468880385e-01,6.3944635404e-02
1.8733333333e-01,-1.8119369739e-18,-1.7841235603e-01,6.9699549260e-02,-1.1282778971e-04,-1.6555939310e-01,6.3974771835e-02
1.8800000000e-01,-1.8129006290e-18,-1.7936136502e-01,6.9736618059e-02,-1.2641451639e-04,-1.6643033031e-01,6.4003796697e-02
1.8866666667e-01,-1.8138327177e-18,-1.8031081441e-01,6.9772472598e-02,-1.4002301252e-04,-1.6730160072e-01,6.4031712895e-02
1.8933333333e-01,-1.8147333144e-18,-1.8126068806e-01,6.9807115737e-02,-1.5365232501e-04,-1.6817318964e-01,6.4058523329e-02
1.9000000000e-01,-1.8156024934e-18,-1.8221096987e-01,6.9840550335e-02,-1.6730150227e-04,-1.6904508239e-01,6.4084230898e-02
1.9066666667e-01,-1.8164403290e-18,-1.8316164376e-01,6.9872779251e-02,-1.8096959419e-04,-1.6991726434e-01,6.4108838494e-02
1.9133333333e-01,-1.8172468955e-18,-1.8411269372e-01,6.9903805339e-02,-1.9465565224e-04,-1.7078972090e-01,6.4132349007e-02
1.9200000000e-01,-1.8180222669e-18,-1.8506410374e-01,6.9933631455e-02,-2.0835872949e-04,-1.7166243752e-01,6.4154765325e-02
1.9266666667e-01,-1.8187665176e-18,-1.8601585787e-01,6.9962260450e-02,-2.2207788069e-04,-1.7253539968e-01,6.4176090331e-02
1.9333333333e-01,-1.8194797215e-18,-1.8696794019e-01,6.9989695176e-02,-2.3581216228e-04,-1.7340859291e-01,6.4196326904e-02
1.9400000000e-01,-1.8201619529e-18,-1.8792033483e-01,7.0015938482e-02,-2.4956063245e-04,-1.7428200276e-01,6.4215477922e-02
1.9466666667e-01,-1.8208132856e-18,-1.8887302594e-01,7.0040993216e-02,-2.6332235119e-04,-1.7515561484e-01,6.4233546256e-02
1.9533333333e-01,-1.8214337938e-18,-1.8982599773e-01,7.0064862224e-02,-2.7709638034e-04,-1.7602941479e-01,6.4250534777e-02
1.9600000000e-01,-1.8220235513e-18,-1.9077923443e-01,7.0087548350e-02,-2.9088178363e-04,-1.7690338828e-01,6.4266446351e-02
1.9666666667e-01,-1.8225826320e-18,-1.9173272031e-01,7.0109054438e-02,-3.0467762673e-04,-1.7777752102e-01,6.4281283840e-02
1.9733333333e-01,-1.8231111098e-18,-1.9268643967e-01,7.0129383327e-02,-3.1848297728e-04,-1.7865179877e-01,6.4295050105e-02
1.9800000000e-01,-1.8236090586e-18,-1.9364037688e-01,7.0148537859e-02,-3.3229690496e-04,-1.7952620732e-01,6.4307748000e-02
1.9866666667e-01,-1.8240765521e-18,-1.9459451632e-01,7.0166520871e-02,-3.4611848151e-04,-1.8040073250e-01,6.4319380379e-02
1.9933333333e-01,-1.8245136640e-18,-1.9554884241e-01,7.0183335199e-02,-3.5994678077e-04,-1.8127536016e-01,6.4329950092e-02
2.0000000000e-01,-1.8249204680e-18,-1.9650333961e-01,7.0198983678e-02,-3.7378087877e-04,-1.8215007622e-01,6.4339459983e-02
2.0066666667e-01,-1.8252970378e-18,-1.9745799243e-01,7.0213469142e-02,-3.8761985371e-04,-1.8302486661e-01,6.4347912895e-02
2.0133333333e-01,-1.8256434470e-18,-1.9841278540e-01,7.0226794421e-02,-4.0146278604e-04,-1.8389971732e-01,6.4355311669e-02
2.0200000000e-01,-1.8259597692e-18,-1.9936770310e-01,7.0238962346e-02,-4.1530875851e-04,-1.8477461437e-01,6.4361659139e-02
2.0266666667e-01,-1.8262460779e-18,-2.0032273013e-01,7.0249975745e-02,-4.2915685616e-04,-1.8564954380e-01,6.4366958138e-02
2.0333333333e-01,-1.8265024465e-18,-2.0127785116e-01,7.0259837444e-02,-4.4300616644e-04,-1.8652449171e-01,6.4371211495e-02
2.0400000000e-01,-1.8267289485e-18,-2.0223305086e-01,7.0268550270e-02,-4.5685577916e-04,-1.8739944423e-01,6.4374422037e-02
2.0466666667e-01,-1.8269256574e-18,-2.0318831397e-01,7.0276117045e-02,-4.7070478663e-04,-1.8827438752e-01,6.4376592586e-02
2.0533333333e-01,-1.8270926465e-18,-2.0414362525e-01,7.0282540592e-02,-4.8455228361e-04,-1.8914930780e-01,6.4377725961e-02
2.0600000000e-01,-1.8272299890e-18,-2.0509896950e-01,7.0287823730e-02,-4.9839736740e-04,-1.9002419130e-01,6.4377824979e-02
2.0666666667e-01,-1.8273377584e-18,-2.0605433155e-01,7.0291969279e-02,-5.1223913786e-04,-1.9089902430e-01,6.4376892452e-02
2.0733333333e-01,-1.8274160277e-18,-2.0700969629e-01,7.0294980057e-02,-5.2607669748e-04,-1.9177379312e-01,6.4374931189e-02
2.0800000000e-01,-1.8274648703e-18,-2.0796504863e-01,7.0296858878e-02,-5.3990915137e-04,-1.9264848412e-01,6.4371943998e-02
2.0866666667e-01,-1.8274843592e-18,-2.0892037351e-01,7.0297608556e-02,-5.5373560734e-04,-1.9352308368e-01,6.4367933680e-02
2.0933333333e-01,-1.8274745677e-18,-2.0987565593e-01,7.0297231905e-02,-5.6755517591e-04,-1.9439757824e-01,6.4362903037e-02
2.1000000000e-01,-1.8274355686e-18,-2.1083088092e-01,7.0295731735e-02,-5.8136697036e-04,-1.9527195426e-01,6.4356854863e-02
2.1066666667e-01,-1.8273674352e-18,-2.1178603353e-01,7.0293110856e-02,-5.9517010678e-04,-1.9614619824e-01,6.4349791953e-02
2.1133333333e-01,-1.8272702404e-18,-2.1274109887e-01,7.0289372075e-02,-6.0896370407e-04,-1.9702029673e-01,6.4341717097e-02
2.1200000000e-01,-1.8271440571e-18,-2.1369606207e-01,7.0284518200e-02,-6.2274688401e-04,-1.9789423630e-01,6.4332633081e-02
2.1266666667e-01,-1.8269889583e-18,-2.1465090832e-01,7.0278552033e-02,-6.3651877130e-04,-1.9876800356e-01,6.4322542689e-02
2.1333333333e-01,-1.8268050169e-18,-2.1560562282e-01,7.0271476380e-02,-6.5027849355e-04,-1.9964158517e-01,6.4311448702e-02
2.1400000000e-01,-1.8265923055e-18,-2.1656019082e-01,7.0263294040e-02,-6.6402518138e-04,-2.0051496782e-01,6.4299353897e-02
2.1466666667e-01,-1.8263508972e-18,-2.1751459761e-01,7.0254007816e-02,-6.7775796839e-04,-2.0138813822e-01,6.4286261048e-02
2.1533333333e-01,-1.8260808645e-18,-2.1846882852e-01,7.0243620504e-02,-6.9147599125e-04,-2.0226108315e-01,6.4272172925e-02
2.1600000000e-01,-1.8257822803e-18,-2.1942286891e-01,7.0232134903e-02,-7.0517838970e-04,-2.0313378940e-01,6.4257092297e-02
2.1666666667e-01,-1.8254552172e-18,-2.2037670418e-01,7.0219553807e-02,-7.1886430659e-04,-2.0400624381e-01,6.4241021928e-02
2.1733333333e-01,-1.8250997478e-18,-2.2133031976e-01,7.0205880011e-02,-7.3253288792e-04,-2.0487843324e-01,6.4223964580e-02
2.1800000000e-01,-1.8247159447e-18,-2.2228370113e-01,7.0191116306e-02,-7.4618328287e-04,-2.0575034461e-01,6.4205923011e-02
2.1866666667e-01,-1.8243038805e-18,-2.2323683380e-01,7.0175265485e-02,-7.5981464385e-04,-2.0662196486e-01,6.4186899976e-02
2.1933333333e-01,-1.8238636277e-18,-2.2418970331e-01,7.0158330336e-02,-7.7342612649e-04,-2.0749328097e-01,6.4166898227e-02
2.2000000000e-01,-1.8233952587e-18,-2.2514229525e-01,7.0140313647e-02,-7.8701688972e-04,-2.0836427997e-01,6.4145920513e-02
2.2066666667e-01,-1.8228988461e-18,-2.2609459525e-01,7.0121218205e-02,-8.0058609575e-04,-2.0923494891e-01,6.4123969581e-02
2.2133333333e-01,-1.8223744621e-18,-2.2704658897e-01,7.0101046794e-02,-8.1413291017e-04,-2.1010527488e-01,6.4101048171e-02
2.2200000000e-01,-1.8218221792e-18,-2.2799826209e-01,7.0079802198e-02,-8.2765650192e-04,-2.1097524500e-01,6.4077159025e-02
2.2266666667e-01,-1.8212420697e-18,-2.2894960035e-01,7.0057487199e-02,-8.4115604335e-04,-2.1184484645e-01,6.4052304879e-02
2.2333333333e-01,-1.8206342058e-18,-2.2990058953e-01,7.0034104576e-02,-8.5463071023e-04,-2.1271406642e-01,6.4026488466e-02
2.2400000000e-01,-1.8199986598e-18,-2.3085121543e-01,7.0009657109e-02,-8.6807968182e-04,-2.1358289215e-01,6.3999712517e-02
2.2466666667e-01,-1.8193355039e-18,-2.3180146390e-01,6.9984147576e-02,-8.8150214084e-04,-2.1445131091e-01,6.3971979758e-02
2.2533333333e-01,-1.8186448103e-18,-2.3275132081e-01,6.9957578751e-02,-8.9489727357e-04,-2.1531931001e-01,6.3943292915e-02
2.2600000000e-01,-1.8179266510e-18,-2.3370077209e-01,6.9929953410e-02,-9.0826426981e-04,-2.1618687680e-01,6.3913654709e-02
2.2666666667e-01,-1.8171810982e-18,-2.3464980369e-01,6.9901274325e-02,-9.2160232297e-04,-2.1705399866e-01,6.3883067857e-02
2.2733333333e-01,-1.8164082239e-18,-2.3559840160e-01,6.9871544267e-02,-9.3491063004e-04,-2.1792066301e-01,6.3851535075e-02
2.2800000000e-01,-1.8156081001e-18,-2.3654655186e-01,6.9840766007e-02,-9.4818839166e-04,-2.1878685730e-01,6.3819059075e-02
2.2866666667e-01,-1.8147807988e-18,-2.3749424052e-01,6.9808942313e-02,-9.6143481216e-04,-2.1965256902e-01,6.3785642566e-02
2.2933333333e-01,-1.8139263919e-18,-2.3844145369e-01,6.9776075952e-02,-9.7464909951e-04,-2.2051778570e-01,6.3751288255e-02
2.3000000000e-01,-1.8130449513e-18,-2.3938817752e-01,6.9742169689e-02,-9.8783046545e-04,-2.2138249489e-01,6.3715998844e-02
2.3066666667e-01,-1.8121365489e-18,-2.4033439817e-01,6.9707226288e-02,-1.0009781254e-03,-2.2224668421e-01,6.3679777033e-02
2.3133333333e-01,-1.8112012565e-18,-2.4128010186e-01,6.9671248513e-02,-1.0140912987e-03,-2.2311034127e-01,6.3642625521e-02
2.3200000000e-01,-1.8102391458e-18,-2.4222527484e-01,6.9634239124e-02,-1.0271692083e-03,-2.2397345376e-01,6.3604547000e-02
2.3266666667e-01,-1.8092502886e-18,-2.4316990340e-01,6.9596200880e-02,-1.0402110811e-03,-2.2483600937e-01,6.3565544162e-02
2.3333333333e-01,-1.8082347566e-18,-2.4411397386e-01,6.9557136540e-02,-1.0532161478e-03,-2.2569799584e-01,6.3525619696e-02
2.3400000000e-01,-1.8071926215e-18,-2.4505747258e-01,6.9517048861e-02,-1.0661836430e-03,-2.2655940096e-01,6.3484776287e-02
2.3466666667e-01,-1.8061239549e-18,-2.4600038596e-01,6.9475940597e-02,-1.0791128053e-03,-2.2742021253e-01,6.3443016616e-02
2.3533333333e-01,-1.8050288283e-18,-2.4694270044e-01,6.9433814503e-02,-1.0920028769e-03,-2.2828041840e-01,6.3400343364e-02
2.3600000000e-01,-1.8039073134e-18,-2.4788440247e-01,6.9390673332e-02,-1.1048531043e-03,-2.2914000647e-01,6.3356759208e-02
2.3666666667e-01,-1.8027594816e-18,-2.4882547858e-01,6.9346519833e-02,-1.1176627378e-03,-2.2999896463e-01,6.3312266820e-02
2.3733333333e-01,-1.8015854045e-18,-2.4976591529e-01,6.9301356757e-02,-1.1304310318e-03,-2.3085728086e-01,6.3266868871e-02
2.3800000000e-01,-1.8003851534e-18,-2.5070569920e-01,6.9255186852e-02,-1.1431572446e-03,-2.3171494313e-01,6.3220568030e-02
2.3866666667e-01,-1.7991587998e-18,-2.5164481692e-01,6.9208012864e-02,-1.1558406386e-03,-2.3257193948e-01,6.3173366960e-02
2.3933333333e-01,-1.7979064151e-18,-2.5258325510e-01,6.9159837538e-02,-1.1684804803e-03,-2.3342825797e-01,6.3125268325e-02
2.4000000000e-01,-1.7966280705e-18,-2.5352100044e-01,6.9110663619e-02,-1.1810760403e-03,-2.3428388669e-01,6.3076274782e-02
2.4066666667e-01,-1.7953238373e-18,-2.5445803965e-01,6.9060493849e-02,-1.1936265932e-03,-2.3513881377e-01,6.3026388989e-02
2.4133333333e-01,-1.7939937869e-18,-2.5539435951e-01,6.9009330968e-02,-1.2061314179e-03,-2.3599302738e-01,6.2975613599e-02
2.4200000000e-01,-1.7926379904e-18,-2.5632994680e-01,6.8957177717e-02,-1.2185897972e-03,-2.3684651572e-01,6.2923951262e-02
2.4266666667e-01,-1.7912565190e-18,-2.5726478838e-01,6.8904036833e-02,-1.2310010184e-03,-2.3769926704e-01,6.2871404627e-02
2.4333333333e-01,-1.7898494439e-18,-2.5819887110e-01,6.8849911053e-02,-1.2433643728e-03,-2.3855126959e-01,6.2817976337e-02
2.4400000000e-01,-1.7884168362e-18,-2.5913218188e-01,6.8794803113e-02,-1.2556791559e-03,-2.3940251170e-01,6.2763669035e-02
2.4466666667e-01,-1.7869587669e-18,-2.6006470767e-01,6.8738715747e-02,-1.2679446675e-03,-2.4025298169e-01,6.2708485360e-02
2.4533333333e-01,-1.7854753070e-18,-2.6099643544e-01,6.8681651686e-02,-1.2801602116e-03,-2.4110266796e-01,6.2652427948e-02
2.4600000000e-01,-1.7839665277e-18,-2.6192735221e-01,6.8623613662e-02,-1.2923250967e-03,-2.4195155890e-01,6.2595499433e-02
2.4666666667e-01,-1.7824324998e-18,-2.6285744504e-01,6.8564604406e-02,-1.3044386352e-03,-2.4279964298e-01,6.2537702447e-02
2.4733333333e-01,-1.7808732942e-18,-2.6378670102e-01,6.8504626644e-02,-1.3165001443e-03,-2.4364690866e-01,6.2479039615e-02
2.4800000000e-01,-1.7792889820e-18,-2.6471510727e-01,6.8443683105e-02,-1.3285089450e-03,-2.4449334448e-01,6.2419513565e-02
2.4866666667e-01,-1.7776796338e-18,-2.6564265096e-01,6.8381776514e-02,-1.3404643631e-03,-2.4533893898e-01,6.2359126919e-02
2.4933333333e-01,-1.7760453206e-18,-2.6656931928e-01,6.8318909595e-02,-1.3523657287e-03,-2.4618368074e-01,6.2297882295e-02
2.5000000000e-01,-1.7743861131e-18,-2.6749509948e-01,6.8255085070e-02,-1.3642123759e-03,-2.4702755840e-01,6.2235782311e-02
2.5066666667e-01,-1.7727020820e-18,-2.6841997882e-01,6.8190305662e-02,-1.3760036438e-03,-2.4787056060e-01,6.2172829581e-02
2.5133333333e-01,-1.7709932982e-18,-2.6934394462e-01,6.8124574091e-02,-1.3877388755e-03,-2.4871267604e-01,6.2109026716e-02
2.5200000000e-01,-1.7692598322e-18,-2.7026698421e-01,6.8057893075e-02,-1.3994174187e-03,-2.4955389345e-01,6.2044376325e-02
2.5266666667e-01,-1.7675017547e-18,-2.7118908498e-01,6.7990265332e-02,-1.4110386255e-03,-2.5039420158e-01,6.1978881015e-02
2.5333333333e-01,-1.7657191363e-18,-2.7211023435e-01,6.7921693578e-02,-1.4226018526e-03,-2.5123358923e-01,6.1912543387e-02
2.5400000000e-01,-1.7639120476e-18,-2.7303041976e-01,6.7852180526e-02,-1.4341064610e-03,-2.5207204523e-01,6.1845366043e-02
2.5466666667e-01,-1.7620805591e-18,-2.7394962871e-01,6.7781728892e-02,-1.4455518164e-03,-2.5290955844e-01,6.1777351580e-02
2.5533333333e-01,-1.7602247414e-18,-2.7486784872e-01,6.7710341386e-02,-1.4569372889e-03,-2.5374611776e-01,6.1708502594e-02
2.5600000000e-01,-1.7583446648e-18,-2.7578506736e-01,6.7638020720e-02,-1.4682622533e-03,-2.5458171213e-01,6.1638821676e-02
2.5666666667e-01,-1.7564403999e-18,-2.7670127221e-01,6.7564769602e-02,-1.4795260887e-03,-2.5541633052e-01,6.1568311417e-02
2.5733333333e-01,-1.7545120169e-18,-2.7761645092e-01,6.7490590741e-02,-1.4907281791e-03,-2.5624996192e-01,6.1496974404e-02
2.5800000000e-01,-1.7525595864e-18,-2.7853059115e-01,6.7415486843e-02,-1.5018679127e-03,-2.5708259537e-01,6.1424813220e-02
2.5866666667e-01,-1.7505831785e-18,-2.7944368061e-01,6.7339460614e-02,-1.5129446826e-03,-2.5791421995e-01,6.1351830448e-02
2.5933333333e-01,-1.7485828637e-18,-2.8035570704e-01,6.7262514757e-02,-1.5239578865e-03,-2.5874482475e-01,6.1278028667e-02
2.6000000000e-01,-1.7465587121e-18,-2.8126665822e-01,6.7184651975e-02,-1.5349069266e-03,-2.5957439892e-01,6.1203410452e-02
2.6066666667e-01,-1.7445107940e-18,-2.8217652196e-01,6.7105874970e-02,-1.5457912097e-03,-2.6040293164e-01,6.1127978378e-02
2.6133333333e-01,-1.7424391796e-18,-2.8308528611e-01,6.7026186441e-02,-1.5566101475e-03,-2.6123041210e-01,6.1051735016e-02
2.6200000000e-01,-1.7403439390e-18,-2.8399293855e-01,6.6945589087e-02,-1.5673631562e-03,-2.6205682955e-01,6.0974682935e-02
2.6266666667e-01,-1.7382251423e-18,-2.8489946722e-01,6.6864085605e-02,-1.5780496567e-03,-2.6288217326e-01,6.0896824699e-02
2.6333333333e-01,-1.7360828597e-18,-2.8580486005e-01,6.6781678692e-02,-1.5886690746e-03,-2.6370643256e-01,6.0818162873e-02
2.6400000000e-01,-1.7339171612e-18,-2.8670910506e-01,6.6698371042e-02,-1.5992208403e-03,-2.6452959677e-01,6.0738700018e-02
2.6466666667e-01,-1.7317281168e-18,-2.8761219026e-01,6.6614165349e-02,-1.6097043887e-03,-2.6535165528e-01,6.0658438691e-02
2.6533333333e-01,-1.7295157965e-18,-2.8851410372e-01,6.6529064305e-02,-1.6201191596e-03,-2.6617259750e-01,6.0577381447e-02
2.6600000000e-01,-1.7272802702e-18,-2.8941483354e-01,6.6443070601e-02,-1.6304645977e-03,-2.6699241288e-01,6.0495530840e-02
2.6666666667e-01,-1.7250216079e-18,-2.9031436786e-01,6.6356186926e-02,-1.6407401521e-03,-2.6781109089e-01,6.0412889421e-02
2.6733333333e-01,-1.7227398795e-18,-2.9121269485e-01,6.6268415968e-02,-1.6509452769e-03,-2.6862862105e-01,6.0329459736e-02
2.6800000000e-01,-1.7204351548e-18,-2.9210980272e-01,6.6179760415e-02,-1.6610794309e-03,-2.6944499291e-01,6.0245244332e-02
2.6866666667e-01,-1.7181075036e-18,-2.9300567971e-01,6.6090222952e-02,-1.6711420778e-03,-2.7026019605e-01,6.0160245750e-02
2.6933333333e-01,-1.7157569957e-18,-2.9390031410e-01,6.5999806264e-02,-1.6811326860e-03,-2.7107422008e-01,6.0074466532e-02
2.7000000000e-01,-1.7133837009e-18,-2.9479369421e-01,6.5908513034e-02,-1.6910507286e-03,-2.7188705465e-01,5.9987909214e-02
2.7066666667e-01,-1.7109876888e-18,-2.9568580838e-01,6.5816345944e-02,-1.7008956839e-03,-2.7269868944e-01,5.9900576333e-02
2.7133333333e-01,-1.7085690293e-18,-2.9657664501e-01,6.5723307674e-02,-1.7106670345e-03,-2.7350911418e-01,5.9812470419e-02
2.7200000000e-01,-1.7061277918e-18,-2.9746619252e-01,6.5629400904e-02,-1.7203642684e-03,-2.7431831861e-01,5.9723594005e-02
2.7266666667e-01,-1.7036640461e-18,-2.9835443936e-01,6.5534628312e-02,-1.7299868780e-03,-2.7512629251e-01,5.9633949616e-02
2.7333333333e-01,-1.7011778618e-18,-2.9924137403e-01,6.5438992574e-02,-1.7395343607e-03,-2.7593302570e-01,5.9543539779e-02
2.7400000000e-01,-1.6986693083e-18,-3.0012698506e-01,6.5342496367e-02,-1.7490062190e-03,-2.7673850804e-01,5.9452367016e-02
2.7466666667e-01,-1.6961384553e-18,-3.0101126101e-01,6.5245142364e-02,-1.7584019599e-03,-2.7754272940e-01,5.9360433847e-02
2.7533333333e-01,-1.6935853721e-18,-3.0189419048e-01,6.5146933239e-02,-1.7677210955e-03,-2.7834567970e-01,5.9267742789e-02
2.7600000000e-01,-1.6910101283e-18,-3.0277576211e-01,6.5047871663e-02,-1.7769631428e-03,-2.7914734889e-01,5.9174296359e-02
2.7666666667e-01,-1.6884127933e-18,-3.0365596457e-01,6.4947960308e-02,-1.7861276236e-03,-2.7994772697e-01,5.9080097069e-02
2.7733333333e-01,-1.6857934365e-18,-3.0453478657e-01,6.4847201842e-02,-1.7952140648e-03,-2.8074680394e-01,5.8985147429e-02
2.7800000000e-01,-1.6831521272e-18,-3.0541221685e-01,6.4745598933e-02,-1.8042219980e-03,-2.8154456985e-01,5.8889449946e-02
2.7866666667e-01,-1.6804889348e-18,-3.0628824419e-01,6.4643154249e-02,-1.8131509597e-03,-2.8234101480e-01,5.8793007128e-02
2.7933333333e-01,-1.6778039286e-18,-3.0716285740e-01,6.4539870455e-02,-1.8220004917e-03,-2.8313612889e-01,5.8695821476e-02
2.8000000000e-01,-1.6750971777e-18,-3.0803604533e-01,6.4435750216e-02,-1.8307701402e-03,-2.8392990228e-01,5.8597895491e-02
2.8066666667e-01,-1.6723687516e-18,-3.0890779687e-01,6.4330796195e-02,-1.8394594568e-03,-2.8472232516e-01,5.8499231672e-02
2.8133333333e-01,-1.6696187193e-18,-3.0977810093e-01,6.4225011053e-02,-1.8480679978e-03,-2.8551338773e-01,5.8399832514e-02
2.8200000000e-01,-1.6668471501e-18,-3.1064694648e-01,6.4118397452e-02,-1.8565953246e-03,-2.8630308026e-01,5.8299700510e-02
2.8266666667e-01,-1.6640541131e-18,-3.1151432249e-01,6.4010958051e-02,-1.8650410034e-03,-2.8709139302e-01,5.8198838153e-02
2.8333333333e-01,-1.6612396773e-18,-3.1238021801e-01,6.3902695509e-02,-1.8734046055e-03,-2.8787831632e-01,5.8097247930e-02
2.8400000000e-01,-1.6584039119e-18,-3.1324462209e-01,6.3793612483e-02,-1.8816857072e-03,-2.8866384053e-01,5.7994932327e-02
2.8466666667e-01,-1.6555468860e-18,-3.1410752382e-01,6.3683711628e-02,-1.8898838897e-03,-2.8944795602e-01,5.7891893830e-02
2.8533333333e-01,-1.6526686684e-18,-3.1496891235e-01,6.3572995599e-02,-1.8979987391e-03,-2.9023065321e-01,5.7788134918e-02
2.8600000000e-01,-1.6497693283e-18,-3.1582877683e-01,6.3461467051e-02,-1.9060298466e-03,-2.9101192255e-01,5.7683658073e-02
2.8666666667e-01,-1.6468489345e-18,-3.1668710648e-01,6.3349128635e-02,-1.9139768085e-03,-2.9179175451e-01,5.7578465769e-02
2.8733333333e-01,-1.6439075560e-18,-3.1754389052e-01,6.3235983002e-02,-1.9218392260e-03,-2.9257013961e-01,5.7472560483e-02
2.8800000000e-01,-1.6409452617e-18,-3.1839911824e-01,6.3122032803e-02,-1.9296167051e-03,-2.9334706840e-01,5.7365944686e-02
2.8866666667e-01,-1.6379621204e-18,-3.1925277893e-01,6.3007280687e-02,-1.9373088571e-03,-2.9412253146e-01,5.7258620849e-02
2.8933333333e-01,-1.6349582010e-18,-3.2010486196e-01,6.2891729301e-02,-1.9449152983e-03,-2.9489651940e-01,5.7150591438e-02
2.9000000000e-01,-1.6319335723e-18,-3.2095535669e-01,6.2775381291e-02,-1.9524356497e-03,-2.9566902287e-01,5.7041858920e-02
2.9066666667e-01,-1.6288883030e-18,-3.2180425254e-01,6.2658239304e-02,-1.9598695377e-03,-2.9644003255e-01,5.6932425757e-02
2.9133333333e-01,-1.6258224618e-18,-3.2265153896e-01,6.2540305982e-02,-1.9672165935e-03,-2.9720953914e-01,5.6822294410e-02
2.9200000000e-01,-1.6227361176e-18,-3.2349720544e-01,6.2421583969e-02,-1.9744764533e-03,-2.9797753338e-01,5.6711467338e-02
2.9266666667e-01,-1.6196293388e-18,-3.2434124149e-01,6.2302075908e-02,-1.9816487586e-03,-2.9874400607e-01,5.6599946996e-02
2.9333333333e-01,-1.6165021943e-18,-3.2518363667e-01,6.2181784437e-02,-1.9887331556e-03,-2.9950894800e-01,5.6487735839e-02
2.9400000000e-01,-1.6133547527e-18,-3.2602438057e-01,6.2060712198e-02,-1.9957292956e-03,-3.0027235002e-01,5.6374836319e-02
2.9466666667e-01,-1.6101870824e-18,-3.2686346282e-01,6.1938861829e-02,-2.0026368351e-03,-3.0103420299e-01,5.6261250885e-02
2.9533333333e-01,-1.6069992521e-18,-3.2770087308e-01,6.1816235966e-02,-2.0094554356e-03,-3.0179449784e-01,5.6146981983e-02
2.9600000000e-01,-1.6037913303e-18,-3.2853660104e-01,6.1692837245e-02,-2.0161847634e-03,-3.0255322548e-01,5.6032032060e-02
2.9666666667e-01,-1.6005633855e-18,-3.2937063644e-01,6.1568668303e-02,-2.0228244901e-03,-3.0331037691e-01,5.5916403558e-02
2.9733333333e-01,-1.5973154861e-18,-3.3020296904e-01,6.1443731772e-02,-2.0293742922e-03,-3.0406594312e-01,5.5800098917e-02
2.9800000000e-01,-1.5940477007e-18,-3.3103358864e-01,6.1318030285e-02,-2.0358338513e-03,-3.0481991514e-01,5.5683120576e-02
2.9866666667e-01,-1.5907600976e-18,-3.3186248508e-01,6.1191566474e-02,-2.0422028541e-03,-3.0557228405e-01,5.5565470971e-02
2.9933333333e-01,-1.5874527452e-18,-3.3268964822e-01,6.1064342969e-02,-2.0484809922e-03,-3.0632304095e-01,5.5447152536e-02
3.0000000000e-01,-1.5841257118e-18,-3.3351506798e-01,6.0936362399e-02,-2.0546679624e-03,-3.0707217697e-01,5.5328167702e-02
3.0066666667e-01,-1.5807790658e-18,-3.3433873430e-01,6.0807627393e-02,-2.0607634663e-03,-3.0781968328e-01,5.5208518900e-02
3.0133333333e-01,-1.5774128755e-18,-3.3516063715e-01,6.0678140578e-02,-2.0667672109e-03,-3.0856555107e-01,5.5088208556e-02
3.0200000000e-01,-1.5740272091e-18,-3.3598076655e-01,6.0547904579e-02,-2.0726789080e-03,-3.0930977157e-01,5.4967239096e-02
3.0266666667e-01,-1.5706221349e-18,-3.3679911253e-01,6.0416922022e-02,-2.0784982743e-03,-3.1005233605e-01,5.4845612943e-02
3.0333333333e-01,-1.5671977211e-18,-3.3761566519e-01,6.0285195531e-02,-2.0842250320e-03,-3.1079323580e-01,5.4723332517e-02
3.0400000000e-01,-1.5637540358e-18,-3.3843041463e-01,6.0152727727e-02,-2.0898589079e-03,-3.1153246215e-01,5.4600400239e-02
3.0466666667e-01,-1.5602911472e-18,-3.3924335101e-01,6.0019521232e-02,-2.0953996342e-03,-3.1227000646e-01,5.4476818524e-02
3.0533333333e-01,-1.5568091235e-18,-3.4005446452e-01,5.9885578668e-02,-2.1008469477e-03,-3.1300586011e-01,5.4352589786e-02
3.0600000000e-01,-1.5533080327e-18,-3.4086374536e-01,5.9750902653e-02,-2.1062005907e-03,-3.1374001453e-01,5.4227716439e-02
3.0666666667e-01,-1.5497879428e-18,-3.4167118381e-01,5.9615495805e-02,-2.1114603104e-03,-3.1447246118e-01,5.4102200893e-02
3.0733333333e-01,-1.5462489221e-18,-3.4247677015e-01,5.9479360742e-02,-2.1166258588e-03,-3.1520319154e-01,5.3976045555e-02
3.0800000000e-01,-1.5426910383e-18,-3.4328049470e-01,5.9342500081e-02,-2.1216969931e-03,-3.1593219714e-01,5.3849252832e-02
3.0866666667e-01,-1.5391143596e-18,-3.4408234782e-01,5.9204916435e-02,-2.1266734758e-03,-3.1665946951e-01,5.3721825129e-02
3.0933333333e-01,-1.5355189538e-18,-3.4488231992e-01,5.9066612419e-02,-2.1315550739e-03,-3.1738500025e-01,5.3593764846e-02
3.1000000000e-01,-1.5319048890e-18,-3.4568040141e-01,5.8927590645e-02,-2.1363415598e-03,-3.1810878097e-01,5.3465074384e-02
3.1066666667e-01,-1.5282722329e-18,-3.4647658277e-01,5.8787853727e-02,-2.1410327110e-03,-3.1883080331e-01,5.3335756140e-02
3.1133333333e-01,-1.5246210536e-18,-3.4727085449e-01,5.8647404274e-02,-2.1456283096e-03,-3.1955105896e-01,5.3205812511e-02
3.1200000000e-01,-1.5209514187e-18,-3.4806320711e-01,5.8506244896e-02,-2.1501281432e-03,-3.2026953963e-01,5.3075245890e-02
3.1266666667e-01,-1.5172633962e-18,-3.4885363119e-01,5.8364378202e-02,-2.1545320041e-03,-3.2098623705e-01,5.2944058668e-02
3.1333333333e-01,-1.5135570537e-18,-3.4964211734e-01,5.8221806799e-02,-2.1588396897e-03,-3.2170114300e-01,5.2812253236e-02
3.1400000000e-01,-1.5098324592e-18,-3.5042865619e-01,5.8078533294e-02,-2.1630510025e-03,-3.2241424929e-01,5.2679831981e-02
3.1466666667e-01,-1.5060896803e-18,-3.5121323843e-01,5.7934560293e-02,-2.1671657498e-03,-3.2312554775e-01,5.2546797288e-02
3.1533333333e-01,-1.5023287847e-18,-3.5199585475e-01,5.7789890400e-02,-2.1711837443e-03,-3.2383503025e-01,5.2413151541e-02
3.1600000000e-01,-1.4985498401e-18,-3.5277649590e-01,5.7644526218e-02,-2.1751048032e-03,-3.2454268870e-01,5.2278897122e-02
3.1666666667e-01,-1.4947529141e-18,-3.5355515265e-01,5.7498470350e-02,-2.1789287491e-03,-3.2524851502e-01,5.2144036410e-02
3.1733333333e-01,-1.4909380744e-18,-3.5433181582e-01,5.7351725397e-02,-2.1826554094e-03,-3.2595250118e-01,5.2008571782e-02
3.1800000000e-01,-1.4871053886e-18,-3.5510647625e-01,5.7204293960e-02,-2.1862846165e-03,-3.2665463917e-01,5.1872505615e-02
3.1866666667e-01,-1.4832549243e-18,-3.5587912482e-01,5.7056178637e-02,-2.1898162078e-03,-3.2735492102e-01,5.1735840281e-02
3.1933333333e-01,-1.4793867489e-18,-3.5664975245e-01,5.6907382028e-02,-2.1932500258e-03,-3.2805333879e-01,5.1598578153e-02
3.2000000000e-01,-1.4755009301e-18,-3.5741835009e-01,5.6757906730e-02,-2.1965859178e-03,-3.2874988457e-01,5.1460721600e-02
3.2066666667e-01,-1.4715975353e-18,-3.5818490872e-01,5.6607755338e-02,-2.1998237361e-03,-3.2944455048e-01,5.1322272990e-02
3.2133333333e-01,-1.4676766320e-18,-3.5894941936e-01,5.6456930448e-02,-2.2029633381e-03,-3.3013732868e-01,5.1183234689e-02
3.2200000000e-01,-1.4637382876e-18,-3.5971187307e-01,5.6305434654e-02,-2.2060045861e-03,-3.3082821134e-01,5.1043609060e-02
3.2266666667e-01,-1.4597825695e-18,-3.6047226093e-01,5.6153270550e-02,-2.2089473472e-03,-3.3151719068e-01,5.0903398465e-02
3.2333333333e-01,-1.4558095452e-18,-3.6123057406e-01,5.6000440728e-02,-2.2117914936e-03,-3.3220425895e-01,5.0762605265e-02
3.2400000000e-01,-1.4518192819e-18,-3.6198680362e-01,5.5846947779e-02,-2.2145369024e-03,-3.3288940842e-01,5.0621231817e-02
3.2466666667e-01,-1.4478118471e-18,-3.6274094080e-01,5.5692794293e-02,-2.2171834558e-03,-3.3357263142e-01,5.0479280478e-02
3.2533333333e-01,-1.4437873080e-18,-3.6349297683e-01,5.5537982860e-02,-2.2197310407e-03,-3.3425392027e-01,5.0336753602e-02
3.2600000000e-01,-1.4397457320e-18,-3.6424290298e-01,5.5382516067e-02,-2.2221795490e-03,-3.3493326735e-01,5.0193653541e-02
3.2666666667e-01,-1.4356871862e-18,-3.6499071052e-01,5.5226396504e-02,-2.2245288775e-03,-3.3561066507e-01,5.0049982645e-02
3.2733333333e-01,-1.4316117380e-18,-3.6573639080e-01,5.5069626754e-02,-2.2267789280e-03,-3.3628610585e-01,4.9905743264e-02
3.2800000000e-01,-1.4275194545e-18,-3.6647993517e-01,5.4912209405e-02,-2.2289296072e-03,-3.3695958217e-01,4.9760937743e-02
3.2866666667e-01,-1.4234104029e-18,-3.6722133504e-01,5.4754147040e-02,-2.2309808266e-03,-3.3763108651e-01,4.9615568429e-02
3.2933333333e-01,-1.4192846504e-18,-3.6796058183e-01,5.4595442243e-02,-2.2329325026e-03,-3.3830061142e-01,4.9469637663e-02
3.3000000000e-01,-1.4151422641e-18,-3.6869766702e-01,5.4436097597e-02,-2.2347845566e-03,-3.3896814944e-01,4.9323147787e-02
3.3066666667e-01,-1.4109833112e-18,-3.6943258210e-01,5.4276115682e-02,-2.2365369148e-03,-3.3963369317e-01,4.9176101140e-02
3.3133333333e-01,-1.4068078586e-18,-3.7016531862e-01,5.4115499080e-02,-2.2381895082e-03,-3.4029723523e-01,4.9028500061e-02
3.3200000000e-01,-1.4026159736e-18,-3.7089586813e-01,5.3954250370e-02,-2.2397422729e-03,-3.4095876827e-01,4.8880346883e-02
3.3266666667e-01,-1.3984077230e-18,-3.7162422225e-01,5.3792372130e-02,-2.2411951495e-03,-3.4161828497e-01,4.8731643942e-02
3.3333333333e-01,-1.3941831739e-18,-3.7235037261e-01,5.3629866939e-02,-2.2425480838e-03,-3.4227577805e-01,4.8582393569e-02
3.3400000000e-01,-1.3899423934e-18,-3.7307431088e-01,5.3466737373e-02,-2.2438010263e-03,-3.4293124026e-01,4.8432598095e-02
3.3466666667e-01,-1.3856854483e-18,-3.7379602878e-01,5.3302986008e-02,-2.2449539322e-03,-3.4358466436e-01,4.8282259847e-02
3.3533333333e-01,-1.3814124057e-18,-3.7451551804e-01,5.3138615419e-02,-2.2460067617e-03,-3.4423604317e-01,4.8131381153e-02
3.3600000000e-01,-1.3771233323e-18,-3.7523277045e-01,5.2973628180e-02,-2.2469594797e-03,-3.4488536953e-01,4.7979964337e-02
3.3666666667e-01,-1.3728182952e-18,-3.7594777780e-01,5.2808026864e-02,-2.2478120560e-03,-3.4553263630e-01,4.7828011723e-02
3.3733333333e-01,-1.3684973611e-18,-3.7666053195e-01,5.2641814043e-02,-2.2485644652e-03,-3.4617783638e-01,4.7675525631e-02
3.3800000000e-01,-1.3641605970e-18,-3.7737102477e-01,5.2474992288e-02,-2.2492166866e-03,-3.4682096271e-01,4.7522508382e-02
3.3866666667e-01,-1.3598080696e-18,-3.7807924817e-01,5.2307564170e-02,-2.2497687043e-03,-3.4746200825e-01,4.7368962292e-02
3.3933333333e-01,-1.3554398457e-18,-3.7878519411e-01,5.2139532257e-02,-2.2502205073e-03,-3.4810096598e-01,4.7214889679e-02
3.4000000000e-01,-1.3510559922e-18,-3.7948885456e-01,5.1970899120e-02,-2.2505720891e-03,-3.4873782893e-01,4.7060292856e-02
3.4066666667e-01,-1.3466565757e-18,-3.8019022154e-01,5.1801667324e-02,-2.2508234482e-03,-3.4937259015e-01,4.6905174136e-02
3.4133333333e-01,-1.3422416629e-18,-3.8088928709e-01,5.1631839437e-02,-2.2509745877e-03,-3.5000524274e-01,4.6749535829e-02
3.4200000000e-01,-1.3378113207e-18,-3.8158604331e-01,5.1461418024e-02,-2.2510255156e-03,-3.5063577980e-01,4.6593380246e-02
3.4266666667e-01,-1.3333656155e-18,-3.8228048231e-01,5.1290405650e-02,-2.2509762443e-03,-3.5126419447e-01,4.6436709693e-02
3.4333333333e-01,-1.3289046142e-18,-3.8297259623e-01,5.1118804880e-02,-2.2508267913e-03,-3.5189047994e-01,4.6279526476e-02
3.4400000000e-01,-1.3244283834e-18,-3.8366237728e-01,5.0946618276e-02,-2.2505771786e-03,-3.5251462941e-01,4.6121832899e-02
3.4466666667e-01,-1.3199369895e-18,-3.8434981766e-01,5.0773848401e-02,-2.2502274328e-03,-3.5313663612e-01,4.5963631264e-02
3.4533333333e-01,-1.3154304993e-18,-3.8503490963e-01,5.0600497815e-02,-2.2497775853e-03,-3.5375649334e-01,4.5804923872e-02
3.4600000000e-01,-1.3109089793e-18,-3.8571764548e-01,5.0426569080e-02,-2.2492276723e-03,-3.5437419437e-01,4.5645713023e-02
3.4666666667e-01,-1.3063724961e-18,-3.8639801753e-01,5.0252064755e-02,-2.2485777343e-03,-3.5498973253e-01,4.5486001012e-02
3.4733333333e-01,-1.3018211161e-18,-3.8707601814e-01,5.0076987398e-02,-2.2478278169e-03,-3.5560310118e-01,4.5325790137e-02
3.4800000000e-01,-1.2972549058e-18,-3.8775163969e-01,4.9901339568e-02,-2.2469779700e-03,-3.5621429372e-01,4.5165082691e-02
3.4866666667e-01,-1.2926739317e-18,-3.8842487462e-01,4.9725123821e-02,-2.2460282482e-03,-3.5682330356e-01,4.5003880966e-02
3.4933333333e-01,-1.2880782603e-18,-3.8909571539e-01,4.9548342714e-02,-2.2449787109e-03,-3.5743012416e-01,4.4842187253e-02
3.5000000000e-01,-1.2834679580e-18,-3.8976415447e-01,4.9370998802e-02,-2.2438294218e-03,-3.5803474900e-01,4.4680003842e-02
3.5066666667e-01,-1.2788430912e-18,-3.9043018441e-01,4.9193094638e-02,-2.2425804494e-03,-3.5863717159e-01,4.4517333019e-02
3.5133333333e-01,-1.2742037263e-18,-3.9109379775e-01,4.9014632778e-02,-2.2412318667e-03,-3.5923738547e-01,4.4354177071e-02
3.5200000000e-01,-1.2695499297e-18,-3.9175498710e-01,4.8835615773e-02,-2.2397837514e-03,-3.5983538421e-01,4.4190538282e-02
3.5266666667e-01,-1.2648817676e-18,-3.9241374509e-01,4.8656046176e-02,-2.2382361856e-03,-3.6043116142e-01,4.4026418935e-02
3.5333333333e-01,-1.2601993064e-18,-3.9307006437e-01,4.8475926537e-02,-2.2365892561e-03,-3.6102471073e-01,4.3861821310e-02
3.5400000000e-01,-1.2555026124e-18,-3.9372393765e-01,4.8295259407e-02,-2.2348430540e-03,-3.6161602580e-01,4.3696747687e-02
3.5466666667e-01,-1.2507917519e-18,-3.9437535765e-01,4.8114047335e-02,-2.2329976752e-03,-3.6220510033e-01,4.3531200344e-02
3.5533333333e-01,-1.2460667912e-18,-3.9502431713e-01,4.7932292869e-02,-2.2310532199e-03,-3.6279192804e-01,4.3365181558e-02
3.5600000000e-01,-1.2413277964e-18,-3.9567080890e-01,4.7749998558e-02,-2.2290097928e-03,-3.6337650269e-01,4.3198693603e-02
3.5666666667e-01,-1.2365748337e-18,-3.9631482579e-01,4.7567166949e-02,-2.2268675034e-03,-3.6395881805e-01,4.3031738752e-02
3.5733333333e-01,-1.2318079694e-18,-3.9695636066e-01,4.7383800586e-02,-2.2246264652e-03,-3.6453886795e-01,4.2864319277e-02
3.5800000000e-01,-1.2270272697e-18,-3.9759540642e-01,4.7199902017e-02,-2.2222867965e-03,-3.6511664623e-01,4.2696437449e-02
3.5866666667e-01,-1.2222328006e-18,-3.9823195599e-01,4.7015473784e-02,-2.2198486199e-03,-3.6569214676e-01,4.2528095535e-02
3.5933333333e-01,-1.2174246283e-18,-3.9886600235e-01,4.6830518433e-02,-2.2173120626e-03,-3.6626536345e-01,4.2359295804e-02
3.6000000000e-01,-1.2126028190e-18,-3.9949753849e-01,4.6645038505e-02,-2.2146772559e-03,-3.6683629024e-01,4.2190040520e-02
3.6066666667e-01,-1.2077674386e-18,-4.0012655745e-01,4.6459036543e-02,-2.2119443358e-03,-3.6740492108e-01,4.2020331947e-02
3.6133333333e-01,-1.2029185533e-18,-4.0075305231e-01,4.6272515089e-02,-2.2091134427e-03,-3.6797124998e-01,4.1850172349e-02
3.6200000000e-01,-1.1980562291e-18,-4.0137701616e-01,4.6085476682e-02,-2.2061847211e-03,-3.6853527095e-01,4.1679563986e-02
3.6266666667e-01,-1.1931805320e-18,-4.0199844214e-01,4.5897923862e-02,-2.2031583201e-03,-3.6909697806e-01,4.1508509118e-02
3.6333333333e-01,-1.1882915281e-18,-4.0261732342e-01,4.5709859169e-02,-2.2000343932e-03,-3.6965636539e-01,4.1337010002e-02
3.6400000000e-01,-1.1833892833e-18,-4.0323365320e-01,4.5521285140e-02,-2.1968130981e-03,-3.7021342706e-01,4.1165068897e-02
3.6466666667e-01,-1.1784738635e-18,-4.0384742473e-01,4.5332204313e-02,-2.1934945967e-03,-3.7076815720e-01,4.0992688055e-02
3.6533333333e-01,-1.1735453348e-18,-4.0445863128e-01,4.5142619225e-02,-2.1900790556e-03,-3.7132055001e-01,4.0819869732e-02
3.6600000000e-01,-1.1686037630e-18,-4.0506726614e-01,4.4952532411e-02,-2.1865666454e-03,-3.7187059967e-01,4.0646616180e-02
3.6666666667e-01,-1.1636492141e-18,-4.0567332267e-01,4.4761946407e-02,-2.1829575410e-03,-3.7241830043e-01,4.0472929649e-02
3.6733333333e-01,-1.1586817538e-18,-4.0627679423e-01,4.4570863746e-02,-2.1792519216e-03,-3.7296364654e-01,4.0298812389e-02
3.6800000000e-01,-1.1537014482e-18,-4.0687767423e-01,4.4379286963e-02,-2.1754499709e-03,-3.7350663232e-01,4.0124266647e-02
3.6866666667e-01,-1.1487083630e-18,-4.0747595611e-01,4.4187218589e-02,-2.1715518764e-03,-3.7404725207e-01,3.9949294670e-02
3.6933333333e-01,-1.1437025641e-18,-4.0807163335e-01,4.3994661158e-02,-2.1675578301e-03,-3.7458550016e-01,3.9773898704e-02
3.7000000000e-01,-1.1386841173e-18,-4.0866469944e-01,4.3801617201e-02,-2.1634680282e-03,-3.7512137096e-01,3.9598080992e-02
3.7066666667e-01,-1.1336530882e-18,-4.0925514795e-01,4.3608089248e-02,-2.1592826711e-03,-3.7565485890e-01,3.9421843776e-02
3.7133333333e-01,-1.1286095429e-18,-4.0984297243e-01,4.3414079829e-02,-2.1550019632e-03,-3.7618595841e-01,3.9245189297e-02
3.7200000000e-01,-1.1235535469e-18,-4.1042816651e-01,4.3219591473e-02,-2.1506261133e-03,-3.7671466398e-01,3.9068119794e-02
3.7266666667e-01,-1.1184851659e-18,-4.1101072381e-01,4.3024626708e-02,-2.1461553342e-03,-3.7724097009e-01,3.8890637506e-02
3.7333333333e-01,-1.1134044658e-18,-4.1159063802e-01,4.2829188063e-02,-2.1415898429e-03,-3.7776487130e-01,3.8712744670e-02
3.7400000000e-01,-1.1083115122e-18,-4.1216790286e-01,4.2633278064e-02,-2.1369298606e-03,-3.7828636215e-01,3.8534443520e-02
3.7466666667e-01,-1.1032063708e-18,-4.1274251205e-01,4.2436899237e-02,-2.1321756124e-03,-3.7880543724e-01,3.8355736291e-02
3.7533333333e-01,-1.0980891072e-18,-4.1331445938e-01,4.2240054108e-02,-2.1273273276e-03,-3.7932209120e-01,3.8176625216e-02
3.7600000000e-01,-1.0929597870e-18,-4.1388373866e-01,4.2042745202e-02,-2.1223852396e-03,-3.7983631867e-01,3.7997112526e-02
3.7666666667e-01,-1.0878184759e-18,-4.1445034374e-01,4.1844975042e-02,-2.1173495858e-03,-3.8034811433e-01,3.7817200450e-02
3.7733333333e-01,-1.0826652395e-18,-4.1501426849e-01,4.1646746152e-02,-2.1122206078e-03,-3.8085747290e-01,3.7636891218e-02
3.7800000000e-01,-1.0775001434e-18,-4.1557550682e-01,4.1448061055e-02,-2.1069985509e-03,-3.8136438912e-01,3.7456187056e-02
3.7866666667e-01,-1.0723232531e-18,-4.1613405268e-01,4.1248922273e-02,-2.1016836647e-03,-3.8186885776e-01,3.7275090192e-02
3.7933333333e-01,-1.0671346341e-18,-4.1668990005e-01,4.1049332327e-02,-2.0962762028e-03,-3.8237087362e-01,3.7093602849e-02
3.8000000000e-01,-1.0619343520e-18,-4.1724304294e-01,4.0849293738e-02,-2.0907764225e-03,-3.8287043152e-01,3.6911727251e-02
3.8066666667e-01,-1.0567224723e-18,-4.1779347540e-01,4.0648809025e-02,-2.0851845853e-03,-3.8336752632e-01,3.6729465621e-02
3.8133333333e-01,-1.0514990606e-18,-4.1834119150e-01,4.0447880708e-02,-2.0795009566e-03,-3.8386215292e-01,3.6546820178e-02
3.8200000000e-01,-1.0462641821e-18,-4.1888618535e-01,4.0246511305e-02,-2.0737258057e-03,-3.8435430623e-01,3.6363793143e-02
3.8266666667e-01,-1.0410179025e-18,-4.1942845112e-01,4.0044703334e-02,-2.0678594058e-03,-3.8484398120e-01,3.6180386733e-02
3.8333333333e-01,-1.0357602872e-18,-4.1996798296e-01,3.9842459313e-02,-2.0619020341e-03,-3.8533117280e-01,3.5996603167e-02
3.8400000000e-01,-1.0304914015e-18,-4.2050477511e-01,3.9639781757e-02,-2.0558539714e-03,-3.8581587604e-01,3.5812444659e-02
3.8466666667e-01,-1.0252113109e-18,-4.2103882180e-01,3.9436673184e-02,-2.0497155027e-03,-3.8629808596e-01,3.5627913424e-02
3.8533333333e-01,-1.0199200808e-18,-4.2157011731e-01,3.9233136107e-02,-2.0434869167e-03,-3.8677779762e-01,3.5443011676e-02
3.8600000000e-01,-1.0146177765e-18,-4.2209865596e-01,3.9029173042e-02,-2.0371685058e-03,-3.8725500611e-01,3.5257741627e-02
3.8666666667e-01,-1.0093044634e-18,-4.2262443210e-01,3.8824786503e-02,-2.0307605664e-03,-3.8772970657e-01,3.5072105487e-02
3.8733333333e-01,-1.0039802069e-18,-4.2314744011e-01,3.8619979002e-02,-2.0242633986e-03,-3.8820189413e-01,3.4886105465e-02
3.8800000000e-01,-9.9864507212e-19,-4.2366767440e-01,3.8414753053e-02,-2.0176773063e-03,-3.8867156399e-01,3.4699743772e-02
3.8866666667e-01,-9.9329912454e-19,-4.2418512941e-01,3.8209111166e-02,-2.0110025972e-03,-3.8913871135e-01,3.4513022612e-02
3.8933333333e-01,-9.8794242939e-19,-4.2469979964e-01,3.8003055855e-02,-2.0042395826e-03,-3.8960333146e-01,3.4325944194e-02
3.9000000000e-01,-9.8257505195e-19,-4.2521167959e-01,3.7796589629e-02,-1.9973885776e-03,-3.9006541959e-01,3.4138510720e-02
3.9066666667e-01,-9.7719705745e-19,-4.2572076381e-01,3.7589714998e-02,-1.9904499010e-03,-3.9052497103e-01,3.3950724396e-02
3.9133333333e-01,-9.7180851115e-19,-4.2622704689e-01,3.7382434473e-02,-1.9834238754e-03,-3.9098198112e-01,3.3762587423e-02
3.9200000000e-01,-9.6640947825e-19,-4.2673052344e-01,3.7174750560e-02,-1.9763108269e-03,-3.9143644521e-01,3.3574102002e-02
3.9266666667e-01,-9.6100002397e-19,-4.2723118810e-01,3.6966665770e-02,-1.9691110853e-03,-3.9188835870e-01,3.3385270335e-02
3.9333333333e-01,-9.5558021350e-19,-4.2772903556e-01,3.6758182610e-02,-1.9618249841e-03,-3.9233771698e-01,3.3196094619e-02
3.9400000000e-01,-9.5015011199e-19,-4.2822406053e-01,3.6549303585e-02,-1.9544528603e-03,-3.9278451552e-01,3.3006577053e-02
3.9466666667e-01,-9.4470978462e-19,-4.2871625776e-01,3.6340031204e-02,-1.9469950546e-03,-3.9322874979e-01,3.2816719833e-02
3.9533333333e-01,-9.3925929653e-19,-4.2920562204e-01,3.6130367971e-02,-1.9394519111e-03,-3.9367041529e-01,3.2626525155e-02
3.9600000000e-01,-9.3379871283e-19,-4.2969214817e-01,3.5920316392e-02,-1.9318237778e-03,-3.9410950755e-01,3.2435995212e-02
3.9666666667e-01,-9.2832809863e-19,-4.3017583101e-01,3.5709878971e-02,-1.9241110059e-03,-3.9454602214e-01,3.2245132200e-02
3.9733333333e-01,-9.2284751904e-19,-4.3065666544e-01,3.5499058213e-02,-1.9163139503e-03,-3.9497995465e-01,3.2053938309e-02
3.9800000000e-01,-9.1735703913e-19,-4.3113464637e-01,3.5287856620e-02,-1.9084329693e-03,-3.9541130069e-01,3.1862415730e-02
3.9866666667e-01,-9.1185672397e-19,-4.3160976874e-01,3.5076276696e-02,-1.9004684248e-03,-3.9584005593e-01,3.1670566655e-02
3.9933333333e-01,-9.0634663859e-19,-4.3208202756e-01,3.4864320942e-02,-1.8924206820e-03,-3.9626621603e-01,3.1478393270e-02
4.0000000000e-01,-9.0082684805e-19,-4.3255141781e-01,3.4651991861e-02,-1.8842901098e-03,-3.9668977670e-01,3.1285897766e-02
4.0066666667e-01,-8.9529741735e-19,-4.3301793457e-01,3.4439291953e-02,-1.8760770803e-03,-3.9711073368e-01,3.1093082327e-02
4.0133333333e-01,-8.8975841149e-19,-4.3348157290e-01,3.4226223719e-02,-1.8677819690e-03,-3.9752908275e-01,3.0899949140e-02
4.0200000000e-01,-8.8420989548e-19,-4.3394232792e-01,3.4012789658e-02,-1.8594051550e-03,-3.9794481968e-01,3.0706500389e-02
4.0266666667e-01,-8.7865193428e-19,-4.3440019477e-01,3.3798992271e-02,-1.8509470207e-03,-3.9835794031e-01,3.0512738259e-02
4.0333333333e-01,-8.7308459285e-19,-4.3485516865e-01,3.3584834056e-02,-1.8424079516e-03,-3.9876844049e-01,3.0318664930e-02
4.0400000000e-01,-8.6750793614e-19,-4.3530724477e-01,3.3370317512e-02,-1.8337883369e-03,-3.9917631609e-01,3.0124282586e-02
4.0466666667e-01,-8.6192202909e-19,-4.3575641836e-01,3.3155445135e-02,-1.8250885688e-03,-3.9958156304e-01,2.9929593406e-02
4.0533333333e-01,-8.5632693659e-19,-4.3620268472e-01,3.2940219423e-02,-1.8163090431e-03,-3.9998417727e-01,2.9734599569e-02
4.0600000000e-01,-8.5072272357e-19,-4.3664603916e-01,3.2724642873e-02,-1.8074501586e-03,-4.0038415475e-01,2.9539303255e-02
4.0666666667e-01,-8.4510945490e-19,-4.3708647702e-01,3.2508717981e-02,-1.7985123174e-03,-4.0078149147e-01,2.9343706640e-02
4.0733333333e-01,-8.3948719547e-19,-4.3752399369e-01,3.2292447242e-02,-1.7894959250e-03,-4.0117618347e-01,2.9147811900e-02
4.0800000000e-01,-8.3385601013e-19,-4.3795858458e-01,3.2075833151e-02,-1.7804013900e-03,-4.0156822680e-01,2.8951621212e-02
4.0866666667e-01,-8.2821596374e-19,-4.3839024513e-01,3.1858878203e-02,-1.7712291242e-03,-4.0195761754e-01,2.8755136750e-02
4.0933333333e-01,-8.2256712111e-19,-4.3881897083e-01,3.1641584892e-02,-1.7619795425e-03,-4.0234435180e-01,2.8558360686e-02
4.1000000000e-01,-8.1690954709e-19,-4.3924475719e-01,3.1423955711e-02,-1.7526530631e-03,-4.0272842574e-01,2.8361295194e-02
4.1066666667e-01,-8.1124330646e-19,-4.3966759975e-01,3.1205993153e-02,-1.7432501073e-03,-4.0310983551e-01,2.8163942444e-02
4.1133333333e-01,-8.0556846403e-19,-4.4008749411e-01,3.0987699711e-02,-1.7337710994e-03,-4.0348857732e-01,2.7966304608e-02
4.1200000000e-01,-7.9988508457e-19,-4.4050443586e-01,3.0769077876e-02,-1.7242164669e-03,-4.0386464740e-01,2.7768383855e-02
4.1266666667e-01,-7.9419323286e-19,-4.4091842066e-01,3.0550130139e-02,-1.7145866404e-03,-4.0423804201e-01,2.7570182353e-02
4.1333333333e-01,-7.8849297363e-19,-4.4132944418e-01,3.0330858992e-02,-1.7048820534e-03,-4.0460875742e-01,2.7371702271e-02
4.1400000000e-01,-7.8278437165e-19,-4.4173750214e-01,3.0111266925e-02,-1.6951031426e-03,-4.0497678996e-01,2.7172945774e-02
4.1466666667e-01,-7.7706749163e-19,-4.4214259028e-01,2.9891356428e-02,-1.6852503477e-03,-4.0534213597e-01,2.6973915029e-02
4.1533333333e-01,-7.7134239828e-19,-4.4254470438e-01,2.9671129990e-02,-1.6753241113e-03,-4.0570479182e-01,2.6774612201e-02
4.1600000000e-01,-7.6560915632e-19,-4.4294384026e-01,2.9450590100e-02,-1.6653248789e-03,-4.0606475391e-01,2.6575039453e-02
4.1666666667e-01,-7.5986783042e-19,-4.4333999375e-01,2.9229739247e-02,-1.6552530992e-03,-4.0642201867e-01,2.6375198948e-02
4.1733333333e-01,-7.5411848528e-19,-4.4373316075e-01,2.9008579918e-02,-1.6451092237e-03,-4.0677658257e-01,2.6175092850e-02
4.1800000000e-01,-7.4836118555e-19,-4.4412333714e-01,2.8787114601e-02,-1.6348937067e-03,-4.0712844208e-01,2.5974723318e-02
4.1866666667e-01,-7.4259599588e-19,-4.4451051889e-01,2.8565345783e-02,-1.6246070056e-03,-4.0747759373e-01,2.5774092514e-02
4.1933333333e-01,-7.3682298092e-19,-4.4489470197e-01,2.8343275950e-02,-1.6142495804e-03,-4.0782403406e-01,2.5573202597e-02
4.2000000000e-01,-7.3104220529e-19,-4.4527588239e-01,2.8120907589e-02,-1.6038218943e-03,-4.0816775964e-01,2.5372055726e-02
4.2066666667e-01,-7.2525373362e-19,-4.4565405619e-01,2.7898243185e-02,-1.5933244131e-03,-4.0850876707e-01,2.5170654058e-02
4.2133333333e-01,-7.1945763050e-19,-4.4602921945e-01,2.7675285223e-02,-1.5827576053e-03,-4.0884705299e-01,2.4968999750e-02
4.2200000000e-01,-7.1365396052e-19,-4.4640136828e-01,2.7452036188e-02,-1.5721219424e-03,-4.0918261405e-01,2.4767094959e-02
4.2266666667e-01,-7.0784278828e-19,-4.4677049882e-01,2.7228498563e-02,-1.5614178986e-03,-4.0951544695e-01,2.4564941840e-02
4.2333333333e-01,-7.0202417833e-19,-4.4713660725e-01,2.7004674834e-02,-1.5506459509e-03,-4.0984554839e-01,2.4362542547e-02
4.2400000000e-01,-6.9619819524e-19,-4.4749968978e-01,2.6780567483e-02,-1.5398065788e-03,-4.1017291513e-01,2.4159899234e-02
4.2466666667e-01,-6.9036490356e-19,-4.4785974264e-01,2.6556178993e-02,-1.5289002647e-03,-4.1049754394e-01,2.3957014054e-02
4.2533333333e-01,-6.8452436781e-19,-4.4821676212e-01,2.6331511847e-02,-1.5179274937e-03,-4.1081943162e-01,2.3753889158e-02
4.2600000000e-01,-6.7867665252e-19,-4.4857074452e-01,2.6106568526e-02,-1.5068887534e-03,-4.1113857499e-01,2.3550526698e-02
4.2666666667e-01,-6.7282182220e-19,-4.4892168618e-01,2.5881351513e-02,-1.4957845341e-03,-4.1145497093e-01,2.3346928824e-02
4.2733333333e-01,-6.6695994137e-19,-4.4926958348e-01,2.5655863288e-02,-1.4846153288e-03,-4.1176861632e-01,2.3143097686e-02
4.2800000000e-01,-6.6109107450e-19,-4.4961443282e-01,2.5430106332e-02,-1.4733816330e-03,-4.1207950807e-01,2.2939035433e-02
4.2866666667e-01,-6.5521528608e-19,-4.4995623065e-01,2.5204083126e-02,-1.4620839447e-03,-4.1238764313e-01,2.2734744212e-02
4.2933333333e-01,-6.4933264057e-19,-4.5029497343e-01,2.4977796149e-02,-1.4507227646e-03,-4.1269301848e-01,2.2530226171e-02
4.3000000000e-01,-6.4344320244e-19,-4.5063065768e-01,2.4751247881e-02,-1.4392985959e-03,-4.1299563111e-01,2.2325483456e-02
4.3066666667e-01,-6.3754703613e-19,-4.5096327993e-01,2.4524440801e-02,-1.4278119442e-03,-4.1329547806e-01,2.2120518214e-02
4.3133333333e-01,-6.3164420609e-19,-4.5129283675e-01,2.4297377388e-02,-1.4162633177e-03,-4.1359255638e-01,2.1915332589e-02
4.3200000000e-01,-6.2573477674e-19,-4.5161932475e-01,2.4070060120e-02,-1.4046532270e-03,-4.1388686317e-01,2.1709928725e-02
4.3266666667e-01,-6.1981881249e-19,-4.5194274057e-01,2.3842491475e-02,-1.3929821852e-03,-4.1417839554e-01,2.1504308766e-02
4.3333333333e-01,-6.1389637776e-19,-4.5226308087e-01,2.3614673931e-02,-1.3812507076e-03,-4.1446715063e-01,2.1298474856e-02
4.3400000000e-01,-6.0796753693e-19,-4.5258034237e-01,2.3386609965e-02,-1.3694593123e-03,-4.1475312562e-01,2.1092429135e-02
4.3466666667e-01,-6.0203235441e-19,-4.5289452180e-01,2.3158302053e-02,-1.3576085193e-03,-4.1503631770e-01,2.0886173745e-02
4.3533333333e-01,-5.9609089456e-19,-4.5320561592e-01,2.2929752673e-02,-1.3456988513e-03,-4.1531672412e-01,2.0679710828e-02
4.3600000000e-01,-5.9014322176e-19,-4.5351362155e-01,2.2700964299e-02,-1.3337308332e-03,-4.1559434212e-01,2.0473042522e-02
4.3666666667e-01,-5.8418940035e-19,-4.5381853552e-01,2.2471939408e-02,-1.3217049922e-03,-4.1586916899e-01,2.0266170968e-02
4.3733333333e-01,-5.7822949470e-19,-4.5412035469e-01,2.2242680474e-02,-1.3096218579e-03,-4.1614120206e-01,2.0059098304e-02
4.3800000000e-01,-5.7226356914e-19,-4.5441907597e-01,2.2013189974e-02,-1.2974819619e-03,-4.1641043865e-01,1.9851826667e-02
4.3866666667e-01,-5.6629168799e-19,-4.5471469630e-01,2.1783470381e-02,-1.2852858383e-03,-4.1667687615e-01,1.9644358196e-02
4.3933333333e-01,-5.6031391559e-19,-4.5500721263e-01,2.1553524170e-02,-1.2730340232e-03,-4.1694051195e-01,1.9436695027e-02
4.4000000000e-01,-5.5433031623e-19,-4.5529662197e-01,2.1323353814e-02,-1.2607270552e-03,-4.1720134349e-01,1.9228839295e-02
4.4066666667e-01,-5.4834095423e-19,-4.5558292136e-01,2.1092961787e-02,-1.2483654748e-03,-4.1745936821e-01,1.9020793137e-02
4.4133333333e-01,-5.4234589388e-19,-4.5586610786e-01,2.0862350563e-02,-1.2359498247e-03,-4.1771458361e-01,1.8812558686e-02
4.4200000000e-01,-5.3634519945e-19,-4.5614617857e-01,2.0631522613e-02,-1.2234806497e-03,-4.1796698720e-01,1.8604138077e-02
4.4266666667e-01,-5.3033893524e-19,-4.5642313063e-01,2.0400480411e-02,-1.2109584969e-03,-4.1821657652e-01,1.8395533444e-02
4.4333333333e-01,-5.2432716550e-19,-4.5669696118e-01,2.0169226428e-02,-1.1983839152e-03,-4.1846334914e-01,1.8186746918e-02
4.4400000000e-01,-5.1830995449e-19,-4.5696766745e-01,1.9937763137e-02,-1.1857574559e-03,-4.1870730267e-01,1.7977780633e-02
4.4466666667e-01,-5.1228736646e-19,-4.5723524665e-01,1.9706093009e-02,-1.1730796719e-03,-4.1894843471e-01,1.7768636719e-02
4.4533333333e-01,-5.0625946566e-19,-4.5749969605e-01,1.9474218515e-02,-1.1603511185e-03,-4.1918674294e-01,1.7559317309e-02
4.4600000000e-01,-5.0022631632e-19,-4.5776101295e-01,1.9242142127e-02,-1.1475723527e-03,-4.1942222504e-01,1.7349824531e-02
4.4666666667e-01,-4.9418798266e-19,-4.5801919467e-01,1.9009866313e-02,-1.1347439338e-03,-4.1965487871e-01,1.7140160517e-02
4.4733333333e-01,-4.8814452890e-19,-4.5827423858e-01,1.8777393546e-02,-1.1218664227e-03,-4.1988470170e-01,1.6930327395e-02
4.4800000000e-01,-4.8209601926e-19,-4.5852614207e-01,1.8544726294e-02,-1.1089403823e-03,-4.2011169178e-01,1.6720327295e-02
4.4866666667e-01,-4.7604251793e-19,-4.5877490258e-01,1.8311867028e-02,-1.0959663777e-03,-4.2033584674e-01,1.6510162343e-02
4.4933333333e-01,-4.6998408910e-19,-4.5902051756e-01,1.8078818216e-02,-1.0829449754e-03,-4.2055716441e-01,1.6299834668e-02
4.5000000000e-01,-4.6392079697e-19,-4.5926298450e-01,1.7845582328e-02,-1.0698767442e-03,-4.2077564264e-01,1.6089346397e-02
4.5066666667e-01,-4.5785270570e-19,-4.5950230094e-01,1.7612161833e-02,-1.0567622543e-03,-4.2099127931e-01,1.5878699657e-02
4.5133333333e-01,-4.5177987948e-19,-4.5973846443e-01,1.7378559199e-02,-1.0436020781e-03,-4.2120407234e-01,1.5667896572e-02
4.5200000000e-01,-4.4570238247e-19,-4.5997147257e-01,1.7144776894e-02,-1.0303967895e-03,-4.2141401965e-01,1.5456939269e-02
4.5266666667e-01,-4.3962027882e-19,-4.6020132297e-01,1.6910817386e-02,-1.0171469644e-03,-4.2162111923e-01,1.5245829873e-02
4.5333333333e-01,-4.3353363268e-19,-4.6042801331e-01,1.6676683142e-02,-1.0038531801e-03,-4.2182536905e-01,1.5034570508e-02
4.5400000000e-01,-4.2744250820e-19,-4.6065154127e-01,1.6442376631e-02,-9.9051601593e-04,-4.2202676714e-01,1.4823163297e-02
4.5466666667e-01,-4.2134696950e-19,-4.6087190456e-01,1.6207900319e-02,-9.7713605279e-04,-4.2222531156e-01,1.4611610365e-02
4.5533333333e-01,-4.1524708073e-19,-4.6108910096e-01,1.5973256673e-02,-9.6371387322e-04,-4.2242100038e-01,1.4399913834e-02
4.5600000000e-01,-4.0914290599e-19,-4.6130312825e-01,1.5738448159e-02,-9.5025006143e-04,-4.2261383172e-01,1.4188075827e-02
4.5666666667e-01,-4.0303450942e-19,-4.6151398425e-01,1.5503477244e-02,-9.3674520326e-04,-4.2280380370e-01,1.3976098466e-02
4.5733333333e-01,-3.9692195510e-19,-4.6172166682e-01,1.5268346394e-02,-9.2319988611e-04,-4.2299091448e-01,1.3763983871e-02
4.5800000000e-01,-3.9080530715e-19,-4.6192617384e-01,1.5033058075e-02,-9.0961469900e-04,-4.2317516227e-01,1.3551734165e-02
4.5866666667e-01,-3.8468462967e-19,-4.6212750324e-01,1.4797614752e-02,-8.9599023244e-04,-4.2335654528e-01,1.3339351467e-02
4.5933333333e-01,-3.7855998673e-19,-4.6232565296e-01,1.4562018891e-02,-8.8232707852e-04,-4.2353506176e-01,1.3126837898e-02
4.6000000000e-01,-3.7243144243e-19,-4.6252062101e-01,1.4326272957e-02,-8.6862583080e-04,-4.2371070998e-01,1.2914195577e-02
4.6066666667e-01,-3.6629906084e-19,-4.6271240538e-01,1.4090379413e-02,-8.5488708431e-04,-4.2388348825e-01,1.2701426625e-02
4.6133333333e-01,-3.6016290604e-19,-4.6290100415e-01,1.3854340726e-02,-8.4111143556e-04,-4.2405339490e-01,1.2488533159e-02
4.6200000000e-01,-3.5402304208e-19,-4.6308641538e-01,1.3618159360e-02,-8.2729948247e-04,-4.2422042829e-01,1.2275517298e-02
4.6266666667e-01,-3.4787953303e-19,-4.6326863720e-01,1.3381837778e-02,-8.1345182437e-04,-4.2438458682e-01,1.2062381159e-02
4.6333333333e-01,-3.4173244294e-19,-4.6344766777e-01,1.3145378445e-02,-7.9956906199e-04,-4.2454586889e-01,1.1849126862e-02
4.6400000000e-01,-3.3558183587e-19,-4.6362350525e-01,1.2908783825e-02,-7.8565179739e-04,-4.2470427296e-01,1.1635756522e-02
4.6466666667e-01,-3.2942777584e-19,-4.6379614787e-01,1.2672056380e-02,-7.7170063398e-04,-4.2485979749e-01,1.1422272257e-02
4.6533333333e-01,-3.2327032691e-19,-4.6396559388e-01,1.2435198575e-02,-7.5771617648e-04,-4.2501244098e-01,1.1208676183e-02
4.6600000000e-01,-3.1710955310e-19,-4.6413184156e-01,1.2198212872e-02,-7.4369903090e-04,-4.2516220198e-01,1.0994970416e-02
4.6666666667e-01,-3.1094551845e-19,-4.6429488922e-01,1.1961101734e-02,-7.2964980451e-04,-4.2530907902e-01,1.0781157072e-02
4.6733333333e-01,-3.0477828696e-19,-4.6445473521e-01,1.1723867624e-02,-7.1556910583e-04,-4.2545307071e-01,1.0567238266e-02
4.6800000000e-01,-2.9860792266e-19,-4.6461137791e-01,1.1486513005e-02,-7.0145754456e-04,-4.2559417565e-01,1.0353216113e-02
4.6866666667e-01,-2.9243448957e-19,-4.6476481574e-01,1.1249040339e-02,-6.8731573164e-04,-4.2573239248e-01,1.0139092728e-02
4.6933333333e-01,-2.8625805168e-19,-4.6491504713e-01,1.1011452088e-02,-6.7314427914e-04,-4.2586771987e-01,9.9248702245e-03
4.7000000000e-01,-2.8007867301e-19,-4.6506207056e-01,1.0773750714e-02,-6.5894380030e-04,-4.2600015653e-01,9.7105507170e-03
4.7066666667e-01,-2.7389641754e-19,-4.6520588455e-01,1.0535938679e-02,-6.4471490947e-04,-4.2612970117e-01,9.4961363191e-03
4.7133333333e-01,-2.6771134928e-19,-4.6534648765e-01,1.0298018444e-02,-6.3045822208e-04,-4.2625635256e-01,9.2816291440e-03
4.7200000000e-01,-2.6152353221e-19,-4.6548387841e-01,1.0059992472e-02,-6.1617435465e-04,-4.2638010947e-01,9.0670313048e-03
4.7266666667e-01,-2.5533303032e-19,-4.6561805547e-01,9.8218632223e-03,-6.0186392475e-04,-4.2650097071e-01,8.8523449140e-03
4.7333333333e-01,-2.4913990759e-19,-4.6574901745e-01,9.5836331574e-03,-5.8752755097e-04,-4.2661893512e-01,8.6375720842e-03
4.7400000000e-01,-2.4294422799e-19,-4.6587676304e-01,9.3453047378e-03,-5.7316585288e-04,-4.2673400157e-01,8.4227149273e-03
4.7466666667e-01,-2.3674605550e-19,-4.6600129093e-01,9.1068804245e-03,-5.5877945105e-04,-4.2684616896e-01,8.2077755553e-03
4.7533333333e-01,-2.3054545409e-19,-4.6612259988e-01,8.8683626781e-03,-5.4436896700e-04,-4.2695543619e-01,7.9927560795e-03
4.7600000000e-01,-2.2434248772e-19,-4.6624068864e-01,8.6297539592e-03,-5.2993502316e-04,-4.2706180224e-01,7.7776586114e-03
4.7666666667e-01,-2.1813722035e-19,-4.6635555604e-01,8.3910567281e-03,-5.1547824287e-04,-4.2716526606e-01,7.5624852619e-03
4.7733333333e-01,-2.1192971595e-19,-4.6646720090e-01,8.1522734451e-03,-5.0099925035e-04,-4.2726582667e-01,7.3472381418e-03
4.7800000000e-01,-2.0572003845e-19,-4.6657562210e-01,7.9134065703e-03,-4.8649867069e-04,-4.2736348311e-01,7.1319193616e-03
4.7866666667e-01,-1.9950825183e-19,-4.6668081855e-01,7.6744585638e-03,-4.7197712978e-04,-4.2745823443e-01,6.9165310314e-03
4.7933333333e-01,-1.9329442002e-19,-4.6678278917e-01,7.4354318854e-03,-4.5743525434e-04,-4.2755007973e-01,6.7010752615e-03
4.8000000000e-01,-1.8707860697e-19,-4.6688153294e-01,7.1963289948e-03,-4.4287367185e-04,-4.2763901812e-01,6.4855541615e-03
4.8066666667e-01,-1.8086087661e-19,-4.6697704886e-01,6.9571523516e-03,-4.2829301058e-04,-4.2772504875e-01,6.2699698410e-03
4.8133333333e-01,-1.7464129290e-19,-4.6706933597e-01,6.7179044154e-03,-4.1369389950e-04,-4.2780817080e-01,6.0543244094e-03
4.8200000000e-01,-1.6841991976e-19,-4.6715839332e-01,6.4785876456e-03,-3.9907696830e-04,-4.2788838347e-01,5.8386199760e-03
4.8266666667e-01,-1.6219682112e-19,-4.6724422003e-01,6.2392045015e-03,-3.8444284736e-04,-4.2796568598e-01,5.6228586495e-03
4.8333333333e-01,-1.5597206093e-19,-4.6732681523e-01,5.9997574422e-03,-3.6979216772e-04,-4.2804007760e-01,5.4070425389e-03
4.8400000000e-01,-1.4974570309e-19,-4.6740617808e-01,5.7602489268e-03,-3.5512556105e-04,-4.2811155762e-01,5.1911737526e-03
4.8466666667e-01,-1.4351781155e-19,-4.6748230778e-01,5.5206814144e-03,-3.4044365963e-04,-4.2818012534e-01,4.9752543992e-03
4.8533333333e-01,-1.3728845021e-19,-4.6755520356e-01,5.2810573638e-03,-3.2574709633e-04,-4.2824578011e-01,4.7592865869e-03
4.8600000000e-01,-1.3105768301e-19,-4.6762486468e-01,5.0413792339e-03,-3.1103650459e-04,-4.2830852131e-01,4.5432724236e-03
4.8666666667e-01,-1.2482557386e-19,-4.6769129045e-01,4.8016494833e-03,-2.9631251838e-04,-4.2836834832e-01,4.3272140175e-03
4.8733333333e-01,-1.1859218668e-19,-4.6775448019e-01,4.5618705707e-03,-2.8157577218e-04,-4.2842526058e-01,4.1111134761e-03
4.8800000000e-01,-1.1235758537e-19,-4.6781443326e-01,4.3220449548e-03,-2.6682690098e-04,-4.2847925754e-01,3.8949729073e-03
4.8866666667e-01,-1.0612183386e-19,-4.6787114906e-01,4.0821750939e-03,-2.5206654020e-04,-4.2853033868e-01,3.6787944184e-03
4.8933333333e-01,-9.9884996045e-20,-4.6792462701e-01,3.8422634466e-03,-2.3729532573e-04,-4.2857850351e-01,3.4625801168e-03
4.9000000000e-01,-9.3647135844e-20,-4.6797486658e-01,3.6023124712e-03,-2.2251389387e-04,-4.2862375158e-01,3.2463321098e-03
4.9066666667e-01,-8.7408317162e-20,-4.6802186726e-01,3.3623246259e-03,-2.0772288131e-04,-4.2866608245e-01,3.0300525046e-03
4.9133333333e-01,-8.1168603903e-20,-4.6806562858e-01,3.1223023691e-03,-1.9292292509e-04,-4.2870549570e-01,2.8137434081e-03
4.9200000000e-01,-7.4928059971e-20,-4.6810615009e-01,2.8822481589e-03,-1.7811466263e-04,-4.2874199097e-01,2.5974069273e-03
4.9266666667e-01,-6.8686749271e-20,-4.6814343138e-01,2.6421644535e-03,-1.6329873164e-04,-4.2877556791e-01,2.3810451690e-03
4.9333333333e-01,-6.2444735702e-20,-4.6817747208e-01,2.4020537110e-03,-1.4847577013e-04,-4.2880622619e-01,2.1646602400e-03
4.9400000000e-01,-5.6202083166e-20,-4.6820827184e-01,2.1619183894e-03,-1.3364641637e-04,-4.2883396552e-01,1.9482542470e-03
4.9466666667e-01,-4.9958855562e-20,-4.6823583036e-01,1.9217609467e-03,-1.1881130891e-04,-4.2885878563e-01,1.7318292965e-03
4.9533333333e-01,-4.3715116789e-20,-4.6826014735e-01,1.6815838410e-03,-1.0397108647e-04,-4.2888068629e-01,1.5153874951e-03
4.9600000000e-01,-3.7470930745e-20,-4.6828122258e-01,1.4413895301e-03,-8.9126388013e-05,-4.2889966729e-01,1.2989309494e-03
4.9666666667e-01,-3.1226361328e-20,-4.6829905582e-01,1.2011804721e-03,-7.4277852641e-05,-4.2891572844e-01,1.0824617656e-03
4.9733333333e-01,-2.4981472432e-20,-4.6831364690e-01,9.6095912471e-04,-5.9426119618e-05,-4.2892886959e-01,8.6598205029e-04
4.9800000000e-01,-1.8736327956e-20,-4.6832499567e-01,7.2072794594e-04,-4.4571828327e-05,-4.2893909061e-01,6.4949390974e-04
4.9866666667e-01,-1.2490991793e-20,-4.6833310201e-01,4.8048939362e-04,-2.9715618249e-05,-4.2894639142e-01,4.3299945031e-04
4.9933333333e-01,-6.2455278408e-21,-4.6833796585e-01,2.4024592562e-04,-1.4858128938e-05,-4.2895077193e-01,2.1650077830e-04
5.0000000000e-01,6.8236015475e-30,-4.6833958714e-01,-2.3615346041e-13,1.1493574435e-19,-4.2895223210e-01,-9.5886865001e-18
5.0066666667e-01,6.2455278545e-21,-4.6833796585e-01,-2.4024592609e-04,1.4858128938e-05,-4.2895077193e-01,-2.1650077830e-04
5.0133333333e-01,1.2490991807e-20,-4.6833310201e-01,-4.8048939410e-04,2.9715618249e-05,-4.2894639142e-01,-4.3299945031e-04
5.0200000000e-01,1.8736327969e-20,-4.6832499567e-01,-7.2072794641e-04,4.4571828327e-05,-4.2893909061e-01,-6.4949390974e-04
5.0266666667e-01,2.4981472446e-20,-4.6831364690e-01,-9.6095912518e-04,5.9426119618e-05,-4.2892886959e-01,-8.6598205029e-04
5.0333333333e-01,3.1226361341e-20,-4.6829905582e-01,-1.2011804725e-03,7.4277852641e-05,-4.2891572844e-01,-1.0824617656e-03
5.0400000000e-01,3.7470930759e-20,-4.6828122258e-01,-1.4413895306e-03,8.9126388013e-05,-4.2889966729e-01,-1.2989309494e-03
5.0466666667e-01,4.3715116803e-20,-4.6826014735e-01,-1.6815838414e-03,1.0397108647e-04,-4.2888068629e-01,-1.5153874951e-03
5.0533333333e-01,4.9958855576e-20,-4.6823583036e-01,-1.9217609472e-03,1.1881130891e-04,-4.2885878563e-01,-1.7318292965e-03
5.0600000000e-01,5.6202083179e-20,-4.6820827184e-01,-2.1619183898e-03,1.3364641637e-04,-4.2883396552e-01,-1.9482542470e-03
5.0666666667e-01,6.2444735715e-20,-4.6817747208e-01,-2.4020537114e-03,1.4847577013e-04,-4.2880622619e-01,-2.1646602400e-03
5.0733333333e-01,6.8686749284e-20,-4.6814343138e-01,-2.6421644540e-03,1.6329873164e-04,-4.2877556791e-01,-2.3810451690e-03
5.0800000000e-01,7.4928059985e-20,-4.6810615009e-01,-2.8822481594e-03,1.7811466263e-04,-4.2874199097e-01,-2.5974069273e-03
5.0866666667e-01,8.1168603917e-20,-4.6806562858e-01,-3.1223023696e-03,1.9292292509e-04,-4.2870549570e-01,-2.8137434081e-03
5.0933333333e-01,8.7408317176e-20,-4.6802186726e-01,-3.3623246264e-03,2.0772288131e-04,-4.2866608245e-01,-3.0300525046e-03
5.1000000000e-01,9.3647135858e-20,-4.6797486658e-01,-3.6023124716e-03,2.2251389387e-04,-4.2862375158e-01,-3.2463321098e-03
5.1066666667e-01,9.9884996059e-20,-4.6792462701e-01,-3.8422634471e-03,2.3729532573e-04,-4.2857850351e-01,-3.4625801168e-03
5.1133333333e-01,1.0612183387e-19,-4.6787114906e-01,-4.0821750944e-03,2.5206654020e-04,-4.2853033868e-01,-3.6787944184e-03
5.1200000000e-01,1.1235758538e-19,-4.6781443326e-01,-4.3220449553e-03,2.6682690098e-04,-4.2847925754e-01,-3.8949729073e-03
5.1266666667e-01,1.1859218669e-19,-4.6775448019e-01,-4.5618705712e-03,2.8157577218e-04,-4.2842526058e-01,-4.1111134761e-03
5.1333333333e-01,1.2482557388e-19,-4.6769129045e-01,-4.8016494838e-03,2.9631251838e-04,-4.2836834832e-01,-4.3272140175e-03
5.1400000000e-01,1.3105768303e-19,-4.6762486468e-01,-5.0413792343e-03,3.1103650459e-04,-4.2830852131e-01,-4.5432724236e-03
5.1466666667e-01,1.3728845023e-19,-4.6755520356e-01,-5.2810573643e-03,3.2574709633e-04,-4.2824578011e-01,-4.7592865869e-03
5.1533333333e-01,1.4351781156e-19,-4.6748230778e-01,-5.5206814149e-03,3.4044365963e-04,-4.2818012534e-01,-4.9752543992e-03
5.1600000000e-01,1.4974570311e-19,-4.6740617808e-01,-5.7602489273e-03,3.5512556105e-04,-4.2811155762e-01,-5.1911737526e-03
5.1666666667e-01,1.5597206094e-19,-4.6732681523e-01,-5.9997574427e-03,3.6979216772e-04,-4.2804007760e-01,-5.4070425389e-03
5.1733333333e-01,1.6219682114e-19,-4.6724422003e-01,-6.2392045020e-03,3.8444284736e-04,-4.2796568598e-01,-5.6228586495e-03
5.1800000000e-01,1.6841991977e-19,-4.6715839332e-01,-6.4785876461e-03,3.9907696830e-04,-4.2788838347e-01,-5.8386199760e-03
5.1866666667e-01,1.7464129291e-19,-4.6706933597e-01,-6.7179044159e-03,4.1369389950e-04,-4.2780817080e-01,-6.0543244094e-03
5.1933333333e-01,1.8086087663e-19,-4.6697704886e-01,-6.9571523521e-03,4.2829301058e-04,-4.2772504875e-01,-6.2699698410e-03
5.2000000000e-01,1.8707860698e-19,-4.6688153294e-01,-7.1963289952e-03,4.4287367185e-04,-4.2763901812e-01,-6.4855541615e-03
5.2066666667e-01,1.9329442003e-19,-4.6678278917e-01,-7.4354318858e-03,4.5743525434e-04,-4.2755007973e-01,-6.7010752615e-03
5.2133333333e-01,1.9950825184e-19,-4.6668081855e-01,-7.6744585643e-03,4.7197712978e-04,-4.2745823443e-01,-6.9165310314e-03
5.2200000000e-01,2.0572003847e-19,-4.6657562210e-01,-7.9134065708e-03,4.8649867069e-04,-4.2736348311e-01,-7.1319193616e-03
5.2266666667e-01,2.1192971596e-19,-4.6646720090e-01,-8.1522734456e-03,5.0099925035e-04,-4.2726582667e-01,-7.3472381418e-03
5.2333333333e-01,2.1813722037e-19,-4.6635555604e-01,-8.3910567285e-03,5.1547824287e-04,-4.2716526606e-01,-7.5624852619e-03
5.2400000000e-01,2.2434248773e-19,-4.6624068864e-01,-8.6297539596e-03,5.2993502316e-04,-4.2706180224e-01,-7.7776586114e-03
5.2466666667e-01,2.3054545410e-19,-4.6612259988e-01,-8.8683626786e-03,5.4436896700e-04,-4.2695543619e-01,-7.9927560795e-03
5.2533333333e-01,2.3674605552e-19,-4.6600129093e-01,-9.1068804250e-03,5.5877945105e-04,-4.2684616896e-01,-8.2077755553e-03
5.2600000000e-01,2.4294422801e-19,-4.6587676304e-01,-9.3453047383e-03,5.7316585288e-04,-4.2673400157e-01,-8.4227149273e-03
5.2666666667e-01,2.4913990760e-19,-4.6574901745e-01,-9.5836331578e-03,5.8752755097e-04,-4.2661893512e-01,-8.6375720842e-03
5.2733333333e-01,2.5533303034e-19,-4.6561805547e-01,-9.8218632228e-03,6.0186392475e-04,-4.2650097071e-01,-8.8523449140e-03
5.2800000000e-01,2.6152353223e-19,-4.6548387841e-01,-1.0059992472e-02,6.1617435465e-04,-4.2638010947e-01,-9.0670313048e-03
5.2866666667e-01,2.6771134930e-19,-4.6534648765e-01,-1.0298018445e-02,6.3045822208e-04,-4.2625635256e-01,-9.2816291440e-03
5.2933333333e-01,2.7389641756e-19,-4.6520588455e-01,-1.0535938679e-02,6.4471490947e-04,-4.2612970117e-01,-9.4961363191e-03
5.3000000000e-01,2.8007867302e-19,-4.6506207056e-01,-1.0773750715e-02,6.5894380030e-04,-4.2600015653e-01,-9.7105507170e-03
5.3066666667e-01,2.8625805170e-19,-4.6491504713e-01,-1.1011452089e-02,6.7314427914e-04,-4.2586771987e-01,-9.9248702245e-03
5.3133333333e-01,2.9243448958e-19,-4.6476481574e-01,-1.1249040340e-02,6.8731573164e-04,-4.2573239248e-01,-1.0139092728e-02
5.3200000000e-01,2.9860792268e-19,-4.6461137791e-01,-1.1486513006e-02,7.0145754456e-04,-4.2559417565e-01,-1.0353216113e-02
5.3266666667e-01,3.0477828697e-19,-4.6445473521e-01,-1.1723867625e-02,7.1556910583e-04,-4.2545307071e-01,-1.0567238266e-02
5.3333333333e-01,3.1094551846e-19,-4.6429488922e-01,-1.1961101735e-02,7.2964980451e-04,-4.2530907902e-01,-1.0781157072e-02
5.3400000000e-01,3.1710955312e-19,-4.6413184156e-01,-1.2198212872e-02,7.4369903090e-04,-4.2516220198e-01,-1.0994970416e-02
5.3466666667e-01,3.2327032693e-19,-4.6396559388e-01,-1.2435198575e-02,7.5771617648e-04,-4.2501244098e-01,-1.1208676183e-02
5.3533333333e-01,3.2942777586e-19,-4.6379614787e-01,-1.2672056381e-02,7.7170063398e-04,-4.2485979749e-01,-1.1422272257e-02
5.3600000000e-01,3.3558183588e-19,-4.6362350525e-01,-1.2908783825e-02,7.8565179739e-04,-4.2470427296e-01,-1.1635756522e-02
5.3666666667e-01,3.4173244296e-19,-4.6344766777e-01,-1.3145378446e-02,7.9956906199e-04,-4.2454586889e-01,-1.1849126862e-02
5.3733333333e-01,3.4787953304e-19,-4.6326863720e-01,-1.3381837779e-02,8.1345182437e-04,-4.2438458682e-01,-1.2062381159e-02
5.3800000000e-01,3.5402304209e-19,-4.6308641538e-01,-1.3618159361e-02,8.2729948247e-04,-4.2422042829e-01,-1.2275517298e-02
5.3866666667e-01,3.6016290605e-19,-4.6290100415e-01,-1.3854340727e-02,8.4111143556e-04,-4.2405339490e-01,-1.2488533159e-02
5.3933333333e-01,3.6629906085e-19,-4.6271240538e-01,-1.4090379414e-02,8.5488708431e-04,-4.2388348825e-01,-1.2701426625e-02
5.4000000000e-01,3.7243144244e-19,-4.6252062101e-01,-1.4326272957e-02,8.6862583080e-04,-4.2371070998e-01,-1.2914195577e-02
5.4066666667e-01,3.7855998674e-19,-4.6232565296e-01,-1.4562018892e-02,8.8232707852e-04,-4.2353506176e-01,-1.3126837898e-02
5.4133333333e-01,3.8468462968e-19,-4.6212750324e-01,-1.4797614753e-02,8.9599023244e-04,-4.2335654528e-01,-1.3339351467e-02
5.4200000000e-01,3.9080530717e-19,-4.6192617384e-01,-1.5033058076e-02,9.0961469900e-04,-4.2317516227e-01,-1.3551734165e-02
5.4266666667e-01,3.9692195511e-19,-4.6172166682e-01,-1.5268346395e-02,9.2319988611e-04,-4.2299091448e-01,-1.3763983871e-02
5.4333333333e-01,4.0303450943e-19,-4.6151398425e-01,-1.5503477245e-02,9.3674520326e-04,-4.2280380370e-01,-1.3976098466e-02
5.4400000000e-01,4.0914290601e-19,-4.6130312825e-01,-1.5738448160e-02,9.5025006143e-04,-4.2261383172e-01,-1.4188075827e-02
5.4466666667e-01,4.1524708074e-19,-4.6108910096e-01,-1.5973256673e-02,9.6371387322e-04,-4.2242100038e-01,-1.4399913834e-02
5.4533333333e-01,4.2134696952e-19,-4.6087190456e-01,-1.6207900319e-02,9.7713605279e-04,-4.2222531156e-01,-1.4611610365e-02
5.4600000000e-01,4.2744250821e-19,-4.6065154127e-01,-1.6442376631e-02,9.9051601593e-04,-4.2202676714e-01,-1.4823163297e-02
5.4666666667e-01,4.3353363269e-19,-4.6042801331e-01,-1.6676683143e-02,1.0038531801e-03,-4.2182536905e-01,-1.5034570508e-02
5.4733333333e-01,4.3962027883e-19,-4.6020132297e-01,-1.6910817386e-02,1.0171469644e-03,-4.2162111923e-01,-1.5245829873e-02
5.4800000000e-01,4.4570238248e-19,-4.5997147257e-01,-1.7144776894e-02,1.0303967895e-03,-4.2141401965e-01,-1.5456939269e-02
5.4866666667e-01,4.5177987950e-19,-4.5973846443e-01,-1.7378559199e-02,1.0436020781e-03,-4.2120407234e-01,-1.5667896572e-02
5.4933333333e-01,4.5785270572e-19,-4.5950230094e-01,-1.7612161834e-02,1.0567622543e-03,-4.2099127931e-01,-1.5878699657e-02
5.5000000000e-01,4.6392079698e-19,-4.5926298450e-01,-1.7845582329e-02,1.0698767442e-03,-4.2077564264e-01,-1.6089346397e-02
5.5066666667e-01,4.6998408911e-19,-4.5902051756e-01,-1.8078818217e-02,1.0829449754e-03,-4.2055716441e-01,-1.6299834668e-02
5.5133333333e-01,4.7604251794e-19,-4.5877490258e-01,-1.8311867028e-02,1.0959663777e-03,-4.2033584674e-01,-1.6510162343e-02
5.5200000000e-01,4.8209601927e-19,-4.5852614207e-01,-1.8544726295e-02,1.1089403823e-03,-4.2011169178e-01,-1.6720327295e-02
5.5266666667e-01,4.8814452892e-19,-4.5827423858e-01,-1.8777393546e-02,1.1218664227e-03,-4.1988470170e-01,-1.6930327395e-02
5.5333333333e-01,4.9418798267e-19,-4.5801919467e-01,-1.9009866314e-02,1.1347439338e-03,-4.1965487871e-01,-1.7140160517e-02
5.5400000000e-01,5.0022631633e-19,-4.5776101294e-01,-1.9242142127e-02,1.1475723527e-03,-4.1942222504e-01,-1.7349824531e-02
5.5466666667e-01,5.0625946567e-19,-4.5749969605e-01,-1.9474218516e-02,1.1603511185e-03,-4.1918674294e-01,-1.7559317309e-02
5.5533333333e-01,5.1228736648e-19,-4.5723524665e-01,-1.9706093010e-02,1.1730796719e-03,-4.1894843471e-01,-1.7768636719e-02
5.5600000000e-01,5.1830995450e-19,-4.5696766745e-01,-1.9937763138e-02,1.1857574559e-03,-4.1870730267e-01,-1.7977780633e-02
5.5666666667e-01,5.2432716551e-19,-4.5669696118e-01,-2.0169226429e-02,1.1983839152e-03,-4.1846334914e-01,-1.8186746918e-02
5.5733333333e-01,5.3033893525e-19,-4.5642313062e-01,-2.0400480411e-02,1.2109584969e-03,-4.1821657652e-01,-1.8395533444e-02
5.5800000000e-01,5.3634519947e-19,-4.5614617857e-01,-2.0631522614e-02,1.2234806497e-03,-4.1796698720e-01,-1.8604138077e-02
5.5866666667e-01,5.4234589389e-19,-4.5586610786e-01,-2.0862350563e-02,1.2359498247e-03,-4.1771458361e-01,-1.8812558686e-02
5.5933333333e-01,5.4834095425e-19,-4.5558292136e-01,-2.1092961788e-02,1.2483654748e-03,-4.1745936821e-01,-1.9020793137e-02
5.6000000000e-01,5.5433031625e-19,-4.5529662197e-01,-2.1323353815e-02,1.2607270552e-03,-4.1720134349e-01,-1.9228839295e-02
5.6066666667e-01,5.6031391560e-19,-4.5500721263e-01,-2.1553524170e-02,1.2730340232e-03,-4.1694051195e-01,-1.9436695027e-02
5.6133333333e-01,5.6629168801e-19,-4.5471469629e-01,-2.1783470382e-02,1.2852858383e-03,-4.1667687615e-01,-1.9644358196e-02
5.6200000000e-01,5.7226356915e-19,-4.5441907597e-01,-2.2013189975e-02,1.2974819619e-03,-4.1641043865e-01,-1.9851826667e-02
5.6266666667e-01,5.7822949471e-19,-4.5412035469e-01,-2.2242680475e-02,1.3096218579e-03,-4.1614120206e-01,-2.0059098304e-02
5.6333333333e-01,5.8418940037e-19,-4.5381853552e-01,-2.2471939408e-02,1.3217049922e-03,-4.1586916899e-01,-2.0266170968e-02
5.6400000000e-01,5.9014322177e-19,-4.5351362155e-01,-2.2700964299e-02,1.3337308332e-03,-4.1559434212e-01,-2.0473042522e-02
5.6466666667e-01,5.9609089458e-19,-4.5320561592e-01,-2.2929752673e-02,1.3456988513e-03,-4.1531672412e-01,-2.0679710828e-02
5.6533333333e-01,6.0203235442e-19,-4.5289452180e-01,-2.3158302054e-02,1.3576085193e-03,-4.1503631770e-01,-2.0886173745e-02
5.6600000000e-01,6.0796753695e-19,-4.5258034237e-01,-2.3386609966e-02,1.3694593123e-03,-4.1475312562e-01,-2.1092429135e-02
5.6666666667e-01,6.1389637777e-19,-4.5226308087e-01,-2.3614673932e-02,1.3812507076e-03,-4.1446715063e-01,-2.1298474856e-02
5.6733333333e-01,6.1981881250e-19,-4.5194274057e-01,-2.3842491476e-02,1.3929821852e-03,-4.1417839554e-01,-2.1504308766e-02
5.6800000000e-01,6.2573477675e-19,-4.5161932475e-01,-2.4070060121e-02,1.4046532270e-03,-4.1388686317e-01,-2.1709928725e-02
5.6866666667e-01,6.3164420611e-19,-4.5129283675e-01,-2.4297377388e-02,1.4162633177e-03,-4.1359255638e-01,-2.1915332589e-02
5.6933333333e-01,6.3754703615e-19,-4.5096327992e-01,-2.4524440801e-02,1.4278119442e-03,-4.1329547806e-01,-2.2120518214e-02
5.7000000000e-01,6.4344320245e-19,-4.5063065768e-01,-2.4751247881e-02,1.4392985959e-03,-4.1299563111e-01,-2.2325483456e-02
5.7066666667e-01,6.4933264058e-19,-4.5029497343e-01,-2.4977796149e-02,1.4507227646e-03,-4.1269301848e-01,-2.2530226171e-02
5.7133333333e-01,6.5521528609e-19,-4.4995623065e-01,-2.5204083126e-02,1.4620839447e-03,-4.1238764313e-01,-2.2734744212e-02
5.7200000000e-01,6.6109107451e-19,-4.4961443282e-01,-2.5430106332e-02,1.4733816330e-03,-4.1207950807e-01,-2.2939035433e-02
5.7266666667e-01,6.6695994138e-19,-4.4926958348e-01,-2.5655863288e-02,1.4846153288e-03,-4.1176861632e-01,-2.3143097686e-02
5.7333333333e-01,6.7282182222e-19,-4.4892168618e-01,-2.5881351513e-02,1.4957845341e-03,-4.1145497093e-01,-2.3346928824e-02
5.7400000000e-01,6.7867665253e-19,-4.4857074452e-01,-2.6106568527e-02,1.5068887534e-03,-4.1113857499e-01,-2.3550526698e-02
5.7466666667e-01,6.8452436782e-19,-4.4821676212e-01,-2.6331511848e-02,1.5179274937e-03,-4.1081943162e-01,-2.3753889158e-02
5.7533333333e-01,6.9036490357e-19,-4.4785974264e-01,-2.6556178994e-02,1.5289002647e-03,-4.1049754394e-01,-2.3957014054e-02
5.7600000000e-01,6.9619819526e-19,-4.4749968978e-01,-2.6780567484e-02,1.5398065788e-03,-4.1017291513e-01,-2.4159899234e-02
5.7666666667e-01,7.0202417835e-19,-4.4713660725e-01,-2.7004674835e-02,1.5506459509e-03,-4.0984554839e-01,-2.4362542547e-02
5.7733333333e-01,7.0784278829e-19,-4.4677049882e-01,-2.7228498564e-02,1.5614178986e-03,-4.0951544695e-01,-2.4564941840e-02
5.7800000000e-01,7.1365396054e-19,-4.4640136828e-01,-2.7452036188e-02,1.5721219424e-03,-4.0918261405e-01,-2.4767094959e-02
5.7866666667e-01,7.1945763051e-19,-4.4602921945e-01,-2.7675285223e-02,1.5827576053e-03,-4.0884705299e-01,-2.4968999750e-02
5.7933333333e-01,7.2525373363e-19,-4.4565405619e-01,-2.7898243185e-02,1.5933244131e-03,-4.0850876707e-01,-2.5170654058e-02
5.8000000000e-01,7.3104220531e-19,-4.4527588239e-01,-2.8120907589e-02,1.6038218943e-03,-4.0816775964e-01,-2.5372055726e-02
5.8066666667e-01,7.3682298093e-19,-4.4489470197e-01,-2.8343275951e-02,1.6142495804e-03,-4.0782403406e-01,-2.5573202597e-02
5.8133333333e-01,7.4259599589e-19,-4.4451051889e-01,-2.8565345783e-02,1.6246070056e-03,-4.0747759373e-01,-2.5774092514e-02
5.8200000000e-01,7.4836118556e-19,-4.4412333714e-01,-2.8787114601e-02,1.6348937067e-03,-4.0712844208e-01,-2.5974723318e-02
5.8266666667e-01,7.5411848529e-19,-4.4373316074e-01,-2.9008579918e-02,1.6451092237e-03,-4.0677658257e-01,-2.6175092850e-02
5.8333333333e-01,7.5986783044e-19,-4.4333999375e-01,-2.9229739247e-02,1.6552530992e-03,-4.0642201867e-01,-2.6375198948e-02
5.8400000000e-01,7.6560915633e-19,-4.4294384026e-01,-2.9450590101e-02,1.6653248789e-03,-4.0606475391e-01,-2.6575039453e-02
5.8466666667e-01,7.7134239830e-19,-4.4254470438e-01,-2.9671129991e-02,1.6753241113e-03,-4.0570479182e-01,-2.6774612201e-02
5.8533333333e-01,7.7706749164e-19,-4.4214259028e-01,-2.9891356428e-02,1.6852503477e-03,-4.0534213597e-01,-2.6973915029e-02
5.8600000000e-01,7.8278437166e-19,-4.4173750214e-01,-3.0111266926e-02,1.6951031426e-03,-4.0497678996e-01,-2.7172945774e-02
5.8666666667e-01,7.8849297365e-19,-4.4132944418e-01,-3.0330858993e-02,1.7048820534e-03,-4.0460875742e-01,-2.7371702271e-02
5.8733333333e-01,7.9419323287e-19,-4.4091842066e-01,-3.0550130140e-02,1.7145866404e-03,-4.0423804201e-01,-2.7570182353e-02
5.8800000000e-01,7.9988508459e-19,-4.4050443586e-01,-3.0769077876e-02,1.7242164669e-03,-4.0386464740e-01,-2.7768383855e-02
5.8866666667e-01,8.0556846404e-19,-4.4008749411e-01,-3.0987699711e-02,1.7337710994e-03,-4.0348857732e-01,-2.7966304608e-02
5.8933333333e-01,8.1124330647e-19,-4.3966759975e-01,-3.1205993154e-02,1.7432501073e-03,-4.0310983551e-01,-2.8163942444e-02
5.9000000000e-01,8.1690954710e-19,-4.3924475719e-01,-3.1423955712e-02,1.7526530631e-03,-4.0272842574e-01,-2.8361295194e-02
5.9066666667e-01,8.2256712113e-19,-4.3881897083e-01,-3.1641584893e-02,1.7619795425e-03,-4.0234435180e-01,-2.8558360686e-02
5.9133333333e-01,8.2821596375e-19,-4.3839024513e-01,-3.1858878204e-02,1.7712291242e-03,-4.0195761754e-01,-2.8755136750e-02
5.9200000000e-01,8.3385601015e-19,-4.3795858458e-01,-3.2075833152e-02,1.7804013900e-03,-4.0156822680e-01,-2.8951621212e-02
5.9266666667e-01,8.3948719549e-19,-4.3752399369e-01,-3.2292447242e-02,1.7894959250e-03,-4.0117618347e-01,-2.9147811900e-02
5.9333333333e-01,8.4510945492e-19,-4.3708647702e-01,-3.2508717981e-02,1.7985123174e-03,-4.0078149147e-01,-2.9343706640e-02
5.9400000000e-01,8.5072272358e-19,-4.3664603916e-01,-3.2724642873e-02,1.8074501586e-03,-4.0038415475e-01,-2.9539303255e-02
5.9466666667e-01,8.5632693661e-19,-4.3620268472e-01,-3.2940219423e-02,1.8163090431e-03,-3.9998417727e-01,-2.9734599569e-02
5.9533333333e-01,8.6192202910e-19,-4.3575641836e-01,-3.3155445135e-02,1.8250885688e-03,-3.9958156304e-01,-2.9929593406e-02
5.9600000000e-01,8.6750793616e-19,-4.3530724477e-01,-3.3370317512e-02,1.8337883369e-03,-3.9917631609e-01,-3.0124282586e-02
5.9666666667e-01,8.7308459287e-19,-4.3485516865e-01,-3.3584834057e-02,1.8424079516e-03,-3.9876844049e-01,-3.0318664930e-02
5.9733333333e-01,8.7865193429e-19,-4.3440019477e-01,-3.3798992272e-02,1.8509470207e-03,-3.9835794031e-01,-3.0512738259e-02
5.9800000000e-01,8.8420989550e-19,-4.3394232791e-01,-3.4012789659e-02,1.8594051550e-03,-3.9794481968e-01,-3.0706500389e-02
5.9866666667e-01,8.8975841151e-19,-4.3348157289e-01,-3.4226223719e-02,1.8677819690e-03,-3.9752908275e-01,-3.0899949140e-02
5.9933333333e-01,8.9529741736e-19,-4.3301793457e-01,-3.4439291953e-02,1.8760770803e-03,-3.9711073368e-01,-3.1093082327e-02
6.0000000000e-01,9.0082684806e-19,-4.3255141781e-01,-3.4651991861e-02,1.8842901098e-03,-3.9668977670e-01,-3.1285897766e-02
6.0066666667e-01,9.0634663861e-19,-4.3208202755e-01,-3.4864320942e-02,1.8924206820e-03,-3.9626621603e-01,-3.1478393270e-02
6.0133333333e-01,9.1185672398e-19,-4.3160976874e-01,-3.5076276696e-02,1.9004684248e-03,-3.9584005593e-01,-3.1670566655e-02
6.0200000000e-01,9.1735703915e-19,-4.3113464636e-01,-3.5287856620e-02,1.9084329693e-03,-3.9541130069e-01,-3.1862415730e-02
6.0266666667e-01,9.2284751906e-19,-4.3065666544e-01,-3.5499058213e-02,1.9163139503e-03,-3.9497995465e-01,-3.2053938309e-02
6.0333333333e-01,9.2832809865e-19,-4.3017583101e-01,-3.5709878972e-02,1.9241110059e-03,-3.9454602214e-01,-3.2245132200e-02
6.0400000000e-01,9.3379871284e-19,-4.2969214817e-01,-3.5920316392e-02,1.9318237778e-03,-3.9410950755e-01,-3.2435995212e-02
6.0466666667e-01,9.3925929654e-19,-4.2920562204e-01,-3.6130367972e-02,1.9394519111e-03,-3.9367041529e-01,-3.2626525155e-02
6.0533333333e-01,9.4470978464e-19,-4.2871625776e-01,-3.6340031204e-02,1.9469950546e-03,-3.9322874979e-01,-3.2816719833e-02
6.0600000000e-01,9.5015011201e-19,-4.2822406053e-01,-3.6549303586e-02,1.9544528603e-03,-3.9278451552e-01,-3.3006577053e-02
6.0666666667e-01,9.5558021351e-19,-4.2772903556e-01,-3.6758182610e-02,1.9618249841e-03,-3.9233771698e-01,-3.3196094619e-02
6.0733333333e-01,9.6100002399e-19,-4.2723118810e-01,-3.6966665771e-02,1.9691110853e-03,-3.9188835870e-01,-3.3385270335e-02
6.0800000000e-01,9.6640947827e-19,-4.2673052344e-01,-3.7174750561e-02,1.9763108269e-03,-3.9143644521e-01,-3.3574102002e-02
6.0866666667e-01,9.7180851116e-19,-4.2622704689e-01,-3.7382434473e-02,1.9834238754e-03,-3.9098198112e-01,-3.3762587423e-02
6.0933333333e-01,9.7719705746e-19,-4.2572076381e-01,-3.7589714999e-02,1.9904499010e-03,-3.9052497103e-01,-3.3950724396e-02
6.1000000000e-01,9.8257505196e-19,-4.2521167959e-01,-3.7796589629e-02,1.9973885776e-03,-3.9006541959e-01,-3.4138510720e-02
6.1066666667e-01,9.8794242941e-19,-4.2469979964e-01,-3.8003055856e-02,2.0042395826e-03,-3.8960333146e-01,-3.4325944194e-02
6.1133333333e-01,9.9329912456e-19,-4.2418512941e-01,-3.8209111167e-02,2.0110025972e-03,-3.8913871135e-01,-3.4513022612e-02
6.1200000000e-01,9.9864507214e-19,-4.2366767440e-01,-3.8414753053e-02,2.0176773063e-03,-3.8867156399e-01,-3.4699743772e-02
6.1266666667e-01,1.0039802069e-18,-4.2314744011e-01,-3.8619979002e-02,2.0242633986e-03,-3.8820189413e-01,-3.4886105465e-02
6.1333333333e-01,1.0093044634e-18,-4.2262443210e-01,-3.8824786503e-02,2.0307605664e-03,-3.8772970657e-01,-3.5072105487e-02
6.1400000000e-01,1.0146177765e-18,-4.2209865596e-01,-3.9029173043e-02,2.0371685058e-03,-3.8725500611e-01,-3.5257741627e-02
6.1466666667e-01,1.0199200808e-18,-4.2157011731e-01,-3.9233136108e-02,2.0434869167e-03,-3.8677779762e-01,-3.5443011676e-02
6.1533333333e-01,1.0252113109e-18,-4.2103882180e-01,-3.9436673184e-02,2.0497155027e-03,-3.8629808596e-01,-3.5627913424e-02
6.1600000000e-01,1.0304914015e-18,-4.2050477511e-01,-3.9639781758e-02,2.0558539714e-03,-3.8581587604e-01,-3.5812444659e-02
6.1666666667e-01,1.0357602872e-18,-4.1996798296e-01,-3.9842459313e-02,2.0619020341e-03,-3.8533117280e-01,-3.5996603167e-02
6.1733333333e-01,1.0410179025e-18,-4.1942845112e-01,-4.0044703334e-02,2.0678594058e-03,-3.8484398120e-01,-3.6180386733e-02
6.1800000000e-01,1.0462641822e-18,-4.1888618535e-01,-4.0246511305e-02,2.0737258057e-03,-3.8435430623e-01,-3.6363793143e-02
6.1866666667e-01,1.0514990606e-18,-4.1834119149e-01,-4.0447880708e-02,2.0795009566e-03,-3.8386215292e-01,-3.6546820178e-02
6.1933333333e-01,1.0567224724e-18,-4.1779347539e-01,-4.0648809025e-02,2.0851845853e-03,-3.8336752632e-01,-3.6729465621e-02
6.2000000000e-01,1.0619343520e-18,-4.1724304294e-01,-4.0849293738e-02,2.0907764225e-03,-3.8287043152e-01,-3.6911727251e-02
6.2066666667e-01,1.0671346341e-18,-4.1668990005e-01,-4.1049332328e-02,2.0962762028e-03,-3.8237087362e-01,-3.7093602849e-02
6.2133333333e-01,1.0723232531e-18,-4.1613405268e-01,-4.1248922274e-02,2.1016836647e-03,-3.8186885776e-01,-3.7275090192e-02
6.2200000000e-01,1.0775001434e-18,-4.1557550682e-01,-4.1448061056e-02,2.1069985509e-03,-3.8136438912e-01,-3.7456187056e-02
6.2266666667e-01,1.0826652395e-18,-4.1501426849e-01,-4.1646746153e-02,2.1122206078e-03,-3.8085747290e-01,-3.7636891218e-02
6.2333333333e-01,1.0878184759e-18,-4.1445034374e-01,-4.1844975042e-02,2.1173495858e-03,-3.8034811433e-01,-3.7817200450e-02
6.2400000000e-01,1.0929597870e-18,-4.1388373866e-01,-4.2042745202e-02,2.1223852396e-03,-3.7983631867e-01,-3.7997112526e-02
6.2466666667e-01,1.0980891072e-18,-4.1331445938e-01,-4.2240054108e-02,2.1273273276e-03,-3.7932209120e-01,-3.8176625216e-02
6.2533333333e-01,1.1032063708e-18,-4.1274251205e-01,-4.2436899238e-02,2.1321756124e-03,-3.7880543724e-01,-3.8355736291e-02
6.2600000000e-01,1.1083115122e-18,-4.1216790285e-01,-4.2633278064e-02,2.1369298606e-03,-3.7828636215e-01,-3.8534443520e-02
6.2666666667e-01,1.1134044658e-18,-4.1159063802e-01,-4.2829188064e-02,2.1415898429e-03,-3.7776487130e-01,-3.8712744670e-02
6.2733333333e-01,1.1184851659e-18,-4.1101072381e-01,-4.3024626709e-02,2.1461553342e-03,-3.7724097009e-01,-3.8890637506e-02
6.2800000000e-01,1.1235535469e-18,-4.1042816650e-01,-4.3219591473e-02,2.1506261133e-03,-3.7671466398e-01,-3.9068119794e-02
6.2866666667e-01,1.1286095429e-18,-4.0984297243e-01,-4.3414079829e-02,2.1550019632e-03,-3.7618595841e-01,-3.9245189297e-02
6.2933333333e-01,1.1336530883e-18,-4.0925514795e-01,-4.3608089248e-02,2.1592826711e-03,-3.7565485890e-01,-3.9421843776e-02
6.3000000000e-01,1.1386841173e-18,-4.0866469944e-01,-4.3801617202e-02,2.1634680282e-03,-3.7512137096e-01,-3.9598080992e-02
6.3066666667e-01,1.1437025641e-18,-4.0807163334e-01,-4.3994661159e-02,2.1675578301e-03,-3.7458550016e-01,-3.9773898704e-02
6.3133333333e-01,1.1487083630e-18,-4.0747595611e-01,-4.4187218590e-02,2.1715518764e-03,-3.7404725207e-01,-3.9949294670e-02
6.3200000000e-01,1.1537014482e-18,-4.0687767423e-01,-4.4379286963e-02,2.1754499709e-03,-3.7350663232e-01,-4.0124266647e-02
6.3266666667e-01,1.1586817539e-18,-4.0627679423e-01,-4.4570863746e-02,2.1792519216e-03,-3.7296364654e-01,-4.0298812389e-02
6.3333333333e-01,1.1636492141e-18,-4.0567332267e-01,-4.4761946407e-02,2.1829575410e-03,-3.7241830043e-01,-4.0472929649e-02
6.3400000000e-01,1.1686037630e-18,-4.0506726614e-01,-4.4952532411e-02,2.1865666454e-03,-3.7187059967e-01,-4.0646616180e-02
6.3466666667e-01,1.1735453348e-18,-4.0445863128e-01,-4.5142619225e-02,2.1900790556e-03,-3.7132055001e-01,-4.0819869732e-02
6.3533333333e-01,1.1784738635e-18,-4.0384742473e-01,-4.5332204314e-02,2.1934945967e-03,-3.7076815720e-01,-4.0992688055e-02
6.3600000000e-01,1.1833892833e-18,-4.0323365320e-01,-4.5521285141e-02,2.1968130981e-03,-3.7021342706e-01,-4.1165068897e-02
6.3666666667e-01,1.1882915281e-18,-4.0261732342e-01,-4.5709859169e-02,2.2000343932e-03,-3.6965636539e-01,-4.1337010002e-02
6.3733333333e-01,1.1931805321e-18,-4.0199844214e-01,-4.5897923863e-02,2.2031583201e-03,-3.6909697806e-01,-4.1508509118e-02
6.3800000000e-01,1.1980562291e-18,-4.0137701616e-01,-4.6085476682e-02,2.2061847211e-03,-3.6853527095e-01,-4.1679563986e-02
6.3866666667e-01,1.2029185533e-18,-4.0075305231e-01,-4.6272515089e-02,2.2091134427e-03,-3.6797124998e-01,-4.1850172349e-02
6.3933333333e-01,1.2077674386e-18,-4.0012655745e-01,-4.6459036544e-02,2.2119443358e-03,-3.6740492108e-01,-4.2020331947e-02
6.4000000000e-01,1.2126028190e-18,-3.9949753849e-01,-4.6645038506e-02,2.2146772559e-03,-3.6683629024e-01,-4.2190040520e-02
6.4066666667e-01,1.2174246284e-18,-3.9886600234e-01,-4.6830518433e-02,2.2173120626e-03,-3.6626536345e-01,-4.2359295804e-02
6.4133333333e-01,1.2222328006e-18,-3.9823195599e-01,-4.7015473785e-02,2.2198486199e-03,-3.6569214676e-01,-4.2528095535e-02
6.4200000000e-01,1.2270272697e-18,-3.9759540641e-01,-4.7199902017e-02,2.2222867965e-03,-3.6511664623e-01,-4.2696437449e-02
6.4266666667e-01,1.2318079695e-18,-3.9695636066e-01,-4.7383800587e-02,2.2246264652e-03,-3.6453886795e-01,-4.2864319277e-02
6.4333333333e-01,1.2365748337e-18,-3.9631482579e-01,-4.7567166949e-02,2.2268675034e-03,-3.6395881805e-01,-4.3031738752e-02
6.4400000000e-01,1.2413277964e-18,-3.9567080890e-01,-4.7749998559e-02,2.2290097928e-03,-3.6337650269e-01,-4.3198693603e-02
6.4466666667e-01,1.2460667912e-18,-3.9502431713e-01,-4.7932292870e-02,2.2310532199e-03,-3.6279192804e-01,-4.3365181558e-02
6.4533333333e-01,1.2507917520e-18,-3.9437535764e-01,-4.8114047335e-02,2.2329976752e-03,-3.6220510033e-01,-4.3531200344e-02
6.4600000000e-01,1.2555026125e-18,-3.9372393765e-01,-4.8295259407e-02,2.2348430540e-03,-3.6161602580e-01,-4.3696747687e-02
6.4666666667e-01,1.2601993064e-18,-3.9307006437e-01,-4.8475926538e-02,2.2365892561e-03,-3.6102471073e-01,-4.3861821310e-02
6.4733333333e-01,1.2648817676e-18,-3.9241374509e-01,-4.8656046176e-02,2.2382361856e-03,-3.6043116142e-01,-4.4026418935e-02
6.4800000000e-01,1.2695499297e-18,-3.9175498710e-01,-4.8835615774e-02,2.2397837514e-03,-3.5983538421e-01,-4.4190538282e-02
6.4866666667e-01,1.2742037263e-18,-3.9109379775e-01,-4.9014632779e-02,2.2412318667e-03,-3.5923738547e-01,-4.4354177071e-02
6.4933333333e-01,1.2788430913e-18,-3.9043018440e-01,-4.9193094639e-02,2.2425804494e-03,-3.5863717159e-01,-4.4517333019e-02
6.5000000000e-01,1.2834679581e-18,-3.8976415447e-01,-4.9370998802e-02,2.2438294218e-03,-3.5803474900e-01,-4.4680003842e-02
6.5066666667e-01,1.2880782603e-18,-3.8909571538e-01,-4.9548342714e-02,2.2449787109e-03,-3.5743012416e-01,-4.4842187253e-02
6.5133333333e-01,1.2926739317e-18,-3.8842487462e-01,-4.9725123822e-02,2.2460282482e-03,-3.5682330356e-01,-4.5003880966e-02
6.5200000000e-01,1.2972549058e-18,-3.8775163969e-01,-4.9901339568e-02,2.2469779700e-03,-3.5621429372e-01,-4.5165082691e-02
6.5266666667e-01,1.3018211161e-18,-3.8707601813e-01,-5.0076987398e-02,2.2478278169e-03,-3.5560310118e-01,-4.5325790137e-02
6.5333333333e-01,1.3063724961e-18,-3.8639801753e-01,-5.0252064755e-02,2.2485777343e-03,-3.5498973253e-01,-4.5486001012e-02
6.5400000000e-01,1.3109089794e-18,-3.8571764547e-01,-5.0426569080e-02,2.2492276723e-03,-3.5437419437e-01,-4.5645713023e-02
6.5466666667e-01,1.3154304994e-18,-3.8503490962e-01,-5.0600497816e-02,2.2497775853e-03,-3.5375649334e-01,-4.5804923872e-02
6.5533333333e-01,1.3199369896e-18,-3.8434981765e-01,-5.0773848401e-02,2.2502274328e-03,-3.5313663612e-01,-4.5963631264e-02
6.5600000000e-01,1.3244283834e-18,-3.8366237727e-01,-5.0946618276e-02,2.2505771786e-03,-3.5251462941e-01,-4.6121832899e-02
6.5666666667e-01,1.3289046142e-18,-3.8297259623e-01,-5.1118804880e-02,2.2508267913e-03,-3.5189047994e-01,-4.6279526476e-02
6.5733333333e-01,1.3333656156e-18,-3.8228048230e-01,-5.1290405651e-02,2.2509762443e-03,-3.5126419447e-01,-4.6436709693e-02
6.5800000000e-01,1.3378113207e-18,-3.8158604331e-01,-5.1461418024e-02,2.2510255156e-03,-3.5063577980e-01,-4.6593380246e-02
6.5866666667e-01,1.3422416629e-18,-3.8088928709e-01,-5.1631839437e-02,2.2509745877e-03,-3.5000524274e-01,-4.6749535829e-02
6.5933333333e-01,1.3466565757e-18,-3.8019022154e-01,-5.1801667324e-02,2.2508234482e-03,-3.4937259015e-01,-4.6905174136e-02
6.6000000000e-01,1.3510559922e-18,-3.7948885456e-01,-5.1970899120e-02,2.2505720891e-03,-3.4873782893e-01,-4.7060292856e-02
6.6066666667e-01,1.3554398458e-18,-3.7878519411e-01,-5.2139532258e-02,2.2502205073e-03,-3.4810096598e-01,-4.7214889679e-02
6.6133333333e-01,1.3598080696e-18,-3.7807924817e-01,-5.2307564170e-02,2.2497687043e-03,-3.4746200825e-01,-4.7368962292e-02
6.6200000000e-01,1.3641605970e-18,-3.7737102477e-01,-5.2474992288e-02,2.2492166866e-03,-3.4682096271e-01,-4.7522508382e-02
6.6266666667e-01,1.3684973612e-18,-3.7666053195e-01,-5.2641814043e-02,2.2485644652e-03,-3.4617783638e-01,-4.7675525631e-02
6.6333333333e-01,1.3728182952e-18,-3.7594777780e-01,-5.2808026864e-02,2.2478120560e-03,-3.4553263630e-01,-4.7828011723e-02
6.6400000000e-01,1.3771233323e-18,-3.7523277045e-01,-5.2973628180e-02,2.2469594797e-03,-3.4488536953e-01,-4.7979964337e-02
6.6466666667e-01,1.3814124057e-18,-3.7451551804e-01,-5.3138615419e-02,2.2460067617e-03,-3.4423604317e-01,-4.8131381153e-02
6.6533333333e-01,1.3856854483e-18,-3.7379602878e-01,-5.3302986008e-02,2.2449539322e-03,-3.4358466436e-01,-4.8282259847e-02
6.6600000000e-01,1.3899423934e-18,-3.7307431088e-01,-5.3466737373e-02,2.2438010263e-03,-3.4293124026e-01,-4.8432598095e-02
6.6666666667e-01,1.3941831740e-18,-3.7235037260e-01,-5.3629866939e-02,2.2425480838e-03,-3.4227577805e-01,-4.8582393569e-02
6.6733333333e-01,1.3984077230e-18,-3.7162422224e-01,-5.3792372130e-02,2.2411951495e-03,-3.4161828497e-01,-4.8731643942e-02
6.6800000000e-01,1.4026159736e-18,-3.7089586813e-01,-5.3954250370e-02,2.2397422729e-03,-3.4095876827e-01,-4.8880346883e-02
6.6866666667e-01,1.4068078586e-18,-3.7016531861e-01,-5.4115499080e-02,2.2381895082e-03,-3.4029723523e-01,-4.9028500061e-02
6.6933333333e-01,1.4109833112e-18,-3.6943258210e-01,-5.4276115682e-02,2.2365369148e-03,-3.3963369317e-01,-4.9176101140e-02
6.7000000000e-01,1.4151422641e-18,-3.6869766702e-01,-5.4436097597e-02,2.2347845566e-03,-3.3896814944e-01,-4.9323147787e-02
6.7066666667e-01,1.4192846504e-18,-3.6796058183e-01,-5.4595442244e-02,2.2329325026e-03,-3.3830061142e-01,-4.9469637663e-02
6.7133333333e-01,1.4234104029e-18,-3.6722133504e-01,-5.4754147041e-02,2.2309808266e-03,-3.3763108651e-01,-4.9615568429e-02
6.7200000000e-01,1.4275194545e-18,-3.6647993517e-01,-5.4912209405e-02,2.2289296072e-03,-3.3695958217e-01,-4.9760937743e-02
6.7266666667e-01,1.4316117380e-18,-3.6573639080e-01,-5.5069626755e-02,2.2267789280e-03,-3.3628610585e-01,-4.9905743264e-02
6.7333333333e-01,1.4356871862e-18,-3.6499071052e-01,-5.5226396504e-02,2.2245288775e-03,-3.3561066507e-01,-5.0049982645e-02
6.7400000000e-01,1.4397457320e-18,-3.6424290297e-01,-5.5382516068e-02,2.2221795490e-03,-3.3493326735e-01,-5.0193653541e-02
6.7466666667e-01,1.4437873080e-18,-3.6349297683e-01,-5.5537982860e-02,2.2197310407e-03,-3.3425392027e-01,-5.0336753602e-02
6.7533333333e-01,1.4478118471e-18,-3.6274094080e-01,-5.5692794293e-02,2.2171834558e-03,-3.3357263142e-01,-5.0479280478e-02
6.7600000000e-01,1.4518192819e-18,-3.6198680362e-01,-5.5846947779e-02,2.2145369024e-03,-3.3288940842e-01,-5.0621231817e-02
6.7666666667e-01,1.4558095452e-18,-3.6123057405e-01,-5.6000440728e-02,2.2117914936e-03,-3.3220425895e-01,-5.0762605265e-02
6.7733333333e-01,1.4597825695e-18,-3.6047226092e-01,-5.6153270550e-02,2.2089473472e-03,-3.3151719068e-01,-5.0903398465e-02
6.7800000000e-01,1.4637382876e-18,-3.5971187307e-01,-5.6305434654e-02,2.2060045861e-03,-3.3082821134e-01,-5.1043609060e-02
6.7866666667e-01,1.4676766320e-18,-3.5894941936e-01,-5.6456930448e-02,2.2029633381e-03,-3.3013732868e-01,-5.1183234689e-02
6.7933333333e-01,1.4715975353e-18,-3.5818490872e-01,-5.6607755338e-02,2.1998237361e-03,-3.2944455048e-01,-5.1322272990e-02
6.8000000000e-01,1.4755009301e-18,-3.5741835009e-01,-5.6757906730e-02,2.1965859178e-03,-3.2874988457e-01,-5.1460721600e-02
6.8066666667e-01,1.4793867490e-18,-3.5664975245e-01,-5.6907382028e-02,2.1932500258e-03,-3.2805333879e-01,-5.1598578153e-02
6.8133333333e-01,1.4832549243e-18,-3.5587912482e-01,-5.7056178638e-02,2.1898162078e-03,-3.2735492102e-01,-5.1735840281e-02
6.8200000000e-01,1.4871053886e-18,-3.5510647625e-01,-5.7204293960e-02,2.1862846165e-03,-3.2665463917e-01,-5.1872505615e-02
6.8266666667e-01,1.4909380744e-18,-3.5433181582e-01,-5.7351725397e-02,2.1826554094e-03,-3.2595250118e-01,-5.2008571782e-02
6.8333333333e-01,1.4947529141e-18,-3.5355515265e-01,-5.7498470350e-02,2.1789287491e-03,-3.2524851502e-01,-5.2144036410e-02
6.8400000000e-01,1.4985498401e-18,-3.5277649589e-01,-5.7644526218e-02,2.1751048032e-03,-3.2454268870e-01,-5.2278897122e-02
6.8466666667e-01,1.5023287847e-18,-3.5199585475e-01,-5.7789890400e-02,2.1711837443e-03,-3.2383503025e-01,-5.2413151541e-02
6.8533333333e-01,1.5060896803e-18,-3.5121323843e-01,-5.7934560293e-02,2.1671657498e-03,-3.2312554775e-01,-5.2546797288e-02
6.8600000000e-01,1.5098324592e-18,-3.5042865619e-01,-5.8078533294e-02,2.1630510025e-03,-3.2241424929e-01,-5.2679831981e-02
6.8666666667e-01,1.5135570537e-18,-3.4964211734e-01,-5.8221806799e-02,2.1588396897e-03,-3.2170114300e-01,-5.2812253236e-02
6.8733333333e-01,1.5172633962e-18,-3.4885363119e-01,-5.8364378202e-02,2.1545320041e-03,-3.2098623705e-01,-5.2944058668e-02
6.8800000000e-01,1.5209514187e-18,-3.4806320711e-01,-5.8506244896e-02,2.1501281432e-03,-3.2026953963e-01,-5.3075245890e-02
6.8866666667e-01,1.5246210536e-18,-3.4727085449e-01,-5.8647404274e-02,2.1456283096e-03,-3.1955105896e-01,-5.3205812511e-02
6.8933333333e-01,1.5282722329e-18,-3.4647658277e-01,-5.8787853727e-02,2.1410327110e-03,-3.1883080331e-01,-5.3335756140e-02
6.9000000000e-01,1.5319048890e-18,-3.4568040141e-01,-5.8927590646e-02,2.1363415598e-03,-3.1810878097e-01,-5.3465074384e-02
6.9066666667e-01,1.5355189538e-18,-3.4488231992e-01,-5.9066612419e-02,2.1315550739e-03,-3.1738500025e-01,-5.3593764846e-02
6.9133333333e-01,1.5391143596e-18,-3.4408234782e-01,-5.9204916435e-02,2.1266734758e-03,-3.1665946951e-01,-5.3721825129e-02
6.9200000000e-01,1.5426910383e-18,-3.4328049470e-01,-5.9342500081e-02,2.1216969931e-03,-3.1593219714e-01,-5.3849252832e-02
6.9266666667e-01,1.5462489221e-18,-3.4247677014e-01,-5.9479360743e-02,2.1166258588e-03,-3.1520319154e-01,-5.3976045555e-02
6.9333333333e-01,1.5497879428e-18,-3.4167118381e-01,-5.9615495805e-02,2.1114603104e-03,-3.1447246118e-01,-5.4102200893e-02
6.9400000000e-01,1.5533080327e-18,-3.4086374536e-01,-5.9750902653e-02,2.1062005907e-03,-3.1374001453e-01,-5.4227716439e-02
6.9466666667e-01,1.5568091235e-18,-3.4005446451e-01,-5.9885578668e-02,2.1008469477e-03,-3.1300586011e-01,-5.4352589786e-02
6.9533333333e-01,1.5602911472e-18,-3.3924335101e-01,-6.0019521232e-02,2.0953996342e-03,-3.1227000646e-01,-5.4476818524e-02
6.9600000000e-01,1.5637540358e-18,-3.3843041463e-01,-6.0152727727e-02,2.0898589079e-03,-3.1153246215e-01,-5.4600400239e-02
6.9666666667e-01,1.5671977211e-18,-3.3761566519e-01,-6.0285195531e-02,2.0842250320e-03,-3.1079323580e-01,-5.4723332517e-02
6.9733333333e-01,1.5706221349e-18,-3.3679911253e-01,-6.0416922022e-02,2.0784982743e-03,-3.1005233605e-01,-5.4845612943e-02
6.9800000000e-01,1.5740272091e-18,-3.3598076655e-01,-6.0547904579e-02,2.0726789080e-03,-3.0930977157e-01,-5.4967239096e-02
6.9866666667e-01,1.5774128755e-18,-3.3516063715e-01,-6.0678140578e-02,2.0667672109e-03,-3.0856555107e-01,-5.5088208556e-02
6.9933333333e-01,1.5807790658e-18,-3.3433873430e-01,-6.0807627393e-02,2.0607634663e-03,-3.0781968328e-01,-5.5208518900e-02
7.0000000000e-01,1.5841257118e-18,-3.3351506798e-01,-6.0936362399e-02,2.0546679624e-03,-3.0707217697e-01,-5.5328167702e-02
7.0066666667e-01,1.5874527452e-18,-3.3268964822e-01,-6.1064342969e-02,2.0484809922e-03,-3.0632304095e-01,-5.5447152536e-02
7.0133333333e-01,1.5907600976e-18,-3.3186248507e-01,-6.1191566474e-02,2.0422028541e-03,-3.0557228405e-01,-5.5565470971e-02
7.0200000000e-01,1.5940477007e-18,-3.3103358864e-01,-6.1318030285e-02,2.0358338513e-03,-3.0481991514e-01,-5.5683120576e-02
7.0266666667e-01,1.5973154861e-18,-3.3020296904e-01,-6.1443731772e-02,2.0293742922e-03,-3.0406594312e-01,-5.5800098917e-02
7.0333333333e-01,1.6005633855e-18,-3.2937063644e-01,-6.1568668303e-02,2.0228244901e-03,-3.0331037691e-01,-5.5916403558e-02
7.0400000000e-01,1.6037913303e-18,-3.2853660104e-01,-6.1692837245e-02,2.0161847634e-03,-3.0255322548e-01,-5.6032032060e-02
7.0466666667e-01,1.6069992521e-18,-3.2770087308e-01,-6.1816235966e-02,2.0094554356e-03,-3.0179449784e-01,-5.6146981983e-02
7.0533333333e-01,1.6101870824e-18,-3.2686346282e-01,-6.1938861829e-02,2.0026368351e-03,-3.0103420299e-01,-5.6261250885e-02
7.0600000000e-01,1.6133547527e-18,-3.2602438057e-01,-6.2060712198e-02,1.9957292956e-03,-3.0027235002e-01,-5.6374836319e-02
7.0666666667e-01,1.6165021943e-18,-3.2518363667e-01,-6.2181784437e-02,1.9887331556e-03,-2.9950894800e-01,-5.6487735839e-02
7.0733333333e-01,1.6196293388e-18,-3.2434124149e-01,-6.2302075908e-02,1.9816487586e-03,-2.9874400607e-01,-5.6599946996e-02
7.0800000000e-01,1.6227361176e-18,-3.2349720543e-01,-6.2421583969e-02,1.9744764533e-03,-2.9797753338e-01,-5.6711467338e-02
7.0866666667e-01,1.6258224618e-18,-3.2265153896e-01,-6.2540305982e-02,1.9672165935e-03,-2.9720953914e-01,-5.6822294410e-02
7.0933333333e-01,1.6288883030e-18,-3.2180425254e-01,-6.2658239304e-02,1.9598695377e-03,-2.9644003255e-01,-5.6932425757e-02
7.1000000000e-01,1.6319335723e-18,-3.2095535669e-01,-6.2775381291e-02,1.9524356497e-03,-2.9566902287e-01,-5.7041858920e-02
7.1066666667e-01,1.6349582010e-18,-3.2010486196e-01,-6.2891729301e-02,1.9449152983e-03,-2.9489651940e-01,-5.7150591438e-02
7.1133333333e-01,1.6379621204e-18,-3.1925277893e-01,-6.3007280687e-02,1.9373088571e-03,-2.9412253146e-01,-5.7258620849e-02
7.1200000000e-01,1.6409452617e-18,-3.1839911823e-01,-6.3122032804e-02,1.9296167051e-03,-2.9334706840e-01,-5.7365944686e-02
7.1266666667e-01,1.6439075560e-18,-3.1754389052e-01,-6.3235983002e-02,1.9218392260e-03,-2.9257013961e-01,-5.7472560483e-02
7.1333333333e-01,1.6468489345e-18,-3.1668710647e-01,-6.3349128635e-02,1.9139768085e-03,-2.9179175451e-01,-5.7578465769e-02
7.1400000000e-01,1.6497693283e-18,-3.1582877683e-01,-6.3461467051e-02,1.9060298466e-03,-2.9101192255e-01,-5.7683658073e-02
7.1466666667e-01,1.6526686684e-18,-3.1496891235e-01,-6.3572995599e-02,1.8979987391e-03,-2.9023065321e-01,-5.7788134918e-02
7.1533333333e-01,1.6555468860e-18,-3.1410752382e-01,-6.3683711628e-02,1.8898838897e-03,-2.8944795602e-01,-5.7891893830e-02
7.1600000000e-01,1.6584039119e-18,-3.1324462209e-01,-6.3793612483e-02,1.8816857072e-03,-2.8866384053e-01,-5.7994932327e-02
7.1666666667e-01,1.6612396773e-18,-3.1238021801e-01,-6.3902695509e-02,1.8734046055e-03,-2.8787831632e-01,-5.8097247930e-02
7.1733333333e-01,1.6640541131e-18,-3.1151432249e-01,-6.4010958051e-02,1.8650410034e-03,-2.8709139302e-01,-5.8198838153e-02
7.1800000000e-01,1.6668471501e-18,-3.1064694647e-01,-6.4118397452e-02,1.8565953246e-03,-2.8630308026e-01,-5.8299700510e-02
7.1866666667e-01,1.6696187193e-18,-3.0977810093e-01,-6.4225011053e-02,1.8480679978e-03,-2.8551338773e-01,-5.8399832514e-02
7.1933333333e-01,1.6723687516e-18,-3.0890779687e-01,-6.4330796195e-02,1.8394594568e-03,-2.8472232516e-01,-5.8499231672e-02
7.2000000000e-01,1.6750971777e-18,-3.0803604533e-01,-6.4435750216e-02,1.8307701402e-03,-2.8392990228e-01,-5.8597895491e-02
7.2066666667e-01,1.6778039286e-18,-3.0716285740e-01,-6.4539870456e-02,1.8220004917e-03,-2.8313612889e-01,-5.8695821476e-02
7.2133333333e-01,1.6804889348e-18,-3.0628824419e-01,-6.4643154249e-02,1.8131509597e-03,-2.8234101480e-01,-5.8793007128e-02
7.2200000000e-01,1.6831521272e-18,-3.0541221685e-01,-6.4745598933e-02,1.8042219980e-03,-2.8154456985e-01,-5.8889449946e-02
7.2266666667e-01,1.6857934365e-18,-3.0453478657e-01,-6.4847201842e-02,1.7952140648e-03,-2.8074680394e-01,-5.8985147429e-02
7.2333333333e-01,1.6884127933e-18,-3.0365596457e-01,-6.4947960308e-02,1.7861276236e-03,-2.7994772697e-01,-5.9080097069e-02
7.2400000000e-01,1.6910101283e-18,-3.0277576211e-01,-6.5047871663e-02,1.7769631428e-03,-2.7914734889e-01,-5.9174296359e-02
7.2466666667e-01,1.6935853721e-18,-3.0189419048e-01,-6.5146933239e-02,1.7677210955e-03,-2.7834567970e-01,-5.9267742789e-02
7.2533333333e-01,1.6961384553e-18,-3.0101126101e-01,-6.5245142364e-02,1.7584019599e-03,-2.7754272940e-01,-5.9360433847e-02
7.2600000000e-01,1.6986693083e-18,-3.0012698506e-01,-6.5342496367e-02,1.7490062190e-03,-2.7673850804e-01,-5.9452367016e-02
7.2666666667e-01,1.7011778618e-18,-2.9924137403e-01,-6.5438992574e-02,1.7395343607e-03,-2.7593302570e-01,-5.9543539779e-02
7.2733333333e-01,1.7036640461e-18,-2.9835443936e-01,-6.5534628312e-02,1.7299868780e-03,-2.7512629251e-01,-5.9633949616e-02
7.2800000000e-01,1.7061277918e-18,-2.9746619252e-01,-6.5629400904e-02,1.7203642684e-03,-2.7431831861e-01,-5.9723594005e-02
7.2866666667e-01,1.7085690293e-18,-2.9657664501e-01,-6.5723307674e-02,1.7106670345e-03,-2.7350911418e-01,-5.9812470419e-02
7.2933333333e-01,1.7109876888e-18,-2.9568580838e-01,-6.5816345944e-02,1.7008956839e-03,-2.7269868944e-01,-5.9900576333e-02
7.3000000000e-01,1.7133837009e-18,-2.9479369421e-01,-6.5908513034e-02,1.6910507286e-03,-2.7188705465e-01,-5.9987909214e-02
7.3066666667e-01,1.7157569957e-18,-2.9390031410e-01,-6.5999806264e-02,1.6811326860e-03,-2.7107422008e-01,-6.0074466532e-02
7.3133333333e-01,1.7181075036e-18,-2.9300567971e-01,-6.6090222952e-02,1.6711420778e-03,-2.7026019605e-01,-6.0160245750e-02
7.3200000000e-01,1.7204351548e-18,-2.9210980272e-01,-6.6179760415e-02,1.6610794309e-03,-2.6944499291e-01,-6.0245244332e-02
7.3266666667e-01,1.7227398795e-18,-2.9121269485e-01,-6.6268415968e-02,1.6509452769e-03,-2.6862862105e-01,-6.0329459736e-02
7.3333333333e-01,1.7250216079e-18,-2.9031436786e-01,-6.6356186926e-02,1.6407401521e-03,-2.6781109089e-01,-6.0412889421e-02
7.3400000000e-01,1.7272802702e-18,-2.8941483354e-01,-6.6443070601e-02,1.6304645977e-03,-2.6699241288e-01,-6.0495530840e-02
7.3466666667e-01,1.7295157965e-18,-2.8851410372e-01,-6.6529064305e-02,1.6201191596e-03,-2.6617259750e-01,-6.0577381447e-02
7.3533333333e-01,1.7317281168e-18,-2.8761219025e-01,-6.6614165349e-02,1.6097043887e-03,-2.6535165528e-01,-6.0658438691e-02
7.3600000000e-01,1.7339171612e-18,-2.8670910506e-01,-6.6698371042e-02,1.5992208403e-03,-2.6452959677e-01,-6.0738700018e-02
7.3666666667e-01,1.7360828597e-18,-2.8580486005e-01,-6.6781678692e-02,1.5886690746e-03,-2.6370643256e-01,-6.0818162873e-02
7.3733333333e-01,1.7382251423e-18,-2.8489946722e-01,-6.6864085605e-02,1.5780496567e-03,-2.6288217326e-01,-6.0896824699e-02
7.3800000000e-01,1.7403439390e-18,-2.8399293855e-01,-6.6945589087e-02,1.5673631562e-03,-2.6205682955e-01,-6.0974682935e-02
7.3866666667e-01,1.7424391796e-18,-2.8308528611e-01,-6.7026186441e-02,1.5566101475e-03,-2.6123041210e-01,-6.1051735016e-02
7.3933333333e-01,1.7445107940e-18,-2.8217652196e-01,-6.7105874970e-02,1.5457912097e-03,-2.6040293164e-01,-6.1127978378e-02
7.4000000000e-01,1.7465587121e-18,-2.8126665822e-01,-6.7184651975e-02,1.5349069266e-03,-2.5957439892e-01,-6.1203410452e-02
7.4066666667e-01,1.7485828637e-18,-2.8035570704e-01,-6.7262514757e-02,1.5239578865e-03,-2.5874482475e-01,-6.1278028667e-02
7.4133333333e-01,1.7505831785e-18,-2.7944368061e-01,-6.7339460614e-02,1.5129446826e-03,-2.5791421995e-01,-6.1351830448e-02
7.4200000000e-01,1.7525595864e-18,-2.7853059115e-01,-6.7415486843e-02,1.5018679127e-03,-2.5708259537e-01,-6.1424813220e-02
7.4266666667e-01,1.7545120169e-18,-2.7761645092e-01,-6.7490590741e-02,1.4907281791e-03,-2.5624996192e-01,-6.1496974404e-02
7.4333333333e-01,1.7564403999e-18,-2.7670127221e-01,-6.7564769602e-02,1.4795260887e-03,-2.5541633052e-01,-6.1568311417e-02
7.4400000000e-01,1.7583446648e-18,-2.7578506736e-01,-6.7638020720e-02,1.4682622533e-03,-2.5458171213e-01,-6.1638821676e-02
7.4466666667e-01,1.7602247414e-18,-2.7486784872e-01,-6.7710341386e-02,1.4569372889e-03,-2.5374611776e-01,-6.1708502594e-02
7.4533333333e-01,1.7620805591e-18,-2.7394962871e-01,-6.7781728892e-02,1.4455518164e-03,-2.5290955844e-01,-6.1777351580e-02
7.4600000000e-01,1.7639120476e-18,-2.7303041976e-01,-6.7852180526e-02,1.4341064610e-03,-2.5207204523e-01,-6.1845366043e-02
7.4666666667e-01,1.7657191363e-18,-2.7211023435e-01,-6.7921693577e-02,1.4226018526e-03,-2.5123358923e-01,-6.1912543387e-02
7.4733333333e-01,1.7675017547e-18,-2.7118908498e-01,-6.7990265332e-02,1.4110386255e-03,-2.5039420158e-01,-6.1978881015e-02
7.4800000000e-01,1.7692598322e-18,-2.7026698421e-01,-6.8057893075e-02,1.3994174187e-03,-2.4955389345e-01,-6.2044376325e-02
7.4866666667e-01,1.7709932982e-18,-2.6934394462e-01,-6.8124574091e-02,1.3877388755e-03,-2.4871267604e-01,-6.2109026716e-02
7.4933333333e-01,1.7727020820e-18,-2.6841997882e-01,-6.8190305662e-02,1.3760036438e-03,-2.4787056060e-01,-6.2172829581e-02
7.5000000000e-01,1.7743861131e-18,-2.6749509948e-01,-6.8255085070e-02,1.3642123759e-03,-2.4702755840e-01,-6.2235782311e-02
7.5066666667e-01,1.7760453206e-18,-2.6656931928e-01,-6.8318909594e-02,1.3523657287e-03,-2.4618368074e-01,-6.2297882295e-02
7.5133333333e-01,1.7776796338e-18,-2.6564265095e-01,-6.8381776514e-02,1.3404643631e-03,-2.4533893898e-01,-6.2359126919e-02
7.5200000000e-01,1.7792889820e-18,-2.6471510727e-01,-6.8443683105e-02,1.3285089450e-03,-2.4449334448e-01,-6.2419513565e-02
7.5266666667e-01,1.7808732942e-18,-2.6378670101e-01,-6.8504626644e-02,1.3165001443e-03,-2.4364690866e-01,-6.2479039615e-02
7.5333333333e-01,1.7824324998e-18,-2.6285744504e-01,-6.8564604405e-02,1.3044386352e-03,-2.4279964298e-01,-6.2537702447e-02
7.5400000000e-01,1.7839665277e-18,-2.6192735221e-01,-6.8623613662e-02,1.2923250967e-03,-2.4195155890e-01,-6.2595499433e-02
7.5466666667e-01,1.7854753070e-18,-2.6099643544e-01,-6.8681651686e-02,1.2801602116e-03,-2.4110266796e-01,-6.2652427948e-02
7.5533333333e-01,1.7869587669e-18,-2.6006470767e-01,-6.8738715746e-02,1.2679446675e-03,-2.4025298169e-01,-6.2708485360e-02
7.5600000000e-01,1.7884168362e-18,-2.5913218188e-01,-6.8794803113e-02,1.2556791559e-03,-2.3940251170e-01,-6.2763669035e-02
7.5666666667e-01,1.7898494439e-18,-2.5819887110e-01,-6.8849911053e-02,1.2433643728e-03,-2.3855126959e-01,-6.2817976337e-02
7.5733333333e-01,1.7912565190e-18,-2.5726478837e-01,-6.8904036833e-02,1.2310010184e-03,-2.3769926704e-01,-6.2871404627e-02
7.5800000000e-01,1.7926379904e-18,-2.5632994680e-01,-6.8957177717e-02,1.2185897972e-03,-2.3684651572e-01,-6.2923951262e-02
7.5866666667e-01,1.7939937869e-18,-2.5539435950e-01,-6.9009330968e-02,1.2061314179e-03,-2.3599302738e-01,-6.2975613599e-02
7.5933333333e-01,1.7953238373e-18,-2.5445803965e-01,-6.9060493849e-02,1.1936265932e-03,-2.3513881377e-01,-6.3026388989e-02
7.6000000000e-01,1.7966280705e-18,-2.5352100043e-01,-6.9110663619e-02,1.1810760403e-03,-2.3428388669e-01,-6.3076274782e-02
7.6066666667e-01,1.7979064151e-18,-2.5258325510e-01,-6.9159837538e-02,1.1684804803e-03,-2.3342825797e-01,-6.3125268325e-02
7.6133333333e-01,1.7991587998e-18,-2.5164481692e-01,-6.9208012864e-02,1.1558406386e-03,-2.3257193948e-01,-6.3173366960e-02
7.6200000000e-01,1.8003851534e-18,-2.5070569920e-01,-6.9255186852e-02,1.1431572446e-03,-2.3171494313e-01,-6.3220568030e-02
7.6266666667e-01,1.8015854045e-18,-2.4976591529e-01,-6.9301356757e-02,1.1304310318e-03,-2.3085728086e-01,-6.3266868871e-02
7.6333333333e-01,1.8027594816e-18,-2.4882547857e-01,-6.9346519833e-02,1.1176627378e-03,-2.2999896463e-01,-6.3312266820e-02
7.6400000000e-01,1.8039073134e-18,-2.4788440247e-01,-6.9390673332e-02,1.1048531043e-03,-2.2914000647e-01,-6.3356759208e-02
7.6466666667e-01,1.8050288283e-18,-2.4694270044e-01,-6.9433814503e-02,1.0920028769e-03,-2.2828041840e-01,-6.3400343364e-02
7.6533333333e-01,1.8061239549e-18,-2.4600038596e-01,-6.9475940597e-02,1.0791128053e-03,-2.2742021253e-01,-6.3443016616e-02
7.6600000000e-01,1.8071926215e-18,-2.4505747258e-01,-6.9517048860e-02,1.0661836430e-03,-2.2655940096e-01,-6.3484776287e-02
7.6666666667e-01,1.8082347566e-18,-2.4411397386e-01,-6.9557136540e-02,1.0532161478e-03,-2.2569799584e-01,-6.3525619696e-02
7.6733333333e-01,1.8092502886e-18,-2.4316990340e-01,-6.9596200880e-02,1.0402110811e-03,-2.2483600937e-01,-6.3565544162e-02
7.6800000000e-01,1.8102391458e-18,-2.4222527484e-01,-6.9634239123e-02,1.0271692083e-03,-2.2397345376e-01,-6.3604547000e-02
7.6866666667e-01,1.8112012565e-18,-2.4128010186e-01,-6.9671248513e-02,1.0140912987e-03,-2.2311034127e-01,-6.3642625521e-02
7.6933333333e-01,1.8121365489e-18,-2.4033439817e-01,-6.9707226288e-02,1.0009781254e-03,-2.2224668421e-01,-6.3679777033e-02
7.7000000000e-01,1.8130449513e-18,-2.3938817751e-01,-6.9742169689e-02,9.8783046545e-04,-2.2138249489e-01,-6.3715998844e-02
7.7066666667e-01,1.8139263919e-18,-2.3844145369e-01,-6.9776075952e-02,9.7464909951e-04,-2.2051778570e-01,-6.3751288255e-02
7.7133333333e-01,1.8147807988e-18,-2.3749424052e-01,-6.9808942313e-02,9.6143481216e-04,-2.1965256902e-01,-6.3785642566e-02
7.7200000000e-01,1.8156081001e-18,-2.3654655185e-01,-6.9840766007e-02,9.4818839166e-04,-2.1878685730e-01,-6.3819059075e-02
7.7266666667e-01,1.8164082239e-18,-2.3559840160e-01,-6.9871544267e-02,9.3491063004e-04,-2.1792066301e-01,-6.3851535075e-02
7.7333333333e-01,1.8171810982e-18,-2.3464980369e-01,-6.9901274324e-02,9.2160232297e-04,-2.1705399866e-01,-6.3883067857e-02
7.7400000000e-01,1.8179266510e-18,-2.3370077209e-01,-6.9929953410e-02,9.0826426981e-04,-2.1618687680e-01,-6.3913654709e-02
7.7466666667e-01,1.8186448103e-18,-2.3275132081e-01,-6.9957578751e-02,8.9489727357e-04,-2.1531931001e-01,-6.3943292915e-02
7.7533333333e-01,1.8193355039e-18,-2.3180146390e-01,-6.9984147575e-02,8.8150214084e-04,-2.1445131091e-01,-6.3971979758e-02
7.7600000000e-01,1.8199986598e-18,-2.3085121543e-01,-7.0009657109e-02,8.6807968182e-04,-2.1358289215e-01,-6.3999712517e-02
7.7666666667e-01,1.8206342058e-18,-2.2990058953e-01,-7.0034104576e-02,8.5463071023e-04,-2.1271406642e-01,-6.4026488466e-02
7.7733333333e-01,1.8212420697e-18,-2.2894960035e-01,-7.0057487198e-02,8.4115604335e-04,-2.1184484645e-01,-6.4052304879e-02
7.7800000000e-01,1.8218221792e-18,-2.2799826209e-01,-7.0079802198e-02,8.2765650192e-04,-2.1097524500e-01,-6.4077159025e-02
7.7866666667e-01,1.8223744621e-18,-2.2704658897e-01,-7.0101046794e-02,8.1413291017e-04,-2.1010527488e-01,-6.4101048171e-02
7.7933333333e-01,1.8228988461e-18,-2.2609459525e-01,-7.0121218205e-02,8.0058609575e-04,-2.0923494891e-01,-6.4123969581e-02
7.8000000000e-01,1.8233952587e-18,-2.2514229525e-01,-7.0140313647e-02,7.8701688972e-04,-2.0836427997e-01,-6.4145920513e-02
7.8066666667e-01,1.8238636277e-18,-2.2418970331e-01,-7.0158330336e-02,7.7342612649e-04,-2.0749328097e-01,-6.4166898227e-02
7.8133333333e-01,1.8243038805e-18,-2.2323683379e-01,-7.0175265485e-02,7.5981464385e-04,-2.0662196486e-01,-6.4186899976e-02
7.8200000000e-01,1.8247159447e-18,-2.2228370113e-01,-7.0191116306e-02,7.4618328287e-04,-2.0575034461e-01,-6.4205923011e-02
7.8266666667e-01,1.8250997478e-18,-2.2133031976e-01,-7.0205880010e-02,7.3253288792e-04,-2.0487843324e-01,-6.4223964580e-02
7.8333333333e-01,1.8254552172e-18,-2.2037670418e-01,-7.0219553807e-02,7.1886430659e-04,-2.0400624381e-01,-6.4241021928e-02
7.8400000000e-01,1.8257822803e-18,-2.1942286891e-01,-7.0232134903e-02,7.0517838970e-04,-2.0313378940e-01,-6.4257092297e-02
7.8466666667e-01,1.8260808645e-18,-2.1846882852e-01,-7.0243620504e-02,6.9147599125e-04,-2.0226108315e-01,-6.4272172925e-02
7.8533333333e-01,1.8263508972e-18,-2.1751459761e-01,-7.0254007816e-02,6.7775796839e-04,-2.0138813822e-01,-6.4286261048e-02
7.8600000000e-01,1.8265923055e-18,-2.1656019082e-01,-7.0263294040e-02,6.6402518138e-04,-2.0051496782e-01,-6.4299353897e-02
7.8666666667e-01,1.8268050168e-18,-2.1560562281e-01,-7.0271476379e-02,6.5027849355e-04,-1.9964158517e-01,-6.4311448702e-02
7.8733333333e-01,1.8269889583e-18,-2.1465090832e-01,-7.0278552033e-02,6.3651877130e-04,-1.9876800356e-01,-6.4322542689e-02
7.8800000000e-01,1.8271440571e-18,-2.1369606207e-01,-7.0284518199e-02,6.2274688401e-04,-1.9789423630e-01,-6.4332633081e-02
7.8866666667e-01,1.8272702404e-18,-2.1274109887e-01,-7.0289372075e-02,6.0896370407e-04,-1.9702029673e-01,-6.4341717097e-02
7.8933333333e-01,1.8273674352e-18,-2.1178603353e-01,-7.0293110856e-02,5.9517010678e-04,-1.9614619824e-01,-6.4349791953e-02
7.9000000000e-01,1.8274355686e-18,-2.1083088092e-01,-7.0295731735e-02,5.8136697036e-04,-1.9527195426e-01,-6.4356854863e-02
7.9066666667e-01,1.8274745676e-18,-2.0987565593e-01,-7.0297231905e-02,5.6755517591e-04,-1.9439757824e-01,-6.4362903037e-02
7.9133333333e-01,1.8274843592e-18,-2.0892037351e-01,-7.0297608556e-02,5.5373560734e-04,-1.9352308368e-01,-6.4367933680e-02
7.9200000000e-01,1.8274648703e-18,-2.0796504863e-01,-7.0296858877e-02,5.3990915137e-04,-1.9264848412e-01,-6.4371943998e-02
7.9266666667e-01,1.8274160277e-18,-2.0700969629e-01,-7.0294980056e-02,5.2607669748e-04,-1.9177379312e-01,-6.4374931189e-02
7.9333333333e-01,1.8273377584e-18,-2.0605433155e-01,-7.0291969279e-02,5.1223913786e-04,-1.9089902430e-01,-6.4376892452e-02
7.9400000000e-01,1.8272299890e-18,-2.0509896950e-01,-7.0287823730e-02,4.9839736740e-04,-1.9002419130e-01,-6.4377824979e-02
7.9466666667e-01,1.8270926465e-18,-2.0414362525e-01,-7.0282540591e-02,4.8455228361e-04,-1.8914930780e-01,-6.4377725961e-02
7.9533333333e-01,1.8269256574e-18,-2.0318831397e-01,-7.0276117045e-02,4.7070478663e-04,-1.8827438752e-01,-6.4376592586e-02
7.9600000000e-01,1.8267289485e-18,-2.0223305086e-01,-7.0268550270e-02,4.5685577916e-04,-1.8739944423e-01,-6.4374422037e-02
7.9666666667e-01,1.8265024465e-18,-2.0127785116e-01,-7.0259837444e-02,4.4300616644e-04,-1.8652449171e-01,-6.4371211495e-02
7.9733333333e-01,1.8262460779e-18,-2.0032273013e-01,-7.0249975744e-02,4.2915685616e-04,-1.8564954380e-01,-6.4366958138e-02
7.9800000000e-01,1.8259597692e-18,-1.9936770310e-01,-7.0238962345e-02,4.1530875851e-04,-1.8477461437e-01,-6.4361659139e-02
7.9866666667e-01,1.8256434470e-18,-1.9841278540e-01,-7.0226794421e-02,4.0146278604e-04,-1.8389971732e-01,-6.4355311669e-02
7.9933333333e-01,1.8252970378e-18,-1.9745799243e-01,-7.0213469141e-02,3.8761985371e-04,-1.8302486661e-01,-6.4347912895e-02
8.0000000000e-01,1.8249204680e-18,-1.9650333961e-01,-7.0198983678e-02,3.7378087877e-04,-1.8215007622e-01,-6.4339459983e-02
8.0066666667e-01,1.8245136640e-18,-1.9554884241e-01,-7.0183335199e-02,3.5994678077e-04,-1.8127536016e-01,-6.4329950092e-02
8.0133333333e-01,1.8240765520e-18,-1.9459451632e-01,-7.0166520871e-02,3.4611848151e-04,-1.8040073250e-01,-6.4319380379e-02
8.0200000000e-01,1.8236090586e-18,-1.9364037688e-01,-7.0148537859e-02,3.3229690496e-04,-1.7952620732e-01,-6.4307748000e-02
8.0266666667e-01,1.8231111098e-18,-1.9268643967e-01,-7.0129383327e-02,3.1848297728e-04,-1.7865179877e-01,-6.4295050105e-02
8.0333333333e-01,1.8225826320e-18,-1.9173272030e-01,-7.0109054437e-02,3.0467762673e-04,-1.7777752102e-01,-6.4281283840e-02
8.0400000000e-01,1.8220235512e-18,-1.9077923443e-01,-7.0087548350e-02,2.9088178363e-04,-1.7690338828e-01,-6.4266446351e-02
8.0466666667e-01,1.8214337938e-18,-1.8982599773e-01,-7.0064862224e-02,2.7709638034e-04,-1.7602941479e-01,-6.4250534777e-02
8.0533333333e-01,1.8208132856e-18,-1.8887302594e-01,-7.0040993216e-02,2.6332235119e-04,-1.7515561484e-01,-6.4233546256e-02
8.0600000000e-01,1.8201619529e-18,-1.8792033483e-01,-7.0015938482e-02,2.4956063245e-04,-1.7428200276e-01,-6.4215477922e-02
8.0666666667e-01,1.8194797215e-18,-1.8696794019e-01,-6.9989695176e-02,2.3581216228e-04,-1.7340859291e-01,-6.4196326904e-02
8.0733333333e-01,1.8187665176e-18,-1.8601585786e-01,-6.9962260449e-02,2.2207788069e-04,-1.7253539968e-01,-6.4176090331e-02
8.0800000000e-01,1.8180222669e-18,-1.8506410373e-01,-6.9933631454e-02,2.0835872949e-04,-1.7166243752e-01,-6.4154765325e-02
8.0866666667e-01,1.8172468955e-18,-1.8411269372e-01,-6.9903805339e-02,1.9465565224e-04,-1.7078972090e-01,-6.4132349007e-02
8.0933333333e-01,1.8164403290e-18,-1.8316164376e-01,-6.9872779250e-02,1.8096959419e-04,-1.6991726434e-01,-6.4108838494e-02
8.1000000000e-01,1.8156024934e-18,-1.8221096987e-01,-6.9840550335e-02,1.6730150227e-04,-1.6904508239e-01,-6.4084230898e-02
8.1066666667e-01,1.8147333144e-18,-1.8126068806e-01,-6.9807115736e-02,1.5365232501e-04,-1.6817318964e-01,-6.4058523329e-02
8.1133333333e-01,1.8138327177e-18,-1.8031081440e-01,-6.9772472597e-02,1.4002301252e-04,-1.6730160072e-01,-6.4031712895e-02
8.1200000000e-01,1.8129006290e-18,-1.7936136502e-01,-6.9736618059e-02,1.2641451639e-04,-1.6643033031e-01,-6.4003796697e-02
8.1266666667e-01,1.8119369738e-18,-1.7841235603e-01,-6.9699549259e-02,1.1282778971e-04,-1.6555939310e-01,-6.3974771835e-02
8.1333333333e-01,1.8109416779e-18,-1.7746380364e-01,-6.9661263337e-02,9.9263786967e-05,-1.6468880385e-01,-6.3944635404e-02
8.1400000000e-01,1.8099146667e-18,-1.7651572406e-01,-6.9621757427e-02,8.5723464010e-05,-1.6381857734e-01,-6.3913384498e-02
8.1466666667e-01,1.8088558657e-18,-1.7556813355e-01,-6.9581028664e-02,7.2207778016e-05,-1.6294872839e-01,-6.3881016205e-02
8.1533333333e-01,1.8077652004e-18,-1.7462104841e-01,-6.9539074180e-02,5.8717687420e-05,-1.6207927186e-01,-6.3847527611e-02
8.1600000000e-01,1.8066425962e-18,-1.7367448497e-01,-6.9495891106e-02,4.5254151873e-05,-1.6121022266e-01,-6.3812915797e-02
8.1666666667e-01,1.8054879784e-18,-1.7272845960e-01,-6.9451476572e-02,3.1818132187e-05,-1.6034159572e-01,-6.3777177842e-02
8.1733333333e-01,1.8043012724e-18,-1.7178298872e-01,-6.9405827704e-02,1.8410590285e-05,-1.5947340602e-01,-6.3740310820e-02
8.1800000000e-01,1.8030824035e-18,-1.7083808878e-01,-6.9358941629e-02,5.0324891462e-06,-1.5860566858e-01,-6.3702311802e-02
8.1866666667e-01,1.8018312970e-18,-1.6989377627e-01,-6.9310815471e-02,-8.3152072431e-06,-1.5773839845e-01,-6.3663177857e-02
8.1933333333e-01,1.8005478779e-18,-1.6895006771e-01,-6.9261446351e-02,-2.1631533946e-05,-1.5687161073e-01,-6.3622906049e-02
8.2000000000e-01,1.7992320714e-18,-1.6800697967e-01,-6.9210831392e-02,-3.4915525129e-05,-1.5600532056e-01,-6.3581493437e-02
8.2066666667e-01,1.7978838027e-18,-1.6706452875e-01,-6.9158967711e-02,-4.8166214112e-05,-1.5513954310e-01,-6.3538937080e-02
8.2133333333e-01,1.7965029968e-18,-1.6612273160e-01,-6.9105852427e-02,-6.1382633429e-05,-1.5427429356e-01,-6.3495234029e-02
8.2200000000e-01,1.7950895788e-18,-1.6518160488e-01,-6.9051482655e-02,-7.4563814877e-05,-1.5340958721e-01,-6.3450381336e-02
8.2266666667e-01,1.7936434736e-18,-1.6424116533e-01,-6.8995855509e-02,-8.7708789577e-05,-1.5254543933e-01,-6.3404376046e-02
8.2333333333e-01,1.7921646061e-18,-1.6330142970e-01,-6.8938968101e-02,-1.0081658803e-04,-1.5168186525e-01,-6.3357215202e-02
8.2400000000e-01,1.7906529012e-18,-1.6236241478e-01,-6.8880817541e-02,-1.1388624016e-04,-1.5081888033e-01,-6.3308895843e-02
8.2466666667e-01,1.7891082838e-18,-1.6142413741e-01,-6.8821400939e-02,-1.2691677539e-04,-1.4995650000e-01,-6.3259415004e-02
8.2533333333e-01,1.7875306786e-18,-1.6048661447e-01,-6.8760715403e-02,-1.3990722270e-04,-1.4909473969e-01,-6.3208769716e-02
8.2600000000e-01,1.7859200105e-18,-1.5954986285e-01,-6.8698758036e-02,-1.5285661065e-04,-1.4823361489e-01,-6.3156957009e-02
8.2666666667e-01,1.7842762040e-18,-1.5861389952e-01,-6.8635525943e-02,-1.6576396750e-04,-1.4737314113e-01,-6.3103973906e-02
8.2733333333e-01,1.7825991840e-18,-1.5767874145e-01,-6.8571016226e-02,-1.7862832120e-04,-1.4651333398e-01,-6.3049817427e-02
8.2800000000e-01,1.7808888750e-18,-1.5674440569e-01,-6.8505225986e-02,-1.9144869950e-04,-1.4565420905e-01,-6.2994484591e-02
8.2866666667e-01,1.7791452015e-18,-1.5581090928e-01,-6.8438152320e-02,-2.0422412998e-04,-1.4479578197e-01,-6.2937972409e-02
8.2933333333e-01,1.7773680881e-18,-1.5487826934e-01,-6.8369792326e-02,-2.1695364015e-04,-1.4393806843e-01,-6.2880277893e-02
8.3000000000e-01,1.7755574593e-18,-1.5394650301e-01,-6.8300143099e-02,-2.2963625744e-04,-1.4308108417e-01,-6.2821398048e-02
8.3066666667e-01,1.7737132396e-18,-1.5301562747e-01,-6.8229201732e-02,-2.4227100934e-04,-1.4222484494e-01,-6.2761329876e-02
8.3133333333e-01,1.7718353532e-18,-1.5208565994e-01,-6.8156965317e-02,-2.5485692340e-04,-1.4136936654e-01,-6.2700070376e-02
8.3200000000e-01,1.7699237247e-18,-1.5115661768e-01,-6.8083430943e-02,-2.6739302734e-04,-1.4051466484e-01,-6.2637616543e-02
8.3266666667e-01,1.7679782781e-18,-1.5022851799e-01,-6.8008595699e-02,-2.7987834907e-04,-1.3966075570e-01,-6.2573965368e-02
8.3333333333e-01,1.7659989380e-18,-1.4930137820e-01,-6.7932456672e-02,-2.9231191678e-04,-1.3880765505e-01,-6.2509113837e-02
8.3400000000e-01,1.7639856283e-18,-1.4837521569e-01,-6.7855010945e-02,-3.0469275900e-04,-1.3795537887e-01,-6.2443058936e-02
8.3466666667e-01,1.7619382734e-18,-1.4745004787e-01,-6.7776255603e-02,-3.1701990466e-04,-1.3710394315e-01,-6.2375797643e-02
8.3533333333e-01,1.7598567972e-18,-1.4652589220e-01,-6.7696187725e-02,-3.2929238314e-04,-1.3625336393e-01,-6.2307326936e-02
8.3600000000e-01,1.7577411240e-18,-1.4560276617e-01,-6.7614804392e-02,-3.4150922438e-04,-1.3540365732e-01,-6.2237643785e-02
8.3666666667e-01,1.7555911777e-18,-1.4468068730e-01,-6.7532102681e-02,-3.5366945889e-04,-1.3455483942e-01,-6.2166745161e-02
8.3733333333e-01,1.7534068823e-18,-1.4375967317e-01,-6.7448079668e-02,-3.6577211784e-04,-1.3370692641e-01,-6.2094628027e-02
8.3800000000e-01,1.7511881618e-18,-1.4283974139e-01,-6.7362732427e-02,-3.7781623314e-04,-1.3285993449e-01,-6.2021289344e-02
8.3866666667e-01,1.7489349400e-18,-1.4192090961e-01,-6.7276058030e-02,-3.8980083749e-04,-1.3201387991e-01,-6.1946726071e-02
8.3933333333e-01,1.7466471408e-18,-1.4100319550e-01,-6.7188053549e-02,-4.0172496445e-04,-1.3116877895e-01,-6.1870935159e-02
8.4000000000e-01,1.7443246880e-18,-1.4008661681e-01,-6.7098716052e-02,-4.1358764851e-04,-1.3032464795e-01,-6.1793913560e-02
8.4066666667e-01,1.7419675053e-18,-1.3917119128e-01,-6.7008042606e-02,-4.2538792517e-04,-1.2948150327e-01,-6.1715658217e-02
8.4133333333e-01,1.7395755165e-18,-1.3825693673e-01,-6.6916030276e-02,-4.3712483098e-04,-1.2863936133e-01,-6.1636166075e-02
8.4200000000e-01,1.7371486452e-18,-1.3734387100e-01,-6.6822676126e-02,-4.4879740362e-04,-1.2779823856e-01,-6.1555434069e-02
8.4266666667e-01,1.7346868150e-18,-1.3643201196e-01,-6.6727977217e-02,-4.6040468201e-04,-1.2695815147e-01,-6.1473459136e-02
8.4333333333e-01,1.7321899495e-18,-1.3552137755e-01,-6.6631930610e-02,-4.7194570633e-04,-1.2611911657e-01,-6.1390238204e-02
8.4400000000e-01,1.7296579722e-18,-1.3461198572e-01,-6.6534533363e-02,-4.8341951808e-04,-1.2528115045e-01,-6.1305768201e-02
8.4466666667e-01,1.7270908067e-18,-1.3370385448e-01,-6.6435782531e-02,-4.9482516023e-04,-1.2444426972e-01,-6.1220046048e-02
8.4533333333e-01,1.7244883762e-18,-1.3279700185e-01,-6.6335675170e-02,-5.0616167720e-04,-1.2360849103e-01,-6.1133068666e-02
8.4600000000e-01,1.7218506043e-18,-1.3189144592e-01,-6.6234208333e-02,-5.1742811501e-04,-1.2277383107e-01,-6.1044832968e-02
8.4666666667e-01,1.7191774142e-18,-1.3098720480e-01,-6.6131379069e-02,-5.2862352128e-04,-1.2194030658e-01,-6.0955335865e-02
8.4733333333e-01,1.7164687292e-18,-1.3008429666e-01,-6.6027184429e-02,-5.3974694538e-04,-1.2110793434e-01,-6.0864574265e-02
8.4800000000e-01,1.7137244727e-18,-1.2918273968e-01,-6.5921621460e-02,-5.5079743842e-04,-1.2027673117e-01,-6.0772545070e-02
8.4866666667e-01,1.7109445676e-18,-1.2828255211e-01,-6.5814687207e-02,-5.6177405342e-04,-1.1944671392e-01,-6.0679245180e-02
8.4933333333e-01,1.7081289373e-18,-1.2738375222e-01,-6.5706378714e-02,-5.7267584530e-04,-1.1861789949e-01,-6.0584671490e-02
8.5000000000e-01,1.7052775049e-18,-1.2648635831e-01,-6.5596693023e-02,-5.8350187100e-04,-1.1779030483e-01,-6.0488820891e-02
8.5066666667e-01,1.7023901933e-18,-1.2559038875e-01,-6.5485627174e-02,-5.9425118955e-04,-1.1696394692e-01,-6.0391690270e-02
8.5133333333e-01,1.6994669255e-18,-1.2469586193e-01,-6.5373178206e-02,-6.0492286214e-04,-1.1613884278e-01,-6.0293276510e-02
8.5200000000e-01,1.6965076246e-18,-1.2380279628e-01,-6.5259343155e-02,-6.1551595222e-04,-1.1531500948e-01,-6.0193576492e-02
8.5266666667e-01,1.6935122135e-18,-1.2291121026e-01,-6.5144119055e-02,-6.2602952553e-04,-1.1449246412e-01,-6.0092587090e-02
8.5333333333e-01,1.6904806149e-18,-1.2202112241e-01,-6.5027502940e-02,-6.3646265023e-04,-1.1367122387e-01,-5.9990305176e-02
8.5400000000e-01,1.6874127518e-18,-1.2113255125e-01,-6.4909491840e-02,-6.4681439695e-04,-1.1285130589e-01,-5.9886727617e-02
8.5466666667e-01,1.6843085469e-18,-1.2024551539e-01,-6.4790082784e-02,-6.5708383888e-04,-1.1203272744e-01,-5.9781851277e-02
8.5533333333e-01,1.6811679230e-18,-1.1936003345e-01,-6.4669272801e-02,-6.6727005183e-04,-1.1121550577e-01,-5.9675673015e-02
8.5600000000e-01,1.6779908026e-18,-1.1847612410e-01,-6.4547058914e-02,-6.7737211436e-04,-1.1039965821e-01,-5.9568189686e-02
8.5666666667e-01,1.6747771084e-18,-1.1759380606e-01,-6.4423438149e-02,-6.8738910779e-04,-1.0958520212e-01,-5.9459398141e-02
8.5733333333e-01,1.6715267630e-18,-1.1671309806e-01,-6.4298407527e-02,-6.9732011636e-04,-1.0877215489e-01,-5.9349295229e-02
8.5800000000e-01,1.6682396890e-18,-1.1583401891e-01,-6.4171964068e-02,-7.0716422725e-04,-1.0796053396e-01,-5.9237877791e-02
8.5866666667e-01,1.6649158088e-18,-1.1495658742e-01,-6.4044104790e-02,-7.1692053068e-04,-1.0715035682e-01,-5.9125142668e-02
8.5933333333e-01,1.6615550448e-18,-1.1408082247e-01,-6.3914826708e-02,-7.2658812003e-04,-1.0634164100e-01,-5.9011086695e-02
8.6000000000e-01,1.6581573194e-18,-1.1320674296e-01,-6.3784126839e-02,-7.3616609186e-04,-1.0553440405e-01,-5.8895706701e-02
8.6066666667e-01,1.6547225550e-18,-1.1233436784e-01,-6.3652002194e-02,-7.4565354605e-04,-1.0472866360e-01,-5.8778999515e-02
8.6133333333e-01,1.6512506739e-18,-1.1146371610e-01,-6.3518449784e-02,-7.5504958585e-04,-1.0392443728e-01,-5.8660961960e-02
8.6200000000e-01,1.6477415983e-18,-1.1059480677e-01,-6.3383466618e-02,-7.6435331800e-04,-1.0312174280e-01,-5.8541590853e-02
8.6266666667e-01,1.6441952503e-18,-1.0972765890e-01,-6.3247049702e-02,-7.7356385278e-04,-1.0232059790e-01,-5.8420883010e-02
8.6333333333e-01,1.6406115522e-18,-1.0886229162e-01,-6.3109196043e-02,-7.8268030411e-04,-1.0152102034e-01,-5.8298835241e-02
8.6400000000e-01,1.6369904260e-18,-1.0799872406e-01,-6.2969902642e-02,-7.9170178965e-04,-1.0072302795e-01,-5.8175444353e-02
8.6466666667e-01,1.6333317938e-18,-1.0713697541e-01,-6.2829166502e-02,-8.0062743089e-04,-9.9926638594e-02,-5.8050707147e-02
8.6533333333e-01,1.6296355776e-18,-1.0627706489e-01,-6.2686984623e-02,-8.0945635320e-04,-9.9131870180e-02,-5.7924620423e-02
8.6600000000e-01,1.6259016993e-18,-1.0541901179e-01,-6.2543354001e-02,-8.1818768598e-04,-9.8338740654e-02,-5.7797180973e-02
8.6666666667e-01,1.6221300808e-18,-1.0456283539e-01,-6.2398271632e-02,-8.2682056268e-04,-9.7547268008e-02,-5.7668385589e-02
8.6733333333e-01,1.6183206441e-18,-1.0370855505e-01,-6.2251734511e-02,-8.3535412097e-04,-9.6757470276e-02,-5.7538231054e-02
8.6800000000e-01,1.6144733107e-18,-1.0285619016e-01,-6.2103739630e-02,-8.4378750276e-04,-9.5969365533e-02,-5.7406714152e-02
8.6866666667e-01,1.6105880026e-18,-1.0200576014e-01,-6.1954283977e-02,-8.5211985432e-04,-9.5182971901e-02,-5.7273831659e-02
8.6933333333e-01,1.6066646415e-18,-1.0115728445e-01,-6.1803364543e-02,-8.6035032640e-04,-9.4398307540e-02,-5.7139580348e-02
8.7000000000e-01,1.6027031489e-18,-1.0031078262e-01,-6.1650978312e-02,-8.6847807426e-04,-9.3615390656e-02,-5.7003956988e-02
8.7066666667e-01,1.5987034466e-18,-9.9466274168e-02,-6.1497122270e-02,-8.7650225784e-04,-9.2834239498e-02,-5.6866958344e-02
8.7133333333e-01,1.5946654560e-18,-9.8623778700e-02,-6.1341793399e-02,-8.8442204179e-04,-9.2054872355e-02,-5.6728581177e-02
8.7200000000e-01,1.5905890987e-18,-9.7783315838e-02,-6.1184988680e-02,-8.9223659559e-04,-9.1277307564e-02,-5.6588822242e-02
8.7266666667e-01,1.5864742961e-18,-9.6944905251e-02,-6.1026705091e-02,-8.9994509366e-04,-9.0501563500e-02,-5.6447678291e-02
8.7333333333e-01,1.5823209696e-18,-9.6108566647e-02,-6.0866939609e-02,-9.0754671542e-04,-8.9727658585e-02,-5.6305146073e-02
8.7400000000e-01,1.5781290406e-18,-9.5274319773e-02,-6.0705689209e-02,-9.1504064542e-04,-8.8955611283e-02,-5.6161222330e-02
8.7466666667e-01,1.5738984304e-18,-9.4442184418e-02,-6.0542950865e-02,-9.2242607343e-04,-8.8185440100e-02,-5.6015903803e-02
8.7533333333e-01,1.5696290603e-18,-9.3612180411e-02,-6.0378721547e-02,-9.2970219453e-04,-8.7417163587e-02,-5.5869187225e-02
8.7600000000e-01,1.5653208514e-18,-9.2784327621e-02,-6.0212998224e-02,-9.3686820920e-04,-8.6650800339e-02,-5.5721069328e-02
8.7666666667e-01,1.5609737249e-18,-9.1958645958e-02,-6.0045777864e-02,-9.4392332346e-04,-8.5886368992e-02,-5.5571546839e-02
8.7733333333e-01,1.5565876021e-18,-9.1135155372e-02,-5.9877057432e-02,-9.5086674891e-04,-8.5123888228e-02,-5.5420616478e-02
8.7800000000e-01,1.5521624038e-18,-9.0313875854e-02,-5.9706833891e-02,-9.5769770287e-04,-8.4363376771e-02,-5.5268274964e-02
8.7866666667e-01,1.5476980511e-18,-8.9494827433e-02,-5.9535104204e-02,-9.6441540850e-04,-8.3604853389e-02,-5.5114519010e-02
8.7933333333e-01,1.5431944649e-18,-8.8678030183e-02,-5.9361865329e-02,-9.7101909484e-04,-8.2848336895e-02,-5.4959345326e-02
8.8000000000e-01,1.5386515663e-18,-8.7863504214e-02,-5.9187114224e-02,-9.7750799696e-04,-8.2093846144e-02,-5.4802750617e-02
8.8066666667e-01,1.5340692760e-18,-8.7051269679e-02,-5.9010847846e-02,-9.8388135606e-04,-8.1341400035e-02,-5.4644731582e-02
8.8133333333e-01,1.5294475148e-18,-8.6241346771e-02,-5.8833063147e-02,-9.9013841956e-04,-8.0591017512e-02,-5.4485284918e-02
8.8200000000e-01,1.5247862036e-18,-8.5433755724e-02,-5.8653757080e-02,-9.9627844121e-04,-7.9842717563e-02,-5.4324407316e-02
8.8266666667e-01,1.5200852630e-18,-8.4628516812e-02,-5.8472926594e-02,-1.0023006812e-03,-7.9096519218e-02,-5.4162095465e-02
8.8333333333e-01,1.5153446136e-18,-8.3825650350e-02,-5.8290568638e-02,-1.0082044062e-03,-7.8352441554e-02,-5.3998346046e-02
8.8400000000e-01,1.5105641762e-18,-8.3025176694e-02,-5.8106680158e-02,-1.0139888896e-03,-7.7610503688e-02,-5.3833155740e-02
8.8466666667e-01,1.5057438711e-18,-8.2227116238e-02,-5.7921258097e-02,-1.0196534116e-03,-7.6870724787e-02,-5.3666521219e-02
8.8533333333e-01,1.5008836190e-18,-8.1431489422e-02,-5.7734299398e-02,-1.0251972591e-03,-7.6133124056e-02,-5.3498439154e-02
8.8600000000e-01,1.4959833404e-18,-8.0638316721e-02,-5.7545801000e-02,-1.0306197261e-03,-7.5397720749e-02,-5.3328906210e-02
8.8666666667e-01,1.4910429555e-18,-7.9847618656e-02,-5.7355759844e-02,-1.0359201137e-03,-7.4664534162e-02,-5.3157919048e-02
8.8733333333e-01,1.4860623848e-18,-7.9059415784e-02,-5.7164172863e-02,-1.0410977300e-03,-7.3933583637e-02,-5.2985474325e-02
8.8800000000e-01,1.4810415485e-18,-7.8273728706e-02,-5.6971036993e-02,-1.0461518905e-03,-7.3204888557e-02,-5.2811568693e-02
8.8866666667e-01,1.4759803670e-18,-7.7490578064e-02,-5.6776349167e-02,-1.0510819183e-03,-7.2478468354e-02,-5.2636198799e-02
8.8933333333e-01,1.4708787604e-18,-7.6709984538e-02,-5.6580106314e-02,-1.0558871437e-03,-7.1754342502e-02,-5.2459361287e-02
8.9000000000e-01,1.4657366489e-18,-7.5931968852e-02,-5.6382305363e-02,-1.0605669050e-03,-7.1032530521e-02,-5.2281052796e-02
8.9066666667e-01,1.4605539525e-18,-7.5156551769e-02,-5.6182943240e-02,-1.0651205478e-03,-7.0313051973e-02,-5.2101269959e-02
8.9133333333e-01,1.4553305913e-18,-7.4383754094e-02,-5.5982016871e-02,-1.0695474261e-03,-6.9595926469e-02,-5.1920009407e-02
8.9200000000e-01,1.4500664854e-18,-7.3613596672e-02,-5.5779523176e-02,-1.0738469013e-03,-6.8881173661e-02,-5.1737267765e-02
8.9266666667e-01,1.4447615546e-18,-7.2846100390e-02,-5.5575459078e-02,-1.0780183433e-03,-6.8168813247e-02,-5.1553041654e-02
8.9333333333e-01,1.4394157189e-18,-7.2081286176e-02,-5.5369821494e-02,-1.0820611302e-03,-6.7458864972e-02,-5.1367327690e-02
8.9400000000e-01,1.4340288980e-18,-7.1319174999e-02,-5.5162607342e-02,-1.0859746482e-03,-6.6751348623e-02,-5.1180122485e-02
8.9466666667e-01,1.4286010119e-18,-7.0559787867e-02,-5.4953813535e-02,-1.0897582921e-03,-6.6046284035e-02,-5.0991422646e-02
8.9533333333e-01,1.4231319801e-18,-6.9803145832e-02,-5.4743436986e-02,-1.0934114652e-03,-6.5343691084e-02,-5.0801224776e-02
8.9600000000e-01,1.4176217225e-18,-6.9049269987e-02,-5.4531474606e-02,-1.0969335796e-03,-6.4643589696e-02,-5.0609525473e-02
8.9666666667e-01,1.4120701586e-18,-6.8298181463e-02,-5.4317923304e-02,-1.1003240561e-03,-6.3945999838e-02,-5.0416321330e-02
8.9733333333e-01,1.4064772081e-18,-6.7549901436e-02,-5.4102779986e-02,-1.1035823243e-03,-6.3250941527e-02,-5.0221608938e-02
8.9800000000e-01,1.4008427904e-18,-6.6804451122e-02,-5.3886041557e-02,-1.1067078231e-03,-6.2558434820e-02,-5.0025384880e-02
8.9866666667e-01,1.3951668250e-18,-6.6061851776e-02,-5.3667704920e-02,-1.1097000005e-03,-6.1868499823e-02,-4.9827645736e-02
8.9933333333e-01,1.3894492315e-18,-6.5322124698e-02,-5.3447766975e-02,-1.1125583136e-03,-6.1181156687e-02,-4.9628388081e-02
9.0000000000e-01,1.3836899290e-18,-6.4585291227e-02,-5.3226224620e-02,-1.1152822291e-03,-6.0496425607e-02,-4.9427608487e-02
9.0066666667e-01,1.3778888371e-18,-6.3851372743e-02,-5.3003074753e-02,-1.1178712232e-03,-5.9814326826e-02,-4.9225303520e-02
9.0133333333e-01,1.3720458749e-18,-6.3120390668e-02,-5.2778314269e-02,-1.1203247818e-03,-5.9134880631e-02,-4.9021469740e-02
9.0200000000e-01,1.3661609616e-18,-6.2392366467e-02,-5.2551940059e-02,-1.1226424004e-03,-5.8458107355e-02,-4.8816103706e-02
9.0266666667e-01,1.3602340165e-18,-6.1667321643e-02,-5.2323949014e-02,-1.1248235846e-03,-5.7784027377e-02,-4.8609201968e-02
9.0333333333e-01,1.3542649586e-18,-6.0945277744e-02,-5.2094338024e-02,-1.1268678501e-03,-5.7112661122e-02,-4.8400761076e-02
9.0400000000e-01,1.3482537071e-18,-6.0226256357e-02,-5.1863103974e-02,-1.1287747225e-03,-5.6444029060e-02,-4.8190777571e-02
9.0466666667e-01,1.3422001808e-18,-5.9510279111e-02,-5.1630243750e-02,-1.1305437379e-03,-5.5778151708e-02,-4.7979247992e-02
9.0533333333e-01,1.3361042989e-18,-5.8797367678e-02,-5.1395754233e-02,-1.1321744427e-03,-5.5115049629e-02,-4.7766168873e-02
9.0600000000e-01,1.3299659801e-18,-5.8087543769e-02,-5.1159632305e-02,-1.1336663941e-03,-5.4454743432e-02,-4.7551536742e-02
9.0666666667e-01,1.3237851433e-18,-5.7380829139e-02,-5.0921874843e-02,-1.1350191598e-03,-5.3797253771e-02,-4.7335348125e-02
9.0733333333e-01,1.3175617074e-18,-5.6677245583e-02,-5.0682478725e-02,-1.1362323182e-03,-5.3142601349e-02,-4.7117599540e-02
9.0800000000e-01,1.3112955911e-18,-5.5976814938e-02,-5.0441440825e-02,-1.1373054588e-03,-5.2490806912e-02,-4.6898287503e-02
9.0866666667e-01,1.3049867130e-18,-5.5279559083e-02,-5.0198758015e-02,-1.1382381824e-03,-5.1841891254e-02,-4.6677408523e-02
9.0933333333e-01,1.2986349919e-18,-5.4585499938e-02,-4.9954427165e-02,-1.1390301005e-03,-5.1195875216e-02,-4.6454959107e-02
9.1000000000e-01,1.2922403463e-18,-5.3894659466e-02,-4.9708445145e-02,-1.1396808365e-03,-5.0552779684e-02,-4.6230935754e-02
9.1066666667e-01,1.2858026947e-18,-5.3207059670e-02,-4.9460808820e-02,-1.1401900249e-03,-4.9912625592e-02,-4.6005334961e-02
9.1133333333e-01,1.2793219557e-18,-5.2522722597e-02,-4.9211515055e-02,-1.1405573120e-03,-4.9275433920e-02,-4.5778153219e-02
9.1200000000e-01,1.2727980476e-18,-5.1841670334e-02,-4.8960560711e-02,-1.1407823559e-03,-4.8641225694e-02,-4.5549387015e-02
9.1266666667e-01,1.2662308888e-18,-5.1163925009e-02,-4.8707942650e-02,-1.1408648264e-03,-4.8010021988e-02,-4.5319032830e-02
9.1333333333e-01,1.2596203977e-18,-5.0489508795e-02,-4.8453657729e-02,-1.1408044057e-03,-4.7381843921e-02,-4.5087087141e-02
9.1400000000e-01,1.2529664925e-18,-4.9818443903e-02,-4.8197702804e-02,-1.1406007877e-03,-4.6756712662e-02,-4.4853546421e-02
9.1466666667e-01,1.2462690915e-18,-4.9150752590e-02,-4.7940074730e-02,-1.1402536790e-03,-4.6134649423e-02,-4.4618407136e-02
9.1533333333e-01,1.2395281128e-18,-4.8486457151e-02,-4.7680770358e-02,-1.1397627986e-03,-4.5515675466e-02,-4.4381665750e-02
9.1600000000e-01,1.2327434745e-18,-4.7825579926e-02,-4.7419786539e-02,-1.1391278780e-03,-4.4899812099e-02,-4.4143318719e-02
9.1666666667e-01,1.2259150946e-18,-4.7168143295e-02,-4.7157120120e-02,-1.1383486615e-03,-4.4287080677e-02,-4.3903362497e-02
9.1733333333e-01,1.2190428913e-18,-4.6514169682e-02,-4.6892767947e-02,-1.1374249062e-03,-4.3677502601e-02,-4.3661793533e-02
9.1800000000e-01,1.2121267823e-18,-4.5863681550e-02,-4.6626726864e-02,-1.1363563824e-03,-4.3071099323e-02,-4.3418608269e-02
9.1866666667e-01,1.2051666857e-18,-4.5216701406e-02,-4.6358993712e-02,-1.1351428735e-03,-4.2467892337e-02,-4.3173803143e-02
9.1933333333e-01,1.1981625193e-18,-4.4573251801e-02,-4.6089565332e-02,-1.1337841763e-03,-4.1867903190e-02,-4.2927374590e-02
9.2000000000e-01,1.1911142008e-18,-4.3933355323e-02,-4.5818438560e-02,-1.1322801009e-03,-4.1271153471e-02,-4.2679319037e-02
9.2066666667e-01,1.1840216480e-18,-4.3297034608e-02,-4.5545610233e-02,-1.1306304712e-03,-4.0677664821e-02,-4.2429632909e-02
9.2133333333e-01,1.1768847785e-18,-4.2664312330e-02,-4.5271077183e-02,-1.1288351247e-03,-4.0087458927e-02,-4.2178312625e-02
9.2200000000e-01,1.1697035101e-18,-4.2035211207e-02,-4.4994836243e-02,-1.1268939130e-03,-3.9500557521e-02,-4.1925354599e-02
9.2266666667e-01,1.1624777602e-18,-4.1409753998e-02,-4.4716884241e-02,-1.1248067018e-03,-3.8916982388e-02,-4.1670755239e-02
9.2333333333e-01,1.1552074464e-18,-4.0787963507e-02,-4.4437218004e-02,-1.1225733707e-03,-3.8336755356e-02,-4.1414510951e-02
9.2400000000e-01,1.1478924862e-18,-4.0169862576e-02,-4.4155834358e-02,-1.1201938141e-03,-3.7759898303e-02,-4.1156618133e-02
9.2466666667e-01,1.1405327969e-18,-3.9555474092e-02,-4.3872730126e-02,-1.1176679405e-03,-3.7186433154e-02,-4.0897073179e-02
9.2533333333e-01,1.1331282959e-18,-3.8944820986e-02,-4.3587902129e-02,-1.1149956735e-03,-3.6616381884e-02,-4.0635872480e-02
9.2600000000e-01,1.1256789006e-18,-3.8337926227e-02,-4.3301347185e-02,-1.1121769513e-03,-3.6049766514e-02,-4.0373012419e-02
9.2666666667e-01,1.1181845281e-18,-3.7734812830e-02,-4.3013062112e-02,-1.1092117271e-03,-3.5486609112e-02,-4.0108489376e-02
9.2733333333e-01,1.1106450957e-18,-3.7135503851e-02,-4.2723043723e-02,-1.1060999693e-03,-3.4926931798e-02,-3.9842299727e-02
9.2800000000e-01,1.1030605205e-18,-3.6540022389e-02,-4.2431288832e-02,-1.1028416616e-03,-3.4370756738e-02,-3.9574439839e-02
9.2866666667e-01,1.0954307195e-18,-3.5948391585e-02,-4.2137794249e-02,-1.0994368031e-03,-3.3818106144e-02,-3.9304906078e-02
9.2933333333e-01,1.0877556099e-18,-3.5360634621e-02,-4.1842556783e-02,-1.0958854087e-03,-3.3269002281e-02,-3.9033694804e-02
9.3000000000e-01,1.0800351086e-18,-3.4776774725e-02,-4.1545573240e-02,-1.0921875089e-03,-3.2723467460e-02,-3.8760802371e-02
9.3066666667e-01,1.0722691325e-18,-3.4196835166e-02,-4.1246840423e-02,-1.0883431502e-03,-3.2181524039e-02,-3.8486225129e-02
9.3133333333e-01,1.0644575984e-18,-3.3620839254e-02,-4.0946355136e-02,-1.0843523952e-03,-3.1643194427e-02,-3.8209959422e-02
9.3200000000e-01,1.0566004232e-18,-3.3048810343e-02,-4.0644114177e-02,-1.0802153228e-03,-3.1108501081e-02,-3.7932001590e-02
9.3266666667e-01,1.0486975237e-18,-3.2480771830e-02,-4.0340114346e-02,-1.0759320284e-03,-3.0577466506e-02,-3.7652347967e-02
9.3333333333e-01,1.0407488165e-18,-3.1916747155e-02,-4.0034352437e-02,-1.0715026239e-03,-3.0050113257e-02,-3.7370994883e-02
9.3400000000e-01,1.0327542184e-18,-3.1356759799e-02,-3.9726825245e-02,-1.0669272379e-03,-2.9526463936e-02,-3.7087938662e-02
9.3466666667e-01,1.0247136457e-18,-3.0800833287e-02,-3.9417529560e-02,-1.0622060161e-03,-2.9006541196e-02,-3.6803175623e-02
9.3533333333e-01,1.0166270153e-18,-3.0248991186e-02,-3.9106462173e-02,-1.0573391212e-03,-2.8490367738e-02,-3.6516702082e-02
9.3600000000e-01,1.0084942434e-18,-2.9701257107e-02,-3.8793619871e-02,-1.0523267331e-03,-2.7977966311e-02,-3.6228514346e-02
9.3666666667e-01,1.0003152465e-18,-2.9157654702e-02,-3.8478999438e-02,-1.0471690494e-03,-2.7469359714e-02,-3.5938608721e-02
9.3733333333e-01,9.9208994105e-19,-2.8618207668e-02,-3.8162597659e-02,-1.0418662849e-03,-2.6964570796e-02,-3.5646981504e-02
9.3800000000e-01,9.8381824330e-19,-2.8082939744e-02,-3.7844411313e-02,-1.0364186726e-03,-2.6463622454e-02,-3.5353628990e-02
9.3866666667e-01,9.7550006953e-19,-2.7551874710e-02,-3.7524437180e-02,-1.0308264631e-03,-2.5966537635e-02,-3.5058547468e-02
9.3933333333e-01,9.6713533594e-19,-2.7025036392e-02,-3.7202672036e-02,-1.0250899253e-03,-2.5473339335e-02,-3.4761733221e-02
9.4000000000e-01,9.5872395868e-19,-2.6502448658e-02,-3.6879112656e-02,-1.0192093464e-03,-2.4984050600e-02,-3.4463182528e-02
9.4066666667e-01,9.5026585384e-19,-2.5984135417e-02,-3.6553755812e-02,-1.0131850320e-03,-2.4498694524e-02,-3.4162891662e-02
9.4133333333e-01,9.4176093748e-19,-2.5470120624e-02,-3.6226598275e-02,-1.0070173064e-03,-2.4017294253e-02,-3.3860856890e-02
9.4200000000e-01,9.3320912556e-19,-2.4960428275e-02,-3.5897636813e-02,-1.0007065127e-03,-2.3539872980e-02,-3.3557074477e-02
9.4266666667e-01,9.2461033401e-19,-2.4455082410e-02,-3.5566868192e-02,-9.9425301304e-04,-2.3066453949e-02,-3.3251540680e-02
9.4333333333e-01,9.1596447872e-19,-2.3954107111e-02,-3.5234289176e-02,-9.8765718861e-04,-2.2597060455e-02,-3.2944251752e-02
9.4400000000e-01,9.0727147550e-19,-2.3457526505e-02,-3.4899896525e-02,-9.8091944010e-04,-2.2131715841e-02,-3.2635203939e-02
9.4466666667e-01,8.9853124010e-19,-2.2965364760e-02,-3.4563687001e-02,-9.7404018767e-04,-2.1670443500e-02,-3.2324393485e-02
9.4533333333e-01,8.8974368824e-19,-2.2477646089e-02,-3.4225657361e-02,-9.6701987123e-04,-2.1213266876e-02,-3.2011816626e-02
9.4600000000e-01,8.8090873555e-19,-2.1994394748e-02,-3.3885804359e-02,-9.5985895057e-04,-2.0760209463e-02,-3.1697469594e-02
9.4666666667e-01,8.7202629765e-19,-2.1515635035e-02,-3.3544124749e-02,-9.5255790559e-04,-2.0311294804e-02,-3.1381348616e-02
9.4733333333e-01,8.6309629006e-19,-2.1041391292e-02,-3.3200615282e-02,-9.4511723644e-04,-1.9866546493e-02,-3.1063449912e-02
9.4800000000e-01,8.5411862827e-19,-2.0571687905e-02,-3.2855272707e-02,-9.3753746374e-04,-1.9425988175e-02,-3.0743769699e-02
9.4866666667e-01,8.4509322770e-19,-2.0106549302e-02,-3.2508093771e-02,-9.2981912874e-04,-1.8989643544e-02,-3.0422304188e-02
9.4933333333e-01,8.3602000372e-19,-1.9645999955e-02,-3.2159075217e-02,-9.2196279353e-04,-1.8557536345e-02,-3.0099049585e-02
9.5000000000e-01,8.2689887164e-19,-1.9190064380e-02,-3.1808213789e-02,-9.1396904123e-04,-1.8129690373e-02,-2.9774002089e-02
9.5066666667e-01,8.1772974673e-19,-1.8738767135e-02,-3.1455506227e-02,-9.0583847614e-04,-1.7706129474e-02,-2.9447157895e-02
9.5133333333e-01,8.0851254419e-19,-1.8292132823e-02,-3.1100949268e-02,-8.9757172399e-04,-1.7286877545e-02,-2.9118513193e-02
9.5200000000e-01,7.9924717915e-19,-1.7850186090e-02,-3.0744539649e-02,-8.8916943208e-04,-1.6871958534e-02,-2.8788064168e-02
9.5266666667e-01,7.8993356671e-19,-1.7412951625e-02,-3.0386274103e-02,-8.8063226950e-04,-1.6461396437e-02,-2.8455806999e-02
9.5333333333e-01,7.8057162191e-19,-1.6980454160e-02,-3.0026149362e-02,-8.7196092731e-04,-1.6055215305e-02,-2.8121737858e-02
9.5400000000e-01,7.7116125970e-19,-1.6552718472e-02,-2.9664162155e-02,-8.6315611876e-04,-1.5653439237e-02,-2.7785852915e-02
9.5466666667e-01,7.6170239503e-19,-1.6129769381e-02,-2.9300309210e-02,-8.5421857945e-04,-1.5256092383e-02,-2.7448148333e-02
9.5533333333e-01,7.5219494274e-19,-1.5711631751e-02,-2.8934587252e-02,-8.4514906755e-04,-1.4863198946e-02,-2.7108620269e-02
9.5600000000e-01,7.4263881765e-19,-1.5298330489e-02,-2.8566993002e-02,-8.3594836399e-04,-1.4474783177e-02,-2.6767264876e-02
9.5666666667e-01,7.3303393450e-19,-1.4889890545e-02,-2.8197523183e-02,-8.2661727267e-04,-1.4090869383e-02,-2.6424078300e-02
9.5733333333e-01,7.2338020800e-19,-1.4486336914e-02,-2.7826174513e-02,-8.1715662062e-04,-1.3711481917e-02,-2.6079056683e-02
9.5800000000e-01,7.1367755276e-19,-1.4087694636e-02,-2.7452943707e-02,-8.0756725828e-04,-1.3336645186e-02,-2.5732196161e-02
9.5866666667e-01,7.0392588338e-19,-1.3693988791e-02,-2.7077827481e-02,-7.9785005960e-04,-1.2966383649e-02,-2.5383492865e-02
9.5933333333e-01,6.9412511438e-19,-1.3305244506e-02,-2.6700822545e-02,-7.8800592234e-04,-1.2600721815e-02,-2.5032942920e-02
9.6000000000e-01,6.8427516023e-19,-1.2921486951e-02,-2.6321925611e-02,-7.7803576820e-04,-1.2239684246e-02,-2.4680542447e-02
9.6066666667e-01,6.7437593532e-19,-1.2542741339e-02,-2.5941133385e-02,-7.6794054306e-04,-1.1883295553e-02,-2.4326287559e-02
9.6133333333e-01,6.6442735402e-19,-1.2169032927e-02,-2.5558442572e-02,-7.5772121721e-04,-1.1531580402e-02,-2.3970174366e-02
9.6200000000e-01,6.5442933063e-19,-1.1800387018e-02,-2.5173849877e-02,-7.4737878549e-04,-1.1184563508e-02,-2.3612198972e-02
9.6266666667e-01,6.4438177937e-19,-1.1436828956e-02,-2.4787352000e-02,-7.3691426756e-04,-1.0842269640e-02,-2.3252357474e-02
9.6333333333e-01,6.3428461443e-19,-1.1078384130e-02,-2.4398945640e-02,-7.2632870807e-04,-1.0504723617e-02,-2.2890645965e-02
9.6400000000e-01,6.2413774994e-19,-1.0725077975e-02,-2.4008627493e-02,-7.1562317690e-04,-1.0171950312e-02,-2.2527060532e-02
9.6466666667e-01,6.1394109996e-19,-1.0376935968e-02,-2.3616394255e-02,-7.0479876936e-04,-9.8439746478e-03,-2.2161597257e-02
9.6533333333e-01,6.0369457850e-19,-1.0033983629e-02,-2.3222242616e-02,-6.9385660640e-04,-9.5208216014e-03,-2.1794252217e-02
9.6600000000e-01,5.9339809952e-19,-9.6962465252e-03,-2.2826169268e-02,-6.8279783481e-04,-9.2025162008e-03,-2.1425021481e-02
9.6666666667e-01,5.8305157690e-19,-9.3637502652e-03,-2.2428170898e-02,-6.7162362746e-04,-8.8890835267e-03,-2.1053901116e-02
9.6733333333e-01,5.7265492450e-19,-9.0365205030e-03,-2.2028244191e-02,-6.6033518352e-04,-8.5805487118e-03,-2.0680887181e-02
9.6800000000e-01,5.6220805608e-19,-8.7145829367e-03,-2.1626385832e-02,-6.4893372864e-04,-8.2769369416e-03,-2.0305975729e-02
9.6866666667e-01,5.5171088538e-19,-8.3979633085e-03,-2.1222592500e-02,-6.3742051520e-04,-7.9782734540e-03,-1.9929162810e-02
9.6933333333e-01,5.4116332605e-19,-8.0866874047e-03,-2.0816860876e-02,-6.2579682253e-04,-7.6845835392e-03,-1.9550444467e-02
9.7000000000e-01,5.3056529171e-19,-7.7807810561e-03,-2.0409187637e-02,-6.1406395712e-04,-7.3958925405e-03,-1.9169816736e-02
9.7066666667e-01,5.1991669591e-19,-7.4802701376e-03,-1.9999569456e-02,-6.0222325283e-04,-7.1122258535e-03,-1.8787275651e-02
9.7133333333e-01,5.0921745214e-19,-7.1851805685e-03,-1.9588003005e-02,-5.9027607113e-04,-6.8336089268e-03,-1.8402817236e-02
9.7200000000e-01,4.9846747384e-19,-6.8955383126e-03,-1.9174484956e-02,-5.7822380133e-04,-6.5600672620e-03,-1.8016437514e-02
9.7266666667e-01,4.8766667438e-19,-6.6113693778e-03,-1.8759011976e-02,-5.6606786078e-04,-6.2916264133e-03,-1.7628132499e-02
9.7333333333e-01,4.7681496708e-19,-6.3326998167e-03,-1.8341580731e-02,-5.5380969513e-04,-6.0283119881e-03,-1.7237898200e-02
9.7400000000e-01,4.6591226522e-19,-6.0595557261e-03,-1.7922187884e-02,-5.4145077853e-04,-5.7701496470e-03,-1.6845730622e-02
9.7466666667e-01,4.5495848198e-19,-5.7919632475e-03,-1.7500830097e-02,-5.2899261386e-04,-5.5171651036e-03,-1.6451625762e-02
9.7533333333e-01,4.4395353052e-19,-5.5299485667e-03,-1.7077504028e-02,-5.1643673297e-04,-5.2693841247e-03,-1.6055579614e-02
9.7600000000e-01,4.3289732393e-19,-5.2735379143e-03,-1.6652206334e-02,-5.0378469692e-04,-5.0268325306e-03,-1.5657588163e-02
9.7666666667e-01,4.2178977524e-19,-5.0227575651e-03,-1.6224933671e-02,-4.9103809619e-04,-4.7895361950e-03,-1.5257647393e-02
9.7733333333e-01,4.1063079742e-19,-4.7776338388e-03,-1.5795682689e-02,-4.7819855092e-04,-4.5575210448e-03,-1.4855753278e-02
9.7800000000e-01,3.9942030339e-19,-4.5381930996e-03,-1.5364450040e-02,-4.6526771115e-04,-4.3308130606e-03,-1.4451901788e-02
9.7866666667e-01,3.8815820600e-19,-4.3044617564e-03,-1.4931232372e-02,-4.5224725707e-04,-4.1094382767e-03,-1.4046088887e-02
9.7933333333e-01,3.7684441805e-19,-4.0764662628e-03,-1.4496026329e-02,-4.3913889921e-04,-3.8934227811e-03,-1.3638310534e-02
9.8000000000e-01,3.6547885229e-19,-3.8542331170e-03,-1.4058828555e-02,-4.2594437874e-04,-3.6827927153e-03,-1.3228562683e-02
9.8066666667e-01,3.5406142140e-19,-3.6377888620e-03,-1.3619635692e-02,-4.1266546766e-04,-3.4775742750e-03,-1.2816841279e-02
9.8133333333e-01,3.4259203799e-19,-3.4271600856e-03,-1.3178444379e-02,-3.9930396906e-04,-3.2777937095e-03,-1.2403142265e-02
9.8200000000e-01,3.3107061465e-19,-3.2223734205e-03,-1.2735251252e-02,-3.8586171735e-04,-3.0834773224e-03,-1.1987461576e-02
9.8266666667e-01,3.1949706387e-19,-3.0234555440e-03,-1.2290052945e-02,-3.7234057854e-04,-2.8946514712e-03,-1.1569795141e-02
9.8333333333e-01,3.0787129810e-19,-2.8304331785e-03,-1.1842846091e-02,-3.5874245043e-04,-2.7113425674e-03,-1.1150138887e-02
9.8400000000e-01,2.9619322974e-19,-2.6433330912e-03,-1.1393627319e-02,-3.4506926289e-04,-2.5335770772e-03,-1.0728488729e-02
9.8466666667e-01,2.8446277112e-19,-2.4621820941e-03,-1.0942393259e-02,-3.3132297811e-04,-2.3613815206e-03,-1.0304840583e-02
9.8533333333e-01,2.7267983451e-19,-2.2870070444e-03,-1.0489140534e-02,-3.1750559083e-04,-2.1947824723e-03,-9.8791903529e-03
9.8600000000e-01,2.6084433213e-19,-2.1178348440e-03,-1.0033865768e-02,-3.0361912858e-04,-2.0338065612e-03,-9.4515339415e-03
9.8666666667e-01,2.4895617613e-19,-1.9546924401e-03,-9.5765655828e-03,-2.8966565198e-04,-1.8784804711e-03,-9.0218672435e-03
9.8733333333e-01,2.3701527863e-19,-1.7976068248e-03,-9.1172365962e-03,-2.7564725491e-04,-1.7288309401e-03,-8.5901861484e-03
9.8800000000e-01,2.2502155165e-19,-1.6466050353e-03,-8.6558754249e-03,-2.6156606486e-04,-1.5848847610e-03,-8.1564865399e-03
9.8866666667e-01,2.1297490717e-19,-1.5017141538e-03,-8.1924786831e-03,-2.4742424311e-04,-1.4466687816e-03,-7.7207642958e-03
9.8933333333e-01,2.0087525713e-19,-1.3629613079e-03,-7.7270429828e-03,-2.3322398500e-04,-1.3142099044e-03,-7.2830152879e-03
9.9000000000e-01,1.8872251338e-19,-1.2303736700e-03,-7.2595649337e-03,-2.1896752021e-04,-1.1875350867e-03,-6.8432353823e-03
9.9066666667e-01,1.7651658773e-19,-1.1039784581e-03,-6.7900411432e-03,-2.0465711300e-04,-1.0666713410e-03,-6.4014204394e-03
9.9133333333e-01,1.6425739192e-19,-9.8380293501e-04,-6.3184682165e-03,-1.9029506249e-04,-9.5164573490e-04,-5.9575663134e-03
9.9200000000e-01,1.5194483765e-19,-8.6987440914e-04,-5.8448427564e-03,-1.7588370287e-04,-8.4248539095e-04,-5.5116688528e-03
9.9266666667e-01,1.3957883655e-19,-7.6222023403e-04,-5.3691613637e-03,-1.6142540373e-04,-7.3921748709e-04,-5.0637239002e-03
9.9333333333e-01,1.2715930017e-19,-6.6086780855e-04,-4.8914206366e-03,-1.4692257026e-04,-6.4186925654e-04,-4.6137272923e-03
9.9400000000e-01,1.1468614004e-19,-5.6584457694e-04,-4.4116171714e-03,-1.3237764356e-04,-5.5046798793e-04,-4.1616748598e-03
9.9466666667e-01,1.0215926761e-19,-4.7717802879e-04,-3.9297475619e-03,-1.1779310089e-04,-4.6504102533e-04,-3.7075624277e-03
9.9533333333e-01,8.9578594270e-20,-3.9489569912e-04,-3.4458083995e-03,-1.0317145593e-04,-3.8561576838e-04,-3.2513858147e-03
9.9600000000e-01,7.6944031351e-20,-3.1902516839e-04,-2.9597962737e-03,-8.8515259047e-05,-3.1221967235e-04,-2.7931408339e-03
9.9666666667e-01,6.4255490131e-20,-2.4959406252e-04,-2.4717077714e-03,-7.3827097581e-05,-2.4488024823e-04,-2.3328232922e-03
9.9733333333e-01,5.1512881826e-20,-1.8663005293e-04,-1.9815394775e-03,-5.9109596104e-05,-1.8362506277e-04,-1.8704289909e-03
9.9800000000e-01,3.8716117593e-20,-1.3016085657e-04,-1.4892879743e-03,-4.4365416694e-05,-1.2848173861e-04,-1.4059537249e-03
9.9866666667e-01,2.5865108528e-20,-8.0214235961e-05,-9.9494984206e-04,-2.9597259209e-05,-7.9477954341e-05,-9.3939328330e-04
9.9933333333e-01,1.2959765671e-20,-3.6817999194e-05,-4.9852165876e-04,-1.4807861563e-05,-3.6641444564e-05,-4.7074344930e-04
1.0000000000e+00,0.0000000000e+00,0.0000000000e+00,0.0000000000e+00,0.0000000000e+00,0.0000000000e+00,0.0000000000e+00
